{
  "type" : "FeatureCollection",
  "name" : "boundaries_relational",
  "crs" : {
    "type" : "name",
    "properties" : {
      "name" : "urn:ogc:def:crs:OGC:1.3:CRS84"
    }
  },
  "metadata" : {
    "country" : "azerbaijan",
    "continent" : "asia",
    "admin_levels" : [ "2", "5", "8" ],
    "country_codes" : [ "AZ" ],
    "fetch_nodes" : false,
    "warning_messages" : [ "More than 10% of boundaries have no parent boundary reference" ],
    "relations_raw_count" : 188,
    "ways_raw_count" : 686,
    "nodes_raw_count" : 30207,
    "relations_raw_count_after_removal" : 181,
    "fetched_ways_count" : 0,
    "fetched_nodes_count" : null,
    "ways_simplified_count" : 686,
    "built_boundaries_count" : 92,
    "boundary_centres_count" : 97,
    "missing_parent_boundary_references_count" : 12,
    "missing_country_code_count" : 0,
    "final_boundaries_count" : 80,
    "final_country_codes" : [ "AZ" ],
    "final_admin_levels" : [ "2", "5", "8" ],
    "final_boundary_centres_count" : 80,
    "boundary_count_per_admin_level" : {
      "2" : 1,
      "5" : 78,
      "8" : 1
    },
    "admin_centres_from_osm_percentage" : 0.9875
  },
  "features" : [ {
    "type" : "Feature",
    "properties" : {
      "osm_id" : "11871223",
      "admin_level" : "5",
      "country_code" : "AZ",
      "name" : "Qubadlı Rayonu",
      "population" : null,
      "wikidata" : "Q644048",
      "wikipedia" : "en:Qubadli District",
      "name_props" : {
        "name:az" : "Qubadlı Rayonu",
        "name:en" : "Qubadli District",
        "name:fa" : "شهرستان قبادلی",
        "name:ru" : "Губадлинский район",
        "name:uk" : "Кубадлинський район"
      },
      "parent_boundary_id" : "364110"
    },
    "geometry" : {
      "type" : "MultiPolygon",
      "coordinates" : [ [ [ [ 46.3857927, 39.4284325 ], [ 46.38016, 39.43536 ], [ 46.38078, 39.4364 ], [ 46.38558, 39.44128 ], [ 46.3950242, 39.4430035 ], [ 46.3903717, 39.4470004 ], [ 46.3905465, 39.45316230000001 ], [ 46.3920027, 39.4555009 ], [ 46.3959052, 39.4567152 ], [ 46.4067973, 39.453612 ], [ 46.4107581, 39.4535221 ], [ 46.4148354, 39.45455649999999 ], [ 46.4195581, 39.458095 ], [ 46.4225239, 39.4579744 ], [ 46.4320473, 39.4564004 ], [ 46.4488125, 39.4466755 ], [ 46.45828, 39.4493397 ], [ 46.4696529, 39.4633393 ], [ 46.48060859999999, 39.4708431 ], [ 46.4840603, 39.4759228 ], [ 46.4805578, 39.4816034 ], [ 46.4846083, 39.4833488 ], [ 46.4908989, 39.483079 ], [ 46.4946267, 39.481101 ], [ 46.4980113, 39.4814623 ], [ 46.4994722, 39.4842505 ], [ 46.5011031, 39.4842056 ], [ 46.5020933, 39.482767 ], [ 46.5053551, 39.4829468 ], [ 46.5112962, 39.4766977 ], [ 46.5141503, 39.4755737 ], [ 46.5151988, 39.4731458 ], [ 46.5180529, 39.4750342 ], [ 46.5234698, 39.4730559 ], [ 46.5261492, 39.4737303 ], [ 46.5313914, 39.467885 ], [ 46.5344202, 39.4676602 ], [ 46.5491561, 39.4573299 ], [ 46.5588378, 39.4563756 ], [ 46.5684509, 39.4569588 ], [ 46.5994272, 39.4631194 ], [ 46.608757, 39.4576425 ], [ 46.6201897, 39.460598 ], [ 46.6200609, 39.47652 ], [ 46.6308689, 39.4819842 ], [ 46.6364478, 39.4886748 ], [ 46.6319846, 39.4935764 ], [ 46.6305751, 39.5000022 ], [ 46.6326284, 39.5040407 ], [ 46.6375102, 39.506307 ], [ 46.6450309, 39.5066235 ], [ 46.6483354, 39.5099345 ], [ 46.6509961, 39.5095372 ], [ 46.6524123, 39.511888 ], [ 46.6579484, 39.5127157 ], [ 46.6615172, 39.5105517 ], [ 46.668806, 39.5134441 ], [ 46.6802197, 39.5120416 ], [ 46.6891777, 39.5199653 ], [ 46.7006491, 39.5270834 ], [ 46.7231367, 39.5301287 ], [ 46.736183, 39.5348949 ], [ 46.7540358, 39.534233 ], [ 46.7675157, 39.5267165 ], [ 46.7666569, 39.5209575 ], [ 46.7746678, 39.4644838 ], [ 46.7688541, 39.45976979999999 ], [ 46.7582682, 39.456552 ], [ 46.75413729999999, 39.452692 ], [ 46.7492642, 39.4526431 ], [ 46.7444897, 39.44953309999999 ], [ 46.7323298, 39.4425711 ], [ 46.7299826, 39.4424887 ], [ 46.7233676, 39.4391434 ], [ 46.7189804, 39.4353365 ], [ 46.715354, 39.429536 ], [ 46.7131864, 39.4291242 ], [ 46.7138245, 39.4278955 ], [ 46.7121026, 39.4277942 ], [ 46.7124697, 39.4267613 ], [ 46.7058987, 39.4224293 ], [ 46.7037273, 39.41803 ], [ 46.7003541, 39.4165952 ], [ 46.6890777, 39.3994946 ], [ 46.6877729, 39.3951613 ], [ 46.6918523, 39.3922471 ], [ 46.6986501, 39.3813148 ], [ 46.7147176, 39.3691068 ], [ 46.72604719999999, 39.3643822 ], [ 46.7358663, 39.3556224 ], [ 46.7438314, 39.3505253 ], [ 46.7603109, 39.3239186 ], [ 46.7661473, 39.3168537 ], [ 46.7754857, 39.3090442 ], [ 46.7952611, 39.2823155 ], [ 46.8060415, 39.2752463 ], [ 46.8069341, 39.2719507 ], [ 46.8028142, 39.2634451 ], [ 46.8034322, 39.2575969 ], [ 46.810642, 39.25073789999998 ], [ 46.8188817, 39.2472285 ], [ 46.8488882, 39.237979799999984 ], [ 46.8329339, 39.2374615 ], [ 46.8268202, 39.2362422 ], [ 46.8143748, 39.2300592 ], [ 46.8040752, 39.2285965 ], [ 46.7948054, 39.2250061 ], [ 46.7877673, 39.2187558 ], [ 46.7758369, 39.2113743 ], [ 46.7736911, 39.2027283 ], [ 46.7691421, 39.1987375 ], [ 46.7626189, 39.1978728 ], [ 46.7585021, 39.2001722 ], [ 46.7486286, 39.2014646 ], [ 46.7360544, 39.1947132 ], [ 46.724993, 39.19455520000001 ], [ 46.7222357, 39.1896742 ], [ 46.7133379, 39.1894361 ], [ 46.7133092, 39.1828386 ], [ 46.72420970000001, 39.1795452 ], [ 46.7261838, 39.1745551 ], [ 46.7080307, 39.1611464 ], [ 46.7018079, 39.1546906 ], [ 46.7021942, 39.1529934 ], [ 46.7037391, 39.1524942 ], [ 46.7164635, 39.15509 ], [ 46.7118501, 39.1393809 ], [ 46.7092323, 39.1377166 ], [ 46.6951246, 39.1355176 ], [ 46.68768879999999, 39.13279 ], [ 46.677947, 39.1341548 ], [ 46.6635819, 39.1323752 ], [ 46.6687202, 39.1403129 ], [ 46.66327, 39.1512296 ], [ 46.6661452, 39.1614791 ], [ 46.6627979, 39.17588580000001 ], [ 46.6562748, 39.1840361 ], [ 46.6680335, 39.1956778 ], [ 46.6618537, 39.2005999 ], [ 46.659093, 39.2141254 ], [ 46.6604697, 39.2203018 ], [ 46.658638, 39.2261278 ], [ 46.6643887, 39.2317326 ], [ 46.6641054, 39.2329691 ], [ 46.6408252, 39.2402972 ], [ 46.6380301, 39.2388127 ], [ 46.637558, 39.2297646 ], [ 46.635129, 39.2293457 ], [ 46.6333087, 39.2309119 ], [ 46.6107405, 39.2353656 ], [ 46.5950518, 39.2344761 ], [ 46.5896931, 39.23555889999999 ], [ 46.5785098, 39.2451226 ], [ 46.5781603, 39.2503551 ], [ 46.5718064, 39.2556614 ], [ 46.5574735, 39.2540668 ], [ 46.5529429, 39.2548322 ], [ 46.5512131, 39.2588505 ], [ 46.5470497, 39.2601005 ], [ 46.5196425, 39.2986771 ], [ 46.5219786, 39.3013895 ], [ 46.5350259, 39.3037783 ], [ 46.5369933, 39.3077846 ], [ 46.5373557, 39.3091867 ], [ 46.528677, 39.3159465 ], [ 46.52776, 39.3203 ], [ 46.51414, 39.32803 ], [ 46.5117, 39.33603 ], [ 46.50301, 39.34357 ], [ 46.49558, 39.34463 ], [ 46.48839, 39.34118 ], [ 46.48561, 39.33964 ], [ 46.48323, 39.33405 ], [ 46.48106, 39.33204 ], [ 46.47836, 39.33155 ], [ 46.4681178, 39.3319116 ], [ 46.4667848, 39.3346003 ], [ 46.4596039, 39.3382216 ], [ 46.4500641, 39.3390472 ], [ 46.4497217, 39.33985209999999 ], [ 46.4517422, 39.33985 ], [ 46.4483971, 39.3431081 ], [ 46.4485263, 39.3444596 ], [ 46.4468001, 39.3441945 ], [ 46.4464828, 39.3482666 ], [ 46.4433758, 39.3446105 ], [ 46.4407623, 39.348925 ], [ 46.4357366, 39.3516424 ], [ 46.4325498, 39.3518968 ], [ 46.4312149, 39.3541986 ], [ 46.4262829, 39.3558588 ], [ 46.4209724, 39.3602581 ], [ 46.4183016, 39.3614211 ], [ 46.4135938, 39.360411 ], [ 46.4162927, 39.3618303 ], [ 46.4085252, 39.3611218 ], [ 46.4092862, 39.36407950000001 ], [ 46.4128166, 39.3657951 ], [ 46.4111794, 39.3662882 ], [ 46.4046863, 39.368725 ], [ 46.4050484, 39.3714765 ], [ 46.4031937, 39.3755034 ], [ 46.4028676, 39.3799283 ], [ 46.3995296, 39.3802363 ], [ 46.3990381, 39.3829257 ], [ 46.392697, 39.3843403 ], [ 46.3927156, 39.3861345 ], [ 46.38879510000001, 39.3878766 ], [ 46.3886749, 39.3889787 ], [ 46.3949713, 39.3924819 ], [ 46.3878382, 39.3954279 ], [ 46.3832755, 39.4015252 ], [ 46.3872237, 39.4034288 ], [ 46.3895975, 39.4066246 ], [ 46.3900991, 39.4082701 ], [ 46.3889296, 39.4075613 ], [ 46.3893642, 39.4093612 ], [ 46.3878433, 39.411248 ], [ 46.3911335, 39.4127817 ], [ 46.3857927, 39.4284325 ] ] ] ]
    }
  }, {
    "type" : "Feature",
    "properties" : {
      "osm_id" : "364110",
      "admin_level" : "2",
      "country_code" : "AZ",
      "name" : "Azərbaycan",
      "population" : "9105000",
      "wikidata" : "Q227",
      "wikipedia" : "az:Azərbaycan",
      "name_props" : {
        "name:ab" : "Азербаиџьан",
        "name:af" : "Azerbeidjan",
        "name:ak" : "Azerbaijan",
        "name:am" : "አዘርባይጃን",
        "name:an" : "Azerbaichán",
        "name:ar" : "أذربيجان",
        "name:as" : "আজেৰবাইজান",
        "name:av" : "Азарбижан",
        "name:az" : "Azərbaycan",
        "name:ba" : "Әзербайжан",
        "name:be" : "Азербайджа́н",
        "name:bg" : "Азербайджан",
        "name:bh" : "अज़रबैजान",
        "name:bi" : "Azerbaijan",
        "name:bm" : "Azɛrbayjaŋ",
        "name:bn" : "আজারবাইজান",
        "name:bo" : "ཨ་ཛར་བཡི་ཇན།",
        "name:br" : "Azerbaidjan",
        "name:bs" : "Azerbejdžan",
        "name:ca" : "Azerbaidjan",
        "name:ce" : "Азербайджа́н",
        "name:co" : "Azerbaighjan",
        "name:cs" : "Ázerbájdžán",
        "name:cu" : "Аꙁѣрбаича́нъ",
        "name:cv" : "Азербайджан",
        "name:cy" : "Aserbaijan",
        "name:da" : "Aserbajdsjan",
        "name:de" : "Aserbaidschan",
        "name:dv" : "އަޒަރުބައިޖާން",
        "name:dz" : "ཨཛར་བཡེ་ཇན།",
        "name:ee" : "Azerbaijan",
        "name:el" : "Αζερμπαϊτζάν",
        "name:en" : "Azerbaijan",
        "name:eo" : "Azerbajĝano",
        "name:es" : "Azerbaiyán",
        "name:et" : "Aserbaidžaan",
        "name:eu" : "Azerbaijan",
        "name:fa" : "آذربایجان",
        "name:ff" : "Aserbayjan",
        "name:fi" : "Azerbaidžan",
        "name:fo" : "Aserbadsjan",
        "name:fr" : "Azerbaïdjan",
        "name:fy" : "Azerbeidzjan",
        "name:ga" : "an Asarbaiseáin",
        "name:gd" : "Asarbaideàn",
        "name:gl" : "Acerbaixán",
        "name:gn" : "Aservaijã",
        "name:gu" : "અઝેરબીજાન",
        "name:gv" : "yn Asserbajaan",
        "name:ha" : "Azerbaijan",
        "name:he" : "אָזַרְבַּיְיגָ'ן",
        "name:hi" : "अज़रबैजान",
        "name:hr" : "Azerbajdžan",
        "name:ht" : "Azerbaydjan",
        "name:hu" : "Azerbajdzsán",
        "name:hy" : "Ադրբեջան",
        "name:ia" : "Azerbaidzhan",
        "name:id" : "Azerbaijan",
        "name:ie" : "Azerbaidjan",
        "name:io" : "Azerbaijan",
        "name:is" : "Aserbaísjan",
        "name:it" : "Azerbaigian",
        "name:ja" : "アゼルバイジャン",
        "name:jv" : "Azerbaijan",
        "name:ka" : "აზერბაიჯანი",
        "name:kg" : "Azerbaidjan",
        "name:ki" : "Azerbaijan",
        "name:kk" : "Әзірбайжан",
        "name:kl" : "Aserbajdsjan",
        "name:km" : "អាស៊ែបៃហ្សង់",
        "name:kn" : "ಅಜೆರ್ಬೈಜಾನ್",
        "name:ko" : "아제르바이잔",
        "name:ks" : "آزَرباجان",
        "name:ku" : "Azerbaycan",
        "name:kv" : "Азербайджа́н",
        "name:kw" : "Azerbayjan",
        "name:ky" : "Азербайжан",
        "name:la" : "Atropatene",
        "name:lb" : "Aserbaidschan",
        "name:lg" : "Azerebayijaani",
        "name:li" : "Azerbaidzjan",
        "name:ln" : "Azɛrbayzáni",
        "name:lo" : "ປະເທດອາແຊກບາຍຊັງ",
        "name:lt" : "Azerbaidžanas",
        "name:lv" : "Azerbaidžāna",
        "name:mg" : "Azerbaijana",
        "name:mi" : "Atepaihānia",
        "name:mk" : "Азербејџан",
        "name:ml" : "അസർബെയ്ജാൻ",
        "name:mn" : "Азербайжан",
        "name:mo" : "Азербаиӂан",
        "name:mr" : "अझरबैजान",
        "name:ms" : "Azerbaijan",
        "name:mt" : "Ażerbajġan",
        "name:my" : "အဇာဘိုင်ဂျန်နိုင်ငံ",
        "name:na" : "Aderbaidjan",
        "name:ne" : "अजरबैजान",
        "name:nl" : "Azerbeidzjan",
        "name:nn" : "Aserbajdsjan",
        "name:no" : "Aserbajdsjan",
        "name:nv" : "Azééwii Bikéyah",
        "name:ny" : "Azerbaijan",
        "name:oc" : "Azerbaitjan",
        "name:om" : "Azarbaajan",
        "name:or" : "ଆଜରବାଇଜାନ",
        "name:os" : "Азербайджан",
        "name:pa" : "ਅਜ਼ਰਬਾਈਜਾਨ",
        "name:pi" : "अजर्बैजान",
        "name:pl" : "Azerbejdżan",
        "name:ps" : "آزربایجان",
        "name:pt" : "Azerbaijão",
        "name:qu" : "Asarsuyu",
        "name:rm" : "Aserbeidschan",
        "name:ro" : "Azerbaidjan",
        "name:ru" : "Азербайджан",
        "name:rw" : "Azeribayijani",
        "name:sa" : "अजर्बैजान",
        "name:sc" : "Azerbaigián",
        "name:se" : "Azerbaižan",
        "name:sg" : "Zerebaidyäan",
        "name:sh" : "Azerbejdžan",
        "name:si" : "අසර්බයිජානය",
        "name:sk" : "Azerbajdžan",
        "name:sl" : "Azerbajdžan",
        "name:sm" : "Azerbaijin",
        "name:sn" : "Azerbaijan",
        "name:so" : "Aserbiijaan",
        "name:sq" : "Azerbajxhani",
        "name:sr" : "Азербејџан",
        "name:ss" : "iZebajani",
        "name:su" : "Azerbaijan",
        "name:sv" : "Azerbajdzjan",
        "name:sw" : "Azerbaijan",
        "name:ta" : "அசர்பைஜான்",
        "name:te" : "అజర్‌బైజాన్",
        "name:tg" : "Озарбойҷон",
        "name:th" : "อาเซอร์ไบจาน",
        "name:ti" : "አዘርባጃን",
        "name:tk" : "Azerbaýjan",
        "name:tl" : "Aserbayan",
        "name:to" : "ʻAsapaisani",
        "name:tr" : "Azerbaycan",
        "name:ts" : "Azerbaijan",
        "name:tt" : "Азәрбайҗан",
        "name:tw" : "Azerbaijan",
        "name:ty" : "Atepaihānia",
        "name:ug" : "ئەزەربەيجان",
        "name:uk" : "Азербайджан",
        "name:ur" : "آذربائیجان",
        "name:uz" : "Ozarbayjon",
        "name:vi" : "Azerbaijan",
        "name:vo" : "Lasärbäcän",
        "name:wo" : "Aserbayjaan",
        "name:yi" : "אַזערבײַדזשאַן",
        "name:yo" : "Azerbaijan",
        "name:za" : "Ahsehbaiqgyangh",
        "name:zh" : "亞塞拜然 / 阿塞拜疆",
        "name:zu" : "Azerbaijan",
        "name:ace" : "Azèrbaijan",
        "name:ady" : "Азербайджан",
        "name:als" : "Aserbaidschan",
        "name:ang" : "Azerbaijan",
        "name:arc" : "ܐܙܪܒܝܓܐܢ",
        "name:arz" : "اذيربايجان",
        "name:ast" : "Azerbaixán",
        "name:azb" : "آذربایجان",
        "name:bar" : "Aserbaidschan",
        "name:bcl" : "Aserbayhan",
        "name:bpy" : "আজারবাইজান",
        "name:bxr" : "Азербайджан",
        "name:cdo" : "Azerbaijan",
        "name:ceb" : "Aserbaiyan",
        "name:chr" : "ᎠᏎᏆᏣᏂ",
        "name:ckb" : "ئازەربایجان",
        "name:cnr" : "Azerbajdžan",
        "name:crh" : "Azerbaycan",
        "name:csb" : "Azerbejdżan",
        "name:diq" : "Azerbaycan",
        "name:dsb" : "Azerbajdžan",
        "name:dty" : "अज़रबैजान",
        "name:ext" : "Azerbaiyán",
        "name:frp" : "Azèrbayidj·an",
        "name:frr" : "Aserbaidschan",
        "name:fur" : "Azerbaigian",
        "name:gag" : "Azerbaycan",
        "name:glk" : "آذربایجؤن",
        "name:gom" : "अझरबैजान",
        "name:grc" : "Ἀτροπατηνή",
        "name:hak" : "Â-set-pai-kiông",
        "name:haw" : "ʻAkepaikana",
        "name:hif" : "Azerbaijan",
        "name:hsb" : "Azerbajdźan",
        "name:ilo" : "Azerbaijan",
        "name:jam" : "Azabaijan",
        "name:jbo" : "azerbaidjan",
        "name:kaa" : "A'zerbayjan",
        "name:kab" : "Azerbijan",
        "name:kbd" : "Азэрбиджан",
        "name:kbp" : "Azɛrbayɩjanɩ",
        "name:krc" : "Азербайджан",
        "name:ksh" : "Asserbaidschahn",
        "name:lad" : "Azerbaidjan",
        "name:lbe" : "Азирбижан",
        "name:lez" : "Азербайжан",
        "name:lij" : "Azerbaijan",
        "name:lmo" : "Azerbaigian",
        "name:lrc" : "آزربایجان",
        "name:ltg" : "Azerbaidžans",
        "name:lzh" : "阿塞拜疆",
        "name:mai" : "अजरबैजान",
        "name:mdf" : "Азербайджан",
        "name:mhr" : "Азербайджан",
        "name:min" : "Azerbaijan",
        "name:mrj" : "Азербайджан",
        "name:mwl" : "Azerbaijon",
        "name:myv" : "Азербайджан",
        "name:mzn" : "آذربایجون",
        "name:nah" : "Azerbaiyan",
        "name:nan" : "Azerbaijan",
        "name:nap" : "Azerbaijan",
        "name:nds" : "Aserbaidschan",
        "name:new" : "अजरबैजान",
        "name:nov" : "Aserbaijan",
        "name:olo" : "Azerbaidžuanu",
        "name:pag" : "Azerbaijan",
        "name:pam" : "Azerbaijan",
        "name:pap" : "Azerbaijan",
        "name:pcd" : "Azerbaïdjan",
        "name:pdc" : "Aserbaidschan",
        "name:pih" : "Eserbeyjan",
        "name:pms" : "Aserbaigian",
        "name:pnb" : "آذربائیجان",
        "name:pnt" : "Αζερμπαϊτζάν",
        "name:rue" : "Азербайджан",
        "name:sah" : "Азербайдьан",
        "name:scn" : "Azzirbaiggian",
        "name:sco" : "Azerbaijan",
        "name:smn" : "Azerbaidžan",
        "name:sms" : "Azerbaidžaan",
        "name:srn" : "Azerbaijanikondre",
        "name:stq" : "Aserbaidschan",
        "name:syc" : "ܐܙܪܒܝܓܐܢ",
        "name:szl" : "Azerbejdżōn",
        "name:tet" : "Azerbaijaun",
        "name:tpi" : "Azerbaijan",
        "name:tum" : "Azerbaijan",
        "name:tyv" : "Азербайджан",
        "name:tzl" : "Adarbaixhan",
        "name:udm" : "Азербайджан",
        "name:vec" : "Azerbaigian",
        "name:vep" : "Azerbaidžan",
        "name:vls" : "Azerbeidzjan",
        "name:vro" : "Asõrbaidžaan",
        "name:war" : "Aserbaiyan",
        "name:wuu" : "阿塞拜疆",
        "name:xal" : "Азермудин Орн",
        "name:xmf" : "აზერბაიჯანი",
        "name:yue" : "阿塞拜疆",
        "name:zea" : "Aâzerbeidzjan",
        "name:az-cyr" : "Азәрбајҹан",
        "name:nds-nl" : "Azerbeidzjan",
        "name:bat-smg" : "Azėrbaidžians",
        "name:cbk-zam" : "Azerbaiyán",
        "name:roa-rup" : "Azerbaigian",
        "name:zh-Hans" : "阿塞拜疆",
        "name:zh-Hant" : "亞塞拜然",
        "name:be-tarask" : "Азэрбайджа́н",
        "name:zh-Hant-HK" : "阿塞拜疆",
        "name:zh-Hant-TW" : "亞塞拜然",
        "name:zh-Latn-pinyin" : "Āsàibàijiāng"
      },
      "parent_boundary_id" : null
    },
    "geometry" : {
      "type" : "MultiPolygon",
      "coordinates" : [ [ [ [ 44.8072867, 39.63772789999999 ], [ 44.8081578, 39.6394155 ], [ 44.8149591, 39.6426718 ], [ 44.8176638, 39.6516661 ], [ 44.8170866, 39.6544894 ], [ 44.8156415, 39.6562747 ], [ 44.8120064, 39.6567357 ], [ 44.8036021, 39.6553057 ], [ 44.7990979, 39.6578956 ], [ 44.7988005, 39.6603333 ], [ 44.8048666, 39.6678768 ], [ 44.8058468, 39.6725999 ], [ 44.8042353, 39.6728814 ], [ 44.7961487, 39.6684259 ], [ 44.7939527, 39.6702698 ], [ 44.7980618, 39.6746875 ], [ 44.8023465, 39.6833796 ], [ 44.7995371, 39.6846787 ], [ 44.7936062, 39.6837074 ], [ 44.7844607, 39.68574169999999 ], [ 44.7883516, 39.6897953 ], [ 44.7880822, 39.6913749 ], [ 44.7815476, 39.6933987 ], [ 44.78008, 39.6950374 ], [ 44.7802859, 39.7009164 ], [ 44.7752685, 39.7028301 ], [ 44.7657539, 39.7021197 ], [ 44.7635589, 39.7030201 ], [ 44.7633701, 39.7048253 ], [ 44.7700571, 39.7118493 ], [ 44.7697787, 39.7130157 ], [ 44.7656667, 39.7144783 ], [ 44.7730128, 39.7182035 ], [ 44.8339436, 39.7322433 ], [ 44.8432838, 39.7321125 ], [ 44.8534164, 39.7361828 ], [ 44.8695969, 39.7355924 ], [ 44.8761887, 39.7369796 ], [ 44.8859728, 39.7484162 ], [ 44.8879132, 39.7483354 ], [ 44.8934632, 39.7441892 ], [ 44.8987605, 39.7434456 ], [ 44.9024867, 39.7413673 ], [ 44.9038762, 39.7391014 ], [ 44.904576, 39.7312896 ], [ 44.906503, 39.7282212 ], [ 44.9116859, 39.7295504 ], [ 44.9188426, 39.7271114 ], [ 44.9310476, 39.7256325 ], [ 44.9347729, 39.727086 ], [ 44.93992320000001, 39.7273739 ], [ 44.9422611, 39.726422 ], [ 44.9490097, 39.7290127 ], [ 44.9530385, 39.729302 ], [ 44.9647937, 39.734386 ], [ 44.9753244, 39.7405919 ], [ 44.9812802, 39.744271 ], [ 44.9901308, 39.7474447 ], [ 45.0070008, 39.7503178 ], [ 45.0063878, 39.7547343 ], [ 45.0103944, 39.7594321 ], [ 45.0106221, 39.7627022 ], [ 45.0166353, 39.7661687 ], [ 45.0236797, 39.768224 ], [ 45.0277676, 39.7671868 ], [ 45.0310221, 39.7677054 ], [ 45.0365388, 39.7718847 ], [ 45.0401264, 39.7815156 ], [ 45.0463086, 39.7846172 ], [ 45.0483292, 39.790181 ], [ 45.055398, 39.7910055 ], [ 45.0600515, 39.7939882 ], [ 45.0662786, 39.78934 ], [ 45.0711755, 39.7875545 ], [ 45.0791669, 39.7874675 ], [ 45.0816652, 39.7862048 ], [ 45.0832501, 39.7834884 ], [ 45.0922442, 39.7776585 ], [ 45.1014211, 39.7748948 ], [ 45.1002369, 39.7717514 ], [ 45.10405, 39.77065609999999 ], [ 45.1121597, 39.764228 ], [ 45.1208501, 39.7598277 ], [ 45.124725, 39.7498453 ], [ 45.1296447, 39.7465309 ], [ 45.1320519, 39.7464023 ], [ 45.1347157, 39.7432693 ], [ 45.132865, 39.7349271 ], [ 45.1367258, 39.7323043 ], [ 45.1383753, 39.7251849 ], [ 45.1416503, 39.7210535 ], [ 45.1457722, 39.7176408 ], [ 45.1471966, 39.711917 ], [ 45.1529256, 39.7067392 ], [ 45.1579727, 39.7042011 ], [ 45.163149, 39.6986173 ], [ 45.168685, 39.6957776 ], [ 45.1710023, 39.6926138 ], [ 45.17198, 39.6880545 ], [ 45.1756287, 39.6862953 ], [ 45.1813085, 39.6855945 ], [ 45.184631, 39.6833664 ], [ 45.1871764, 39.6768596 ], [ 45.1754079, 39.6681003 ], [ 45.1730548, 39.6641358 ], [ 45.175242, 39.65201 ], [ 45.1861293, 39.6491769 ], [ 45.1738091, 39.6271699 ], [ 45.17519, 39.6130321 ], [ 45.1733294, 39.6108079 ], [ 45.1792319, 39.6057662 ], [ 45.1792961, 39.6036406 ], [ 45.1721911, 39.5930807 ], [ 45.1730311, 39.5920046 ], [ 45.1856415, 39.5870491 ], [ 45.2021858, 39.5827965 ], [ 45.2128797, 39.5818566 ], [ 45.224383, 39.5872958 ], [ 45.2251126, 39.5897239 ], [ 45.2235539, 39.5951931 ], [ 45.2261076, 39.6034984 ], [ 45.2341005, 39.6075101 ], [ 45.2403076, 39.6092128 ], [ 45.2428761, 39.6116752 ], [ 45.2921741, 39.6137587 ], [ 45.3056389, 39.6121183 ], [ 45.3082392, 39.609012 ], [ 45.3078184, 39.6064719 ], [ 45.3012607, 39.5965562 ], [ 45.3019943, 39.5901511 ], [ 45.2985657, 39.5866911 ], [ 45.30041, 39.581007 ], [ 45.3084782, 39.5746505 ], [ 45.3096308, 39.5663734 ], [ 45.3112888, 39.563448 ], [ 45.3167383, 39.5606137 ], [ 45.3286722, 39.559263 ], [ 45.3346057, 39.55370159999999 ], [ 45.3419267, 39.5491319 ], [ 45.3422267, 39.5418849 ], [ 45.3469104, 39.5398523 ], [ 45.3561372, 39.5389991 ], [ 45.3574503, 39.5402173 ], [ 45.3682474, 39.5406057 ], [ 45.37736369999999, 39.5388814 ], [ 45.3837729, 39.53950179999999 ], [ 45.390029, 39.5368143 ], [ 45.3996673, 39.5359571 ], [ 45.4110726, 39.5283341 ], [ 45.4174505, 39.527639 ], [ 45.4267106, 39.5243218 ], [ 45.4351626, 39.5241098 ], [ 45.44378119999999, 39.5092407 ], [ 45.445645, 39.5021244 ], [ 45.45318549999999, 39.5020549 ], [ 45.4613806, 39.5054907 ], [ 45.4652893, 39.5045542 ], [ 45.4667817, 39.4985136 ], [ 45.470463, 39.4933387 ], [ 45.4717939, 39.4907685 ], [ 45.4734456, 39.4904551 ], [ 45.4795788, 39.49777119999999 ], [ 45.4816972, 39.5027995 ], [ 45.4918485, 39.5114724 ], [ 45.498788, 39.513552 ], [ 45.5028677, 39.5166939 ], [ 45.5121223, 39.5181755 ], [ 45.5160509, 39.5208521 ], [ 45.5169112, 39.5245461 ], [ 45.5188611, 39.5260281 ], [ 45.5240802, 39.5259175 ], [ 45.5283815, 39.5277533 ], [ 45.5299904, 39.5322779 ], [ 45.533919, 39.5369886 ], [ 45.5354356, 39.5434929 ], [ 45.5375934, 39.54494719999999 ], [ 45.5465355, 39.5472613 ], [ 45.5507126, 39.5465108 ], [ 45.5566921, 39.5430283 ], [ 45.5618495, 39.5450664 ], [ 45.5725296, 39.5634535 ], [ 45.577867, 39.5678881 ], [ 45.590717, 39.5701857 ], [ 45.5955792, 39.5686639 ], [ 45.6006956, 39.5692916 ], [ 45.60443, 39.5683925 ], [ 45.6128378, 39.5618219 ], [ 45.6147957, 39.5631845 ], [ 45.6233051, 39.5632537 ], [ 45.6247094, 39.5681368 ], [ 45.6348866, 39.5689439 ], [ 45.6459652, 39.5745109 ], [ 45.6557072, 39.58229 ], [ 45.6747671, 39.585388 ], [ 45.6784162, 39.5916054 ], [ 45.6859734, 39.5957251 ], [ 45.6892782, 39.6004092 ], [ 45.6943344, 39.6035783 ], [ 45.7125466, 39.600674 ], [ 45.719183, 39.6025224 ], [ 45.7223091, 39.6014336 ], [ 45.7256868, 39.6024782 ], [ 45.7288192, 39.60073220000001 ], [ 45.7346386, 39.5919143 ], [ 45.7482447, 39.5943414 ], [ 45.7503374, 39.5935595 ], [ 45.7559178, 39.5869867 ], [ 45.7619288, 39.5855863 ], [ 45.7771203, 39.5855902 ], [ 45.78104110000001, 39.5844948 ], [ 45.7795884, 39.5773694 ], [ 45.7851848, 39.5702329 ], [ 45.7889421, 39.5691575 ], [ 45.7919543, 39.5706484 ], [ 45.7989119, 39.5712899 ], [ 45.805556, 39.5627489 ], [ 45.8046521, 39.5579771 ], [ 45.8062518, 39.5518218 ], [ 45.8155112, 39.538447 ], [ 45.8174355, 39.5333333 ], [ 45.8167467, 39.527918 ], [ 45.8204516, 39.5269317 ], [ 45.8206811, 39.5216713 ], [ 45.8186483, 39.5152218 ], [ 45.8255094, 39.5049857 ], [ 45.818645, 39.4938142 ], [ 45.8144948, 39.4908673 ], [ 45.8136424, 39.4844908 ], [ 45.8209599, 39.47968249999999 ], [ 45.8250997, 39.475038 ], [ 45.8308956, 39.4729979 ], [ 45.8378829, 39.46835429999999 ], [ 45.8410822, 39.4610459 ], [ 45.8397938, 39.4581551 ], [ 45.834147, 39.45580949999999 ], [ 45.832301, 39.4533567 ], [ 45.8288486, 39.452533 ], [ 45.8237835, 39.44128160000001 ], [ 45.8182543, 39.4378062 ], [ 45.8157094, 39.4296046 ], [ 45.8111054, 39.4285737 ], [ 45.8045811, 39.429265 ], [ 45.8040036, 39.427949 ], [ 45.8022391, 39.4169909 ], [ 45.7979401, 39.4124463 ], [ 45.7985591, 39.4061576 ], [ 45.7951733, 39.3947235 ], [ 45.7945903, 39.386439 ], [ 45.7903365, 39.3848657 ], [ 45.7888876, 39.3807665 ], [ 45.7927218, 39.3691193 ], [ 45.8026221, 39.3652259 ], [ 45.8101976, 39.36103520000001 ], [ 45.817897, 39.3617523 ], [ 45.8224696, 39.3595791 ], [ 45.8342786, 39.3591725 ], [ 45.8379786, 39.3569594 ], [ 45.8471512, 39.3593213 ], [ 45.8612694, 39.3567278 ], [ 45.8840338, 39.3435349 ], [ 45.8892817, 39.3429871 ], [ 45.8915436, 39.3407825 ], [ 45.8917968, 39.3374591 ], [ 45.8969029, 39.332026 ], [ 45.9035877, 39.3300368 ], [ 45.907972, 39.33056409999999 ], [ 45.910833, 39.329665 ], [ 45.91391079999999, 39.3253831 ], [ 45.9201138, 39.3239372 ], [ 45.921285, 39.3220275 ], [ 45.9243215, 39.320853 ], [ 45.9308999, 39.3209852 ], [ 45.938518, 39.3161781 ], [ 45.9403681, 39.3095791 ], [ 45.9670637, 39.2985895 ], [ 45.9676339, 39.2968667 ], [ 45.9711721, 39.2955415 ], [ 45.9794462, 39.2948608 ], [ 45.9838998, 39.2957337 ], [ 45.9874143, 39.2950628 ], [ 45.9913989, 39.2924474 ], [ 45.9965757, 39.2924007 ], [ 45.9987069, 39.2913194 ], [ 46.0037264, 39.2802956 ], [ 46.0012662, 39.2774482 ], [ 46.0051299, 39.2639089 ], [ 46.0047159, 39.2567109 ], [ 45.9880523, 39.24644880000001 ], [ 45.9868248, 39.2397439 ], [ 45.9914148, 39.22347820000001 ], [ 45.9876848, 39.2146938 ], [ 45.9903514, 39.2064208 ], [ 45.9894778, 39.2005637 ], [ 45.9942831, 39.1960792 ], [ 45.9957328, 39.1898129 ], [ 45.9992585, 39.1866737 ], [ 46.0016587, 39.1757611 ], [ 46.0060225, 39.1690448 ], [ 46.0070585, 39.1619235 ], [ 46.0035911, 39.1587541 ], [ 46.0036987, 39.148938 ], [ 46.0077913, 39.1461763 ], [ 46.0122815, 39.1459382 ], [ 46.0167786, 39.1431425 ], [ 46.0194706, 39.1427792 ], [ 46.0236318, 39.1364477 ], [ 46.0255576, 39.130763 ], [ 46.0256266, 39.1231748 ], [ 46.0243688, 39.12074209999999 ], [ 46.0169065, 39.1150053 ], [ 46.0195992, 39.1106765 ], [ 46.0192537, 39.1076205 ], [ 46.027028, 39.1029566 ], [ 46.0273936, 39.0994975 ], [ 46.0311216, 39.09264309999999 ], [ 46.0380831, 39.0897804 ], [ 46.0494581, 39.0825585 ], [ 46.0645408, 39.0794079 ], [ 46.0692708, 39.0799908 ], [ 46.0698519, 39.0787549 ], [ 46.0698939, 39.0712652 ], [ 46.0722, 39.0603607 ], [ 46.0758228, 39.0555764 ], [ 46.0755124, 39.0489284 ], [ 46.0772081, 39.0470707 ], [ 46.07475860000001, 39.0394048 ], [ 46.0768524, 39.0300316 ], [ 46.0828123, 39.0266745 ], [ 46.0890569, 39.0264531 ], [ 46.0944768, 39.0230355 ], [ 46.101476, 39.0159176 ], [ 46.0995645, 39.0107869 ], [ 46.1011269, 39.005214 ], [ 46.1002599, 39.0015463 ], [ 46.1019451, 38.9881902 ], [ 46.1029345, 38.9854701 ], [ 46.108492, 38.9811269 ], [ 46.1114496, 38.9762214 ], [ 46.1101076, 38.9705294 ], [ 46.1120401, 38.9558861 ], [ 46.1097224, 38.9538025 ], [ 46.1102148, 38.9520199 ], [ 46.1205071, 38.9475786 ], [ 46.1217453, 38.9403492 ], [ 46.1270692, 38.9356186 ], [ 46.1248511, 38.9296721 ], [ 46.1276727, 38.9207814 ], [ 46.1272332, 38.9169692 ], [ 46.1297572, 38.9145002 ], [ 46.1351073, 38.9128888 ], [ 46.139201, 38.9092329 ], [ 46.1450723, 38.9014027 ], [ 46.1480678, 38.8949013 ], [ 46.1497083, 38.8894449 ], [ 46.1491991, 38.8856234 ], [ 46.1436862, 38.8736312 ], [ 46.1452882, 38.8686792 ], [ 46.1433756, 38.8605986 ], [ 46.1435222, 38.857923 ], [ 46.1472937, 38.8516344 ], [ 46.1406764, 38.8445178 ], [ 46.1354777, 38.84675889999998 ], [ 46.1291369, 38.8464012 ], [ 46.1281172, 38.8511058 ], [ 46.1142623, 38.8585939 ], [ 46.1117495, 38.8583846 ], [ 46.1131494, 38.8637454 ], [ 46.1121896, 38.8650738 ], [ 46.1037838, 38.8669639 ], [ 46.0951957, 38.8668311 ], [ 46.0804348, 38.8714615 ], [ 46.0712649, 38.8784194 ], [ 46.0670219, 38.8869124 ], [ 46.058888, 38.8877766 ], [ 46.0542577, 38.8837144 ], [ 46.0545168, 38.8787658 ], [ 46.0518492, 38.8761008 ], [ 46.0409451, 38.871789 ], [ 46.0326504, 38.8750095 ], [ 46.028199, 38.8742733 ], [ 46.0274223, 38.8725664 ], [ 46.0156497, 38.8736581 ], [ 46.0119036, 38.87198020000001 ], [ 46.0062956, 38.8723619 ], [ 45.9996589, 38.8753441 ], [ 45.994545, 38.8748504 ], [ 45.9877911, 38.8759636 ], [ 45.979187, 38.8788158 ], [ 45.9681829, 38.8870769 ], [ 45.9667606, 38.8901154 ], [ 45.9626366, 38.890382 ], [ 45.9580632, 38.8886164 ], [ 45.9445223, 38.8965928 ], [ 45.930471, 38.8861348 ], [ 45.9289272, 38.8825187 ], [ 45.9266648, 38.8778907 ], [ 45.9190602, 38.8735846 ], [ 45.9124279, 38.8746039 ], [ 45.9087076, 38.8739169 ], [ 45.9038441, 38.8777271 ], [ 45.8940243, 38.8766728 ], [ 45.892105, 38.8784074 ], [ 45.8904347, 38.8848101 ], [ 45.885314, 38.8862172 ], [ 45.8823295, 38.886542699999985 ], [ 45.8795807, 38.8892032 ], [ 45.8757342, 38.8897957 ], [ 45.8692518, 38.8885515 ], [ 45.8608606, 38.8930754 ], [ 45.8640587, 38.9003033 ], [ 45.8612544, 38.9034596 ], [ 45.8493614, 38.9095575 ], [ 45.844416, 38.9107035 ], [ 45.83327, 38.90265629999998 ], [ 45.8267452, 38.9023752 ], [ 45.8200469, 38.9054862 ], [ 45.8137932, 38.90600869999999 ], [ 45.8122977, 38.907104 ], [ 45.8111467, 38.9120004 ], [ 45.805287, 38.9140772 ], [ 45.8013015, 38.913365 ], [ 45.79982969999999, 38.9150389 ], [ 45.8009083, 38.9218734 ], [ 45.7987254, 38.9245543 ], [ 45.7941264, 38.9244456 ], [ 45.7901506, 38.9222045 ], [ 45.785821, 38.9194587 ], [ 45.7861729, 38.9229394 ], [ 45.7841797, 38.9251816 ], [ 45.7822494, 38.9256294 ], [ 45.7768698, 38.9234187 ], [ 45.7724338, 38.9236948 ], [ 45.7627509, 38.9292503 ], [ 45.736821, 38.9275348 ], [ 45.7321303, 38.9307798 ], [ 45.7255194, 38.9321637 ], [ 45.7216312, 38.93546820000001 ], [ 45.7174335, 38.9364822 ], [ 45.7132097, 38.9394462 ], [ 45.7101704, 38.9449647 ], [ 45.7017946, 38.9436372 ], [ 45.6988577, 38.9442388 ], [ 45.6961922, 38.950327 ], [ 45.6924464, 38.9514945 ], [ 45.690013, 38.9514056 ], [ 45.6793462, 38.9465584 ], [ 45.6739215, 38.9495647 ], [ 45.6700803, 38.94701460000001 ], [ 45.6686719, 38.9469743 ], [ 45.660556, 38.9517049 ], [ 45.647385, 38.9518779 ], [ 45.6461949, 38.9515358 ], [ 45.6443865, 38.9463939 ], [ 45.6385911, 38.9469864 ], [ 45.6334874, 38.9447496 ], [ 45.6152749, 38.9415467 ], [ 45.6140798, 38.9425109 ], [ 45.6163367, 38.9481484 ], [ 45.6130813, 38.9578852 ], [ 45.6102487, 38.956245 ], [ 45.6073515, 38.9567509 ], [ 45.6007733, 38.9617761 ], [ 45.5951445, 38.9622535 ], [ 45.5853422, 38.9672141 ], [ 45.5838549, 38.9717955 ], [ 45.5843135, 38.9761121 ], [ 45.5818975, 38.978503 ], [ 45.5778086, 38.9786447 ], [ 45.5702203, 38.9761019 ], [ 45.5673363, 38.9738216 ], [ 45.5656763, 38.9690676 ], [ 45.5585236, 38.9681513 ], [ 45.5508721, 38.9640201 ], [ 45.546695, 38.965436099999984 ], [ 45.5415028, 38.9648285 ], [ 45.5372482, 38.9664181 ], [ 45.5342739, 38.9698785 ], [ 45.5291658, 38.96983310000001 ], [ 45.5277553, 38.97152830000001 ], [ 45.5232969, 38.9723617 ], [ 45.5215983, 38.9741336 ], [ 45.5067759, 38.9793378 ], [ 45.5064081, 38.9804888 ], [ 45.5019754, 38.9807008 ], [ 45.50081019999999, 38.9830817 ], [ 45.4983923, 38.9840775 ], [ 45.4932969, 38.9832378 ], [ 45.4868096, 38.9866546 ], [ 45.4776419, 38.9863391 ], [ 45.4724097, 38.9897452 ], [ 45.4708896, 38.9890138 ], [ 45.4549509, 38.9905356 ], [ 45.4529047, 38.9929965 ], [ 45.4487791, 38.9945881 ], [ 45.4383272, 39.0044242 ], [ 45.4388517, 39.0087063 ], [ 45.4368899, 39.0117784 ], [ 45.4401791, 39.0178957 ], [ 45.4501057, 39.0290281 ], [ 45.4503496, 39.0395054 ], [ 45.455993, 39.0450199 ], [ 45.4555844, 39.049068 ], [ 45.4569034, 39.0511283 ], [ 45.4527006, 39.055054 ], [ 45.4465657, 39.0548363 ], [ 45.4407091, 39.0514081 ], [ 45.4332662, 39.0533489 ], [ 45.4303868, 39.0606386 ], [ 45.4254471, 39.0609063 ], [ 45.4201856, 39.0629159 ], [ 45.4141415, 39.0682985 ], [ 45.4064895, 39.0722315 ], [ 45.4030843, 39.0727792 ], [ 45.4005459, 39.07682589999999 ], [ 45.3998628, 39.082567 ], [ 45.4024111, 39.0916736 ], [ 45.3870491, 39.105195 ], [ 45.3708976, 39.11182 ], [ 45.3637801, 39.1212901 ], [ 45.3546876, 39.1263944 ], [ 45.3529652, 39.1293834 ], [ 45.352587, 39.1329547 ], [ 45.3603949, 39.1401906 ], [ 45.3622142, 39.1439679 ], [ 45.3631653, 39.1508581 ], [ 45.360758, 39.1559525 ], [ 45.34978129999999, 39.1705737 ], [ 45.3449798, 39.1709314 ], [ 45.3414806, 39.1695087 ], [ 45.3347643, 39.1690369 ], [ 45.329266, 39.1698773 ], [ 45.3134923, 39.1661377 ], [ 45.3042399, 39.166023 ], [ 45.3040367, 39.1700064 ], [ 45.3250085, 39.1806191 ], [ 45.3275812, 39.1859033 ], [ 45.3260119, 39.1902296 ], [ 45.3201164, 39.1961805 ], [ 45.3133785, 39.2001895 ], [ 45.3084994, 39.2016259 ], [ 45.3025922, 39.2012281 ], [ 45.3009218, 39.2006187 ], [ 45.2993434, 39.1903979 ], [ 45.2963509, 39.1878318 ], [ 45.2856562, 39.1833438 ], [ 45.2770447, 39.1845762 ], [ 45.2729092, 39.185898 ], [ 45.2476296, 39.18560029999998 ], [ 45.2372821, 39.1935656 ], [ 45.2311289, 39.1940917 ], [ 45.2168433, 39.2087208 ], [ 45.2036497, 39.2036509 ], [ 45.1994207, 39.2047839 ], [ 45.1979446, 39.211562 ], [ 45.1946249, 39.2142296 ], [ 45.1899503, 39.2153513 ], [ 45.1847708, 39.2205229 ], [ 45.1734376, 39.223156 ], [ 45.1710902, 39.221693 ], [ 45.1675393, 39.2157778 ], [ 45.1502993, 39.2060902 ], [ 45.1499504, 39.2204266 ], [ 45.1480671, 39.229162 ], [ 45.1522099, 39.2399774 ], [ 45.151415, 39.2431485 ], [ 45.1468968, 39.2492289 ], [ 45.1462174, 39.2538683 ], [ 45.148409, 39.2634873 ], [ 45.1369904, 39.2680059 ], [ 45.1345036, 39.2720432 ], [ 45.1419404, 39.2788438 ], [ 45.1419814, 39.2844706 ], [ 45.1389025, 39.2870836 ], [ 45.1309438, 39.2891605 ], [ 45.1220074, 39.2868347 ], [ 45.1206625, 39.2855806 ], [ 45.1178194, 39.2868354 ], [ 45.1190056, 39.2895772 ], [ 45.1245888, 39.2914802 ], [ 45.1288319, 39.2946993 ], [ 45.1273271, 39.3035959 ], [ 45.1087317, 39.3092312 ], [ 45.1067541, 39.316653299999984 ], [ 45.10332, 39.3221804 ], [ 45.104092, 39.3268721 ], [ 45.1013315, 39.3333181 ], [ 45.0980664, 39.3332672 ], [ 45.0887372, 39.3287403 ], [ 45.0851717, 39.3296664 ], [ 45.0803208, 39.3335707 ], [ 45.080014, 39.3348005 ], [ 45.0863316, 39.3438036 ], [ 45.0867037, 39.3512472 ], [ 45.0733874, 39.3598961 ], [ 45.0681453, 39.3605707 ], [ 45.0571425, 39.364346 ], [ 45.0581208, 39.3812002 ], [ 45.0524401, 39.3821679 ], [ 45.0459142, 39.3795297 ], [ 45.04275, 39.3822168 ], [ 45.0419998, 39.3849729 ], [ 45.0412333, 39.3910499 ], [ 45.0367839, 39.3903329 ], [ 45.033612, 39.3910222 ], [ 45.01711679999999, 39.4057326 ], [ 45.0097002, 39.4047211 ], [ 45.0058494, 39.4103658 ], [ 44.9981639, 39.4090545 ], [ 44.9959467, 39.412896799999984 ], [ 44.9885707, 39.4153007 ], [ 44.9830971, 39.4185211 ], [ 44.9706206, 39.4195778 ], [ 44.9645597, 39.421841 ], [ 44.9637775, 39.4237607 ], [ 44.9656209, 39.429032 ], [ 44.9652704, 39.4322654 ], [ 44.9600851, 39.4395834 ], [ 44.9608079, 39.4421583 ], [ 44.9667014, 39.4423001 ], [ 44.9736216, 39.4444942 ], [ 44.9768556, 39.4468659 ], [ 44.9771798, 39.4487743 ], [ 44.9756505, 39.4507241 ], [ 44.9700168, 39.4515917 ], [ 44.9610917, 39.4506017 ], [ 44.9508689, 39.4522111 ], [ 44.947164, 39.4516525 ], [ 44.9457195, 39.4572425 ], [ 44.9399284, 39.459659 ], [ 44.9398938, 39.462458 ], [ 44.9484734, 39.4715422 ], [ 44.9386333, 39.4773109 ], [ 44.9369091, 39.4807141 ], [ 44.9382528, 39.4816477 ], [ 44.9471586, 39.4817492 ], [ 44.9508425, 39.4840928 ], [ 44.948938, 39.4851822 ], [ 44.9409906, 39.4841874 ], [ 44.9378437, 39.4874847 ], [ 44.940054, 39.4896523 ], [ 44.9466623, 39.4877763 ], [ 44.9496831, 39.4879646 ], [ 44.9514032, 39.489126 ], [ 44.9518498, 39.4921687 ], [ 44.9473649, 39.497558199999986 ], [ 44.9406013, 39.502379 ], [ 44.9385323, 39.5094695 ], [ 44.9365256, 39.5119345 ], [ 44.9342607, 39.5110611 ], [ 44.9294807, 39.5118676 ], [ 44.9236034, 39.5161217 ], [ 44.9181521, 39.5177937 ], [ 44.9097716, 39.5250712 ], [ 44.9091986, 39.5280743 ], [ 44.9149769, 39.529961 ], [ 44.9185951, 39.5332089 ], [ 44.9181024, 39.534502 ], [ 44.90658410000001, 39.53953159999999 ], [ 44.9112731, 39.5487564 ], [ 44.908342, 39.5561385 ], [ 44.9086367, 39.5599898 ], [ 44.9157487, 39.5659961 ], [ 44.9110488, 39.5689584 ], [ 44.9057982, 39.5756271 ], [ 44.8901074, 39.5795194 ], [ 44.8880634, 39.5838121 ], [ 44.8919728, 39.5888056 ], [ 44.8987787, 39.5955845 ], [ 44.8997677, 39.59858 ], [ 44.9002116, 39.6010832 ], [ 44.8972058, 39.6052331 ], [ 44.8954283, 39.6057307 ], [ 44.8935468, 39.6047696 ], [ 44.8919764, 39.6019845 ], [ 44.8925726, 39.5977431 ], [ 44.8909207, 39.5961022 ], [ 44.8760247, 39.5930064 ], [ 44.87309530000001, 39.5939691 ], [ 44.8731048, 39.59953619999999 ], [ 44.8810919, 39.6083603 ], [ 44.8808613, 39.6099619 ], [ 44.8755201, 39.6152092 ], [ 44.8689052, 39.61509259999998 ], [ 44.8666004, 39.6130026 ], [ 44.8666847, 39.6070353 ], [ 44.8645363, 39.6035648 ], [ 44.8558229, 39.6022547 ], [ 44.8373938, 39.61227010000001 ], [ 44.8271203, 39.6106534 ], [ 44.8219144, 39.6112697 ], [ 44.8120838, 39.6197166 ], [ 44.8093804, 39.627336 ], [ 44.8072867, 39.63772789999999 ] ] ], [ [ [ 45.0192335, 41.3001237 ], [ 45.022581, 41.305336299999986 ], [ 45.0416444, 41.309108 ], [ 45.046446, 41.3110181 ], [ 45.0478257, 41.3144007 ], [ 45.046091, 41.3189145 ], [ 45.055938, 41.3239919 ], [ 45.0606746, 41.3280457 ], [ 45.0643412, 41.3276194 ], [ 45.0693946, 41.32906830000001 ], [ 45.0728345, 41.3281393 ], [ 45.0732818, 41.32849010000001 ], [ 45.0726382, 41.3337399 ], [ 45.0743755, 41.3366977 ], [ 45.0741564, 41.3396643 ], [ 45.0798643, 41.3434113 ], [ 45.0798353, 41.345583 ], [ 45.0901554, 41.3412691 ], [ 45.092025, 41.3391635 ], [ 45.0957959, 41.3415472 ], [ 45.1017511, 41.3476286 ], [ 45.1350068, 41.37859229999999 ], [ 45.1723983, 41.4123222 ], [ 45.1733335, 41.4153964 ], [ 45.1719028, 41.4193989 ], [ 45.1746345, 41.422671399999984 ], [ 45.178448, 41.4237977 ], [ 45.1938465, 41.4172251 ], [ 45.1963755, 41.4167625 ], [ 45.2025736, 41.4212781 ], [ 45.2328278, 41.4357673 ], [ 45.249072, 41.446324 ], [ 45.256634, 41.458849 ], [ 45.259407, 41.467336 ], [ 45.28815989999999, 41.4627876 ], [ 45.3073804, 41.4720164 ], [ 45.310199, 41.472944 ], [ 45.3356666, 41.4633679 ], [ 45.341601, 41.4599559 ], [ 45.3639732, 41.453662 ], [ 45.3832571, 41.435366 ], [ 45.3847945, 41.4304984 ], [ 45.391266, 41.42738 ], [ 45.4092842, 41.4273804 ], [ 45.4276479, 41.4301871 ], [ 45.4317461, 41.43355360000001 ], [ 45.4342745, 41.44023769999998 ], [ 45.439608, 41.4460188 ], [ 45.4439123, 41.4478241 ], [ 45.4543687, 41.4555036 ], [ 45.4611039, 41.4558505 ], [ 45.469804, 41.448685 ], [ 45.4942981, 41.4353543 ], [ 45.516659, 41.420549 ], [ 45.52729, 41.419617 ], [ 45.5360267, 41.41681 ], [ 45.5504599, 41.4112396 ], [ 45.564103, 41.407136 ], [ 45.580952, 41.389057 ], [ 45.576732, 41.375977 ], [ 45.601101, 41.373733 ], [ 45.607067, 41.376528 ], [ 45.617231, 41.376709 ], [ 45.628511, 41.379121 ], [ 45.6461082, 41.3789346 ], [ 45.652522, 41.372393 ], [ 45.658368, 41.37077 ], [ 45.667424, 41.362003 ], [ 45.682905, 41.355163 ], [ 45.701432, 41.355758 ], [ 45.706958, 41.360906 ], [ 45.708911, 41.360894 ], [ 45.729363, 41.358705 ], [ 45.760773, 41.351429 ], [ 45.755942, 41.339096 ], [ 45.749471, 41.340316 ], [ 45.741862, 41.344487 ], [ 45.740528, 41.344024 ], [ 45.729305, 41.332496 ], [ 45.700654, 41.297772 ], [ 45.710021, 41.290354 ], [ 45.712157, 41.285807 ], [ 45.725651, 41.277715 ], [ 45.72764, 41.274111 ], [ 45.735765, 41.267876 ], [ 45.741317, 41.258493 ], [ 45.749476, 41.2553368 ], [ 45.7533709, 41.2534469 ], [ 45.756634, 41.253418 ], [ 45.767781, 41.246131 ], [ 45.771784, 41.241571 ], [ 45.775597, 41.24078 ], [ 45.786365, 41.234487 ], [ 45.794212, 41.23196 ], [ 45.79846, 41.228457 ], [ 45.803276, 41.226833 ], [ 45.804898, 41.225585 ], [ 45.80579, 41.221987 ], [ 45.817098, 41.221967 ], [ 45.832886, 41.218615 ], [ 45.861414, 41.2146 ], [ 45.865526, 41.212979 ], [ 45.881897, 41.212678 ], [ 45.891424, 41.208012 ], [ 45.903364, 41.197379 ], [ 45.913715, 41.190585 ], [ 45.925602, 41.187781 ], [ 45.953168, 41.177856 ], [ 45.961507, 41.177845 ], [ 45.974164, 41.179976 ], [ 45.983963, 41.178598 ], [ 45.999498, 41.180289 ], [ 46.004046, 41.179602 ], [ 46.007383, 41.183753 ], [ 46.016797, 41.182611 ], [ 46.024102, 41.186256 ], [ 46.034777, 41.186043 ], [ 46.042604, 41.188151 ], [ 46.050212, 41.186197 ], [ 46.056541, 41.18714 ], [ 46.058604, 41.189418 ], [ 46.065158, 41.189828 ], [ 46.081939, 41.181723 ], [ 46.083039, 41.177532 ], [ 46.080265, 41.174673 ], [ 46.08805, 41.174187 ], [ 46.097871, 41.171974 ], [ 46.1052863, 41.175913 ], [ 46.1104083, 41.179279 ], [ 46.121489, 41.190648 ], [ 46.122122, 41.195735 ], [ 46.128383, 41.197205 ], [ 46.128965, 41.199319 ], [ 46.135988, 41.204196 ], [ 46.13849, 41.200108 ], [ 46.141058, 41.199847 ], [ 46.146849, 41.20556 ], [ 46.149952, 41.204646 ], [ 46.151022, 41.198983 ], [ 46.152415, 41.19838 ], [ 46.153673, 41.199015 ], [ 46.154121, 41.202308 ], [ 46.158286, 41.204209 ], [ 46.161081, 41.203533 ], [ 46.160422, 41.201538 ], [ 46.16157, 41.200349 ], [ 46.164132, 41.199734 ], [ 46.167115, 41.200882 ], [ 46.171273, 41.197954 ], [ 46.171473, 41.200425 ], [ 46.17297, 41.201352 ], [ 46.180166, 41.193977 ], [ 46.18765, 41.198316 ], [ 46.193592, 41.194957 ], [ 46.203117, 41.195742 ], [ 46.207144, 41.194286 ], [ 46.208669, 41.192445 ], [ 46.213483, 41.191452 ], [ 46.216262, 41.19419 ], [ 46.225142, 41.189621 ], [ 46.229764, 41.195048 ], [ 46.231126, 41.192855 ], [ 46.229103, 41.188872 ], [ 46.234657, 41.18581 ], [ 46.238639, 41.186179 ], [ 46.252188, 41.1824543 ], [ 46.2737463, 41.19063 ], [ 46.27991930000001, 41.189421 ], [ 46.2913823, 41.173807 ], [ 46.3685673, 41.1193479 ], [ 46.3699793, 41.1049049 ], [ 46.3913823, 41.1009979 ], [ 46.4036133, 41.1014379 ], [ 46.4146503, 41.1043059 ], [ 46.4218474, 41.103408 ], [ 46.4283263, 41.1052533 ], [ 46.4339411, 41.1043769 ], [ 46.4438438, 41.0997 ], [ 46.4580206, 41.0990443 ], [ 46.4616417, 41.0948012 ], [ 46.4606493, 41.0881498 ], [ 46.4700433, 41.0644408 ], [ 46.4746409, 41.0615565 ], [ 46.4811815, 41.059996 ], [ 46.4872893, 41.0563888 ], [ 46.4924919, 41.0551284 ], [ 46.5021497, 41.060072 ], [ 46.5498283, 41.1125619 ], [ 46.5796183, 41.1113909 ], [ 46.5839024, 41.1105215 ], [ 46.5867553, 41.1071129 ], [ 46.5916543, 41.1068679 ], [ 46.5939183, 41.1039519 ], [ 46.5989493, 41.1027629 ], [ 46.6036823, 41.0989289 ], [ 46.6155192, 41.0965817 ], [ 46.6192314, 41.1004465 ], [ 46.6239351, 41.100058 ], [ 46.6308951, 41.0976669 ], [ 46.6393393, 41.1016006 ], [ 46.641217, 41.1077169 ], [ 46.6432341, 41.1097702 ], [ 46.6497036, 41.1113465 ], [ 46.6452618, 41.1200902 ], [ 46.6464956, 41.1216218 ], [ 46.6528458, 41.1240413 ], [ 46.6538958, 41.1288629 ], [ 46.6576939, 41.1297802 ], [ 46.6597582, 41.1312493 ], [ 46.653742, 41.136726 ], [ 46.6570009, 41.1447735 ], [ 46.6566415, 41.152097 ], [ 46.6521944, 41.1563704 ], [ 46.6531063, 41.1603002 ], [ 46.6555311, 41.1633332 ], [ 46.65565869999999, 41.1646942 ], [ 46.6534858, 41.1663373 ], [ 46.6538659, 41.1677484 ], [ 46.6672468, 41.1713569 ], [ 46.661947, 41.1756338 ], [ 46.6617273, 41.1773775 ], [ 46.6632556, 41.1824237 ], [ 46.6678313, 41.1852531 ], [ 46.6691603, 41.1888267 ], [ 46.6670636, 41.190946 ], [ 46.6594707, 41.1906831 ], [ 46.6582803, 41.1915824 ], [ 46.6601202, 41.1973541 ], [ 46.6567357, 41.2010863 ], [ 46.6572126, 41.2031257 ], [ 46.6617583, 41.2071515 ], [ 46.6647453, 41.2139838 ], [ 46.6727841, 41.2156993 ], [ 46.6722761, 41.2168749 ], [ 46.6672853, 41.2187522 ], [ 46.6670919, 41.2201195 ], [ 46.6756326, 41.2242232 ], [ 46.6779804, 41.2266747 ], [ 46.6761342, 41.2313335 ], [ 46.6769292, 41.2329011 ], [ 46.6782945, 41.2337712 ], [ 46.6895147, 41.231708 ], [ 46.6911573, 41.2342868 ], [ 46.696503, 41.23643809999999 ], [ 46.6957608, 41.2403024 ], [ 46.7001477, 41.2425894 ], [ 46.699219, 41.2517236 ], [ 46.7027339, 41.2536869 ], [ 46.7064072, 41.2541081 ], [ 46.7077381, 41.2560687 ], [ 46.6973578, 41.25922760000001 ], [ 46.6975318, 41.2623808 ], [ 46.708246, 41.2672904 ], [ 46.7127898, 41.2668792 ], [ 46.7143882, 41.2677509 ], [ 46.7121678, 41.2740868 ], [ 46.7146272, 41.2778598 ], [ 46.7249221, 41.2849285 ], [ 46.7277123, 41.2841458 ], [ 46.7233648, 41.2795798 ], [ 46.7253298, 41.2771395 ], [ 46.7292005, 41.2780897 ], [ 46.7313617, 41.2826597 ], [ 46.7365373, 41.2844857 ], [ 46.735674, 41.286406 ], [ 46.7324657, 41.2875601 ], [ 46.729432, 41.2907288 ], [ 46.721325, 41.290244 ], [ 46.7102585, 41.2953996 ], [ 46.7065546, 41.2961197 ], [ 46.700949, 41.2950699 ], [ 46.6990136, 41.2961791 ], [ 46.7037334, 41.3048164 ], [ 46.7011354, 41.3081268 ], [ 46.6903693, 41.315938 ], [ 46.6875317, 41.3191914 ], [ 46.6876286, 41.3208516 ], [ 46.6901556, 41.3217057 ], [ 46.6967761, 41.3192563 ], [ 46.7031995, 41.3247044 ], [ 46.7034134, 41.326775 ], [ 46.7004351, 41.3298981 ], [ 46.6957654, 41.3281268 ], [ 46.6903983, 41.3285362 ], [ 46.6882692, 41.3271859 ], [ 46.6841149, 41.3286645 ], [ 46.6838479, 41.3319571 ], [ 46.6879891, 41.3327844 ], [ 46.6899262, 41.3344902 ], [ 46.6879654, 41.3399374 ], [ 46.6821158, 41.3411782 ], [ 46.6730705, 41.3373895 ], [ 46.6684341, 41.3375641 ], [ 46.6659344, 41.3402004 ], [ 46.6709415, 41.3451886 ], [ 46.6704344, 41.349017 ], [ 46.6651293, 41.3503518 ], [ 46.6526491, 41.3486956 ], [ 46.6491602, 41.350557 ], [ 46.6505452, 41.3521819 ], [ 46.6539907, 41.35036980000001 ], [ 46.6587682, 41.3517268 ], [ 46.65924420000001, 41.3552105 ], [ 46.656783, 41.3586109 ], [ 46.6570285, 41.3610779 ], [ 46.6616777, 41.3661344 ], [ 46.6614671, 41.3689168 ], [ 46.6591986, 41.3706001 ], [ 46.6522648, 41.371238 ], [ 46.6491865, 41.3689627 ], [ 46.6517888, 41.36265919999999 ], [ 46.6470312, 41.3588718 ], [ 46.646705, 41.3571246 ], [ 46.6492956, 41.353263 ], [ 46.6476902, 41.3519955 ], [ 46.6435257, 41.3560302 ], [ 46.6306483, 41.3598152 ], [ 46.6263143, 41.3588962 ], [ 46.6243191, 41.359895 ], [ 46.6256265, 41.3636364 ], [ 46.6310838, 41.3652732 ], [ 46.637053, 41.365037 ], [ 46.6386605, 41.3666268 ], [ 46.6378118, 41.3692695 ], [ 46.6422205, 41.3718193 ], [ 46.6509024, 41.3738223 ], [ 46.6502741, 41.37488050000001 ], [ 46.6473842, 41.3738978 ], [ 46.6436912, 41.373371 ], [ 46.6409219, 41.3744776 ], [ 46.6395363, 41.3811708 ], [ 46.6376892, 41.3821185 ], [ 46.6352755, 41.3813599 ], [ 46.6315685, 41.3777005 ], [ 46.6295094, 41.3768998 ], [ 46.6264574, 41.377673 ], [ 46.6259081, 41.3814843 ], [ 46.6333341, 41.3863665 ], [ 46.631628, 41.3903618 ], [ 46.626747, 41.3906161 ], [ 46.6285501, 41.3872393 ], [ 46.6237355, 41.3834625 ], [ 46.6230723, 41.379001 ], [ 46.6202172, 41.3783657 ], [ 46.6111086, 41.3820158 ], [ 46.6106535, 41.3842627 ], [ 46.6164938, 41.3918989 ], [ 46.6120545, 41.3950925 ], [ 46.6083262, 41.3948912 ], [ 46.6082588, 41.3924267 ], [ 46.6063872, 41.3914822 ], [ 46.6030791, 41.3945049 ], [ 46.6001513, 41.3926827 ], [ 46.5986934, 41.3929042 ], [ 46.5972013, 41.3959115 ], [ 46.5944875, 41.3976519 ], [ 46.5847862, 41.39845170000001 ], [ 46.5791623, 41.3978007 ], [ 46.5753881, 41.3995016 ], [ 46.5693531, 41.3993255 ], [ 46.5686293, 41.4008911 ], [ 46.5701977, 41.4045349 ], [ 46.5680334, 41.4066391 ], [ 46.5658778, 41.4071125 ], [ 46.5603997, 41.405576299999986 ], [ 46.555189, 41.4065458 ], [ 46.5485745, 41.4062372 ], [ 46.5381578, 41.4086476 ], [ 46.5343888, 41.4109861 ], [ 46.5253112, 41.4102048 ], [ 46.5211867, 41.4132408 ], [ 46.5221051, 41.4161108 ], [ 46.521677, 41.4174602 ], [ 46.5198769, 41.4178071 ], [ 46.5131219, 41.4133082 ], [ 46.5077579, 41.4131617 ], [ 46.5077243, 41.4142878 ], [ 46.5107963, 41.415745 ], [ 46.5086418, 41.4189453 ], [ 46.4959251, 41.4203613 ], [ 46.4848041, 41.4246473 ], [ 46.4840964, 41.426163 ], [ 46.4866045, 41.428181 ], [ 46.4856705, 41.4294529 ], [ 46.4780299, 41.4283021 ], [ 46.4728821, 41.4292627 ], [ 46.4723956, 41.4306488 ], [ 46.4786697, 41.4334884 ], [ 46.4767053, 41.4364282 ], [ 46.472907, 41.4356158 ], [ 46.4701304, 41.4326631 ], [ 46.4672728, 41.4331292 ], [ 46.4638867, 41.4369952 ], [ 46.4561679, 41.4383927 ], [ 46.4523937, 41.445353 ], [ 46.4407153, 41.4487886 ], [ 46.4405704, 41.4499029 ], [ 46.44827930000001, 41.4529883 ], [ 46.4494159, 41.4544133 ], [ 46.4489299, 41.4573554 ], [ 46.4440939, 41.4620017 ], [ 46.4413003, 41.4622948 ], [ 46.4393886, 41.4606852 ], [ 46.4406181, 41.4594262 ], [ 46.4441043, 41.4588161 ], [ 46.4448032, 41.4572052 ], [ 46.4420034, 41.4543905 ], [ 46.4390398, 41.4533425 ], [ 46.431826, 41.4537377 ], [ 46.4255352, 41.4562851 ], [ 46.4258747, 41.4641165 ], [ 46.4308241, 41.4671933 ], [ 46.4322362, 41.4704177 ], [ 46.4286717, 41.4674348 ], [ 46.4258843, 41.4671679 ], [ 46.4247229, 41.4690999 ], [ 46.4258758, 41.4716579 ], [ 46.4245845, 41.4734107 ], [ 46.4210634, 41.4752089 ], [ 46.4161285, 41.4757889 ], [ 46.4116949, 41.4807419 ], [ 46.4089456, 41.4817107 ], [ 46.4074011, 41.48028 ], [ 46.4080764, 41.4760881 ], [ 46.4036947, 41.4718061 ], [ 46.4009917, 41.4708463 ], [ 46.3974723, 41.4702554 ], [ 46.3928616, 41.47200749999999 ], [ 46.3932233, 41.477308 ], [ 46.3975947, 41.4795574 ], [ 46.403594, 41.4803226 ], [ 46.4042157, 41.4824901 ], [ 46.4005617, 41.4837891 ], [ 46.3970025, 41.4816781 ], [ 46.39248829999999, 41.4830642 ], [ 46.386447, 41.4829103 ], [ 46.3849937, 41.4842198 ], [ 46.3850921, 41.4887065 ], [ 46.3822363, 41.4925039 ], [ 46.3798804, 41.4923536 ], [ 46.3791383, 41.4886689 ], [ 46.3754799, 41.4888803 ], [ 46.3723536, 41.4871101 ], [ 46.3655328, 41.4912433 ], [ 46.3623218, 41.4885454 ], [ 46.3578947, 41.4891728 ], [ 46.3567256, 41.4927813 ], [ 46.3599107, 41.497513 ], [ 46.35782909999999, 41.4995306 ], [ 46.3568976, 41.5041383 ], [ 46.3550135, 41.5045931 ], [ 46.3528082, 41.5034124 ], [ 46.3554138, 41.4966414 ], [ 46.3547077, 41.4940828 ], [ 46.3518099, 41.4923911 ], [ 46.3489698, 41.4923721 ], [ 46.3413152, 41.4953879 ], [ 46.3433357, 41.4996825 ], [ 46.3422719, 41.5006204 ], [ 46.3326127, 41.4996049 ], [ 46.331042, 41.5014076 ], [ 46.3325026, 41.5067486 ], [ 46.328789, 41.5115929 ], [ 46.3254006, 41.5213105 ], [ 46.3256903, 41.5230601 ], [ 46.3280183, 41.5245468 ], [ 46.3347104, 41.5242101 ], [ 46.3349718, 41.526507 ], [ 46.3320006, 41.5276819 ], [ 46.3249205, 41.5259417 ], [ 46.322024, 41.5271191 ], [ 46.3205175, 41.531055 ], [ 46.3216952, 41.53294970000001 ], [ 46.3283235, 41.5351951 ], [ 46.3290335, 41.5370337 ], [ 46.325271, 41.5389809 ], [ 46.3232013, 41.5382879 ], [ 46.3201952, 41.5333204 ], [ 46.3177836, 41.5327484 ], [ 46.3152282, 41.5328079 ], [ 46.310872, 41.535745 ], [ 46.3070665, 41.5357867 ], [ 46.3044344, 41.5371036 ], [ 46.3055604, 41.5386499 ], [ 46.308405, 41.5384265 ], [ 46.3100338, 41.5396402 ], [ 46.3054945, 41.544684 ], [ 46.305011, 41.5515699 ], [ 46.2999058, 41.554079 ], [ 46.299856, 41.5556478 ], [ 46.3015077, 41.55653619999999 ], [ 46.3050192, 41.5561417 ], [ 46.3072209, 41.5573942 ], [ 46.3021014, 41.5613721 ], [ 46.3010502, 41.567618 ], [ 46.2974177, 41.5718515 ], [ 46.2985307, 41.5755424 ], [ 46.3016376, 41.5767973 ], [ 46.3058725, 41.5761053 ], [ 46.3065538, 41.5739551 ], [ 46.3046488, 41.5692185 ], [ 46.3055339, 41.5678131 ], [ 46.3073561, 41.5675893 ], [ 46.3132857, 41.5698162 ], [ 46.309035, 41.5737394 ], [ 46.3090469, 41.5756291 ], [ 46.321914, 41.5808297 ], [ 46.3256233, 41.5753412 ], [ 46.3297539, 41.5769984 ], [ 46.3312967, 41.5764007 ], [ 46.3314992, 41.5722228 ], [ 46.3367288, 41.5705362 ], [ 46.3377928, 41.5670991 ], [ 46.3446122, 41.570091 ], [ 46.3427443, 41.5731861 ], [ 46.338232, 41.5718607 ], [ 46.3359546, 41.5725634 ], [ 46.3348357, 41.5755641 ], [ 46.3375789, 41.577158 ], [ 46.3409566, 41.5762415 ], [ 46.338036, 41.5816487 ], [ 46.3412244, 41.5836893 ], [ 46.3377395, 41.5868131 ], [ 46.3385116, 41.5895119 ], [ 46.341483, 41.5909634 ], [ 46.3410187, 41.591856 ], [ 46.3305688, 41.5991334 ], [ 46.3275969, 41.5974646 ], [ 46.3265776, 41.5950335 ], [ 46.3250541, 41.5952983 ], [ 46.321578, 41.6006498 ], [ 46.3244421, 41.6065237 ], [ 46.3224641, 41.6087189 ], [ 46.3189125, 41.6083313 ], [ 46.3145407, 41.6111732 ], [ 46.3113593, 41.6075398 ], [ 46.3068374, 41.6099828 ], [ 46.3035454, 41.6096882 ], [ 46.3033427, 41.6085884 ], [ 46.3069224, 41.6068913 ], [ 46.3069224, 41.6046771 ], [ 46.3030556, 41.6057328 ], [ 46.3004575, 41.6051762 ], [ 46.3030974, 41.5974466 ], [ 46.2984283, 41.5964424 ], [ 46.2952548, 41.5993816 ], [ 46.2907005, 41.5988999 ], [ 46.2886144, 41.6014076 ], [ 46.2807636, 41.5995479 ], [ 46.2666528, 41.6071267 ], [ 46.2665838, 41.608731 ], [ 46.2684492, 41.6094761 ], [ 46.2764022, 41.606214 ], [ 46.278074, 41.6082908 ], [ 46.2736364, 41.6088357 ], [ 46.2719531, 41.6117807 ], [ 46.2785577, 41.6112748 ], [ 46.279829, 41.6120367 ], [ 46.2775787, 41.6173835 ], [ 46.2776765, 41.6210177 ], [ 46.2741727, 41.6236416 ], [ 46.2721817, 41.6277956 ], [ 46.2678871, 41.6300283 ], [ 46.2652231, 41.6351961 ], [ 46.2627055, 41.6343283 ], [ 46.2649266, 41.6312573 ], [ 46.2619779, 41.6253994 ], [ 46.2636889, 41.6242075 ], [ 46.2668687, 41.6259093 ], [ 46.2683341, 41.6253235 ], [ 46.2664387, 41.6207714 ], [ 46.2593268, 41.6214291 ], [ 46.2536784, 41.6235278 ], [ 46.2506445, 41.6190713 ], [ 46.2526346, 41.6138347 ], [ 46.2561405, 41.6113587 ], [ 46.2561749, 41.6098365 ], [ 46.2521223, 41.6089391 ], [ 46.2468407, 41.6141776 ], [ 46.2429645, 41.6136622 ], [ 46.243134, 41.6123169 ], [ 46.2479448, 41.6107736 ], [ 46.2488876, 41.6075129 ], [ 46.2469928, 41.6041074 ], [ 46.2505281, 41.6014387 ], [ 46.2480349, 41.597946 ], [ 46.2430163, 41.5954142 ], [ 46.2383448, 41.5963396 ], [ 46.2370023, 41.6015281 ], [ 46.2424024, 41.6030783 ], [ 46.2423805, 41.6046913 ], [ 46.2362052, 41.6035023 ], [ 46.2329319, 41.60537819999998 ], [ 46.2277885, 41.6051135 ], [ 46.2204395, 41.6078322 ], [ 46.2203333, 41.6095596 ], [ 46.2228913, 41.6114987 ], [ 46.2224684, 41.613029 ], [ 46.2208954, 41.6134865 ], [ 46.2154959, 41.6112928 ], [ 46.2138309, 41.6121295 ], [ 46.215629, 41.613791 ], [ 46.2149236, 41.615197 ], [ 46.2073614, 41.6139206 ], [ 46.2034998, 41.6156213 ], [ 46.203946, 41.6200683 ], [ 46.2074915, 41.6219982 ], [ 46.2026009, 41.6252954 ], [ 46.2025685, 41.626882 ], [ 46.2119223, 41.626016 ], [ 46.2134191, 41.626592 ], [ 46.2134219, 41.6280255 ], [ 46.2060162, 41.6282108 ], [ 46.2049226, 41.6311285 ], [ 46.2030809, 41.6317247 ], [ 46.1978803, 41.6264634 ], [ 46.1937164, 41.625362 ], [ 46.1924587, 41.627593 ], [ 46.1955336, 41.6297614 ], [ 46.196711, 41.6325935 ], [ 46.2022297, 41.6377296 ], [ 46.1991405, 41.6401512 ], [ 46.200659, 41.6405403 ], [ 46.2005648, 41.6422987 ], [ 46.1938431, 41.6430829 ], [ 46.1942679, 41.6460332 ], [ 46.1967417, 41.6465374 ], [ 46.1950425, 41.6487407 ], [ 46.2019391, 41.6508505 ], [ 46.2071365, 41.6509252 ], [ 46.2077112, 41.6532963 ], [ 46.2043879, 41.6577583 ], [ 46.2086682, 41.6611626 ], [ 46.2066435, 41.6651117 ], [ 46.2038663, 41.6640339 ], [ 46.1990215, 41.667893599999985 ], [ 46.1986045, 41.6720792 ], [ 46.1951734, 41.6737544 ], [ 46.1902296, 41.6786408 ], [ 46.190569, 41.680177 ], [ 46.1888598, 41.6815385 ], [ 46.1865371, 41.6878197 ], [ 46.1889928, 41.6903847 ], [ 46.18765, 41.6933929 ], [ 46.1884981, 41.6963746 ], [ 46.1837275, 41.6984327 ], [ 46.1819253, 41.700992 ], [ 46.1846109, 41.70249589999999 ], [ 46.1835559, 41.7043629 ], [ 46.1841534, 41.7092072 ], [ 46.1805118, 41.708722 ], [ 46.1781441, 41.7135759 ], [ 46.1795577, 41.7143673 ], [ 46.1802291, 41.7214364 ], [ 46.1820666, 41.7219639 ], [ 46.1806531, 41.7265003 ], [ 46.183251, 41.7399636 ], [ 46.1889596, 41.7434862 ], [ 46.1887279, 41.7453321 ], [ 46.1959327, 41.7477868 ], [ 46.1986035, 41.7499712 ], [ 46.2016952, 41.7606655 ], [ 46.2017664, 41.7698223 ], [ 46.2046163, 41.7727968 ], [ 46.2164071, 41.7633536 ], [ 46.2419184, 41.7562534 ], [ 46.2527208, 41.7700508 ], [ 46.2682436, 41.7709994 ], [ 46.3044494, 41.7756693 ], [ 46.3029235, 41.7860402 ], [ 46.3047521, 41.7883368 ], [ 46.3085128, 41.7887319 ], [ 46.3093411, 41.7905551 ], [ 46.3111991, 41.7924182 ], [ 46.3154417, 41.7924582 ], [ 46.3251115, 41.7968015 ], [ 46.3379687, 41.80965 ], [ 46.3606578, 41.8247329 ], [ 46.3745816, 41.8278088 ], [ 46.3803301, 41.8343973 ], [ 46.3926334, 41.8400173 ], [ 46.4000165, 41.8452876 ], [ 46.4038166, 41.8536946 ], [ 46.4023822, 41.8568698 ], [ 46.4043423, 41.8611472 ], [ 46.4065424, 41.8615387 ], [ 46.4158989, 41.8714019 ], [ 46.4165343, 41.8763695 ], [ 46.4141854, 41.8799598 ], [ 46.4144992, 41.88222240000001 ], [ 46.4115911, 41.8829316 ], [ 46.4114558, 41.8853071 ], [ 46.4091361, 41.8865169 ], [ 46.4087188, 41.8891252 ], [ 46.4135286, 41.8962137 ], [ 46.4186913, 41.8996421 ], [ 46.4220692, 41.9080428 ], [ 46.4219178, 41.8996409 ], [ 46.4237456, 41.8947035 ], [ 46.4279481, 41.8946809 ], [ 46.4326404, 41.8912626 ], [ 46.4412684, 41.8784218 ], [ 46.4392766, 41.8757672 ], [ 46.4384539, 41.87098910000001 ], [ 46.43940159999999, 41.8678107 ], [ 46.4429456, 41.8637844 ], [ 46.4485321, 41.863165399999986 ], [ 46.4579533, 41.8685207 ], [ 46.4611773, 41.8683204 ], [ 46.4636735, 41.865622 ], [ 46.4689562, 41.8741835 ], [ 46.4782461, 41.8809101 ], [ 46.4802482, 41.8812678 ], [ 46.4987974, 41.8867685 ], [ 46.5087402, 41.8897219 ], [ 46.5123509, 41.8875108 ], [ 46.5188748, 41.8883614 ], [ 46.5370359, 41.8804545 ], [ 46.5374822, 41.8738507 ], [ 46.5418052, 41.8691208 ], [ 46.5475123, 41.8687026 ], [ 46.5515978, 41.8671492 ], [ 46.551355, 41.8640021 ], [ 46.5545395, 41.8569469 ], [ 46.5502152, 41.8484969 ], [ 46.5517912, 41.8471215 ], [ 46.5506423, 41.844864 ], [ 46.5519832, 41.8369461 ], [ 46.5508886, 41.8339185 ], [ 46.5536289, 41.829211 ], [ 46.5547354, 41.8226604 ], [ 46.5564531, 41.820621 ], [ 46.5634015, 41.8201152 ], [ 46.5668539, 41.8130381 ], [ 46.5736882, 41.8125992 ], [ 46.5757884, 41.8085382 ], [ 46.5811944, 41.8059336 ], [ 46.5826663, 41.8034949 ], [ 46.5853267, 41.8027586 ], [ 46.597138, 41.8110229 ], [ 46.6050233, 41.8118381 ], [ 46.6133257, 41.8171874 ], [ 46.6214833, 41.8242407 ], [ 46.6180324, 41.8288748 ], [ 46.6245884, 41.83432289999999 ], [ 46.6284481, 41.8347002 ], [ 46.6313232, 41.8340027 ], [ 46.6362688, 41.8305569 ], [ 46.6456489, 41.8286014 ], [ 46.6469772, 41.8284551 ], [ 46.6510681, 41.8316472 ], [ 46.6707106, 41.8355434 ], [ 46.6742215, 41.8351358 ], [ 46.6775958, 41.8332222 ], [ 46.6821681, 41.8329977 ], [ 46.6917484, 41.8353784 ], [ 46.6985793, 41.8326303 ], [ 46.7010288, 41.8331594 ], [ 46.7040493, 41.8300857 ], [ 46.7068523, 41.829597 ], [ 46.7100632, 41.8269915 ], [ 46.7149891, 41.8284363 ], [ 46.7203774, 41.8279882 ], [ 46.722691, 41.8304915 ], [ 46.71591440000001, 41.8391034 ], [ 46.7162985, 41.8474674 ], [ 46.7243562, 41.8492786 ], [ 46.7345329, 41.856236 ], [ 46.750569, 41.8579852 ], [ 46.7584929, 41.8625508 ], [ 46.7602652, 41.8625334 ], [ 46.759934, 41.8582762 ], [ 46.76187920000001, 41.8518456 ], [ 46.7608946, 41.8499399 ], [ 46.7654442, 41.8403683 ], [ 46.7704628, 41.8348924 ], [ 46.7738119, 41.8260051 ], [ 46.7843046, 41.8162866 ], [ 46.7828145, 41.8129332 ], [ 46.7719885, 41.8113549 ], [ 46.7695503, 41.8096465 ], [ 46.7656077, 41.8009545 ], [ 46.7714032, 41.7950647 ], [ 46.7797399, 41.7913335 ], [ 46.7807534, 41.7886829 ], [ 46.7862347, 41.7849322 ], [ 46.7893872, 41.7802839 ], [ 46.7924534, 41.7791099 ], [ 46.7907529, 41.7738268 ], [ 46.7968548, 41.7718212 ], [ 46.8032912, 41.76420779999999 ], [ 46.8099054, 41.76154059999999 ], [ 46.8195358, 41.7612675 ], [ 46.8230806, 41.7634559 ], [ 46.8302197, 41.7613501 ], [ 46.8308713, 41.7491342 ], [ 46.8325135, 41.7475166 ], [ 46.8369958, 41.7481403 ], [ 46.843469, 41.7423927 ], [ 46.8525972, 41.7369603 ], [ 46.8526168, 41.734382 ], [ 46.8558159, 41.7321956 ], [ 46.8577045, 41.7309425 ], [ 46.8587437, 41.727163 ], [ 46.8619518, 41.7252243 ], [ 46.8649853, 41.7202865 ], [ 46.8705941, 41.7195222 ], [ 46.875966, 41.7238174 ], [ 46.8758472, 41.7260221 ], [ 46.878728, 41.728149 ], [ 46.8826734, 41.7274073 ], [ 46.8874432, 41.7293295 ], [ 46.8912527, 41.7291479 ], [ 46.89277, 41.7306706 ], [ 46.8988909, 41.7328008 ], [ 46.9069469, 41.7280636 ], [ 46.9135847, 41.7266854 ], [ 46.9156382, 41.7251925 ], [ 46.928638, 41.7105062 ], [ 46.9292568, 41.7078477 ], [ 46.925249, 41.6907979 ], [ 46.9210569, 41.6855089 ], [ 46.9274758, 41.6765736 ], [ 46.9326023, 41.6767288 ], [ 46.9380011, 41.678401 ], [ 46.9428905, 41.6749612 ], [ 46.9461161, 41.6635187 ], [ 46.9526539, 41.6589849 ], [ 46.9569182, 41.6544691 ], [ 46.9614039, 41.6529147 ], [ 46.9803534, 41.6461337 ], [ 46.9850739, 41.6444299 ], [ 46.9909857, 41.644221 ], [ 46.9992113, 41.6408802 ], [ 47.0008436, 41.6341586 ], [ 47.0041487, 41.6313389 ], [ 47.0087229, 41.62997630000001 ], [ 47.012304, 41.6274483 ], [ 47.0086655, 41.6238617 ], [ 47.0063045, 41.6178523 ], [ 47.0000724, 41.6124158 ], [ 46.9961293, 41.6037104 ], [ 46.9961933, 41.6011549 ], [ 46.9906892, 41.5997941 ], [ 46.992385, 41.5975739 ], [ 46.9914527, 41.5948918 ], [ 46.9940933, 41.5916138 ], [ 46.9969756, 41.5905182 ], [ 46.9978153, 41.5878187 ], [ 47.0043846, 41.5846518 ], [ 47.0034262, 41.581554 ], [ 47.005312, 41.5802899 ], [ 47.0098844, 41.57840789999999 ], [ 47.016189, 41.5798533 ], [ 47.0224794, 41.57718460000001 ], [ 47.0159812, 41.5597809 ], [ 47.0185715, 41.5558754 ], [ 47.0212352, 41.5570134 ], [ 47.0239718, 41.5608545 ], [ 47.0335153, 41.5649386 ], [ 47.0349822, 41.5611599 ], [ 47.0389598, 41.5580181 ], [ 47.0466374, 41.5576544 ], [ 47.0515357, 41.5549183 ], [ 47.0592018, 41.556415 ], [ 47.0662019, 41.5547953 ], [ 47.0721742, 41.5576316 ], [ 47.0731785, 41.5591578 ], [ 47.0705489, 41.562687 ], [ 47.0699828, 41.567677 ], [ 47.0668937, 41.5702364 ], [ 47.0680123, 41.5718938 ], [ 47.0726538, 41.5732237 ], [ 47.077312, 41.579038 ], [ 47.0823984, 41.5777752 ], [ 47.087477, 41.5793212 ], [ 47.0893098, 41.5830382 ], [ 47.0942102, 41.584281 ], [ 47.0969658, 41.5875259 ], [ 47.10184, 41.5898265 ], [ 47.1133597, 41.5952865 ], [ 47.1114002, 41.5857686 ], [ 47.1122562, 41.5807373 ], [ 47.110119, 41.5751457 ], [ 47.1128649, 41.573293 ], [ 47.1141, 41.5702774 ], [ 47.1228421, 41.5648077 ], [ 47.1230948, 41.5624416 ], [ 47.1253522, 41.5602451 ], [ 47.1241772, 41.5598164 ], [ 47.1254286, 41.5559437 ], [ 47.1289962, 41.5508205 ], [ 47.1319438, 41.5502361 ], [ 47.1468642, 41.5410615 ], [ 47.1468993, 41.5391069 ], [ 47.1491457, 41.5371363 ], [ 47.1540646, 41.5354086 ], [ 47.1576648, 41.5316273 ], [ 47.1643245, 41.5296936 ], [ 47.1670379, 41.52768910000001 ], [ 47.1692011, 41.52810369999999 ], [ 47.171622, 41.5270435 ], [ 47.1725783, 41.5223047 ], [ 47.1680072, 41.5149172 ], [ 47.1637397, 41.5127181 ], [ 47.1615721, 41.5089768 ], [ 47.15708269999999, 41.5063621 ], [ 47.1590577, 41.4983327 ], [ 47.1702265, 41.4952364 ], [ 47.1732175, 41.4964388 ], [ 47.1754707, 41.4952211 ], [ 47.1770373, 41.4898138 ], [ 47.1811716, 41.48663289999999 ], [ 47.1854554, 41.4864291 ], [ 47.1928253, 41.4884325 ], [ 47.1938217, 41.4820697 ], [ 47.1977243, 41.4773094 ], [ 47.1982263, 41.4739753 ], [ 47.1931555, 41.4707406 ], [ 47.2025539, 41.4641545 ], [ 47.2055826, 41.4587767 ], [ 47.2048062, 41.4574448 ], [ 47.2111795, 41.4503207 ], [ 47.2173898, 41.44985109999999 ], [ 47.2215527, 41.4465953 ], [ 47.2279595, 41.4493827 ], [ 47.2425613, 41.4455942 ], [ 47.2395555, 41.43902689999999 ], [ 47.2359119, 41.4356825 ], [ 47.2365225, 41.434098 ], [ 47.2269223, 41.4277584 ], [ 47.2252633, 41.4232069 ], [ 47.222482, 41.4205888 ], [ 47.221907, 41.4188057 ], [ 47.2234963, 41.4166939 ], [ 47.2265224, 41.4160208 ], [ 47.2284719, 41.4131596 ], [ 47.2275871, 41.4108292 ], [ 47.2287158, 41.4084281 ], [ 47.2275229, 41.4047121 ], [ 47.2243031, 41.4018327 ], [ 47.2187646, 41.4000375 ], [ 47.2228178, 41.39778549999998 ], [ 47.2268596, 41.4001771 ], [ 47.2338659, 41.4013369 ], [ 47.235494, 41.3994478 ], [ 47.2404321, 41.3981786 ], [ 47.242798, 41.3951805 ], [ 47.2521189, 41.3986785 ], [ 47.2573373, 41.3972094 ], [ 47.2633774, 41.3890096 ], [ 47.2635675, 41.3841276 ], [ 47.2600082, 41.3795834 ], [ 47.2652509, 41.372297 ], [ 47.2643527, 41.3706479 ], [ 47.2663809, 41.3680398 ], [ 47.2652352, 41.3665263 ], [ 47.2684716, 41.3586687 ], [ 47.2709683, 41.3537542 ], [ 47.268367, 41.3498668 ], [ 47.2664856, 41.3451404 ], [ 47.2631454, 41.3434548 ], [ 47.2578824, 41.3393015 ], [ 47.259245, 41.3378183 ], [ 47.2677722, 41.3325981 ], [ 47.2704653, 41.3284051 ], [ 47.2815428, 41.3277346 ], [ 47.2894609, 41.3250674 ], [ 47.2891529, 41.319597 ], [ 47.2989814, 41.3112588 ], [ 47.3004123, 41.3077896 ], [ 47.3053214, 41.3066786 ], [ 47.3092013, 41.3041854 ], [ 47.3146242, 41.3043663 ], [ 47.3242914, 41.3008573 ], [ 47.3286065, 41.2958812 ], [ 47.338876, 41.2946287 ], [ 47.3442346, 41.2920841 ], [ 47.3469516, 41.2875603 ], [ 47.3536303, 41.2859858 ], [ 47.3555211, 41.2816001 ], [ 47.3633297, 41.2788934 ], [ 47.3689634, 41.2747707 ], [ 47.3768501, 41.2723368 ], [ 47.3855129, 41.27408530000001 ], [ 47.3918828, 41.2708561 ], [ 47.402673, 41.2683732 ], [ 47.4033565, 41.264842 ], [ 47.4082398, 41.2622978 ], [ 47.4089205, 41.2668986 ], [ 47.4127757, 41.2674279 ], [ 47.4180954, 41.2667418 ], [ 47.427312, 41.2679373 ], [ 47.4330411, 41.2660915 ], [ 47.4415397, 41.2716948 ], [ 47.4456837, 41.2730682 ], [ 47.449929, 41.272977 ], [ 47.4510761, 41.2741359 ], [ 47.4536731, 41.2739123 ], [ 47.4567265, 41.2704484 ], [ 47.4593447, 41.26949 ], [ 47.4606913, 41.2663838 ], [ 47.4677057, 41.261341 ], [ 47.4694469, 41.2576985 ], [ 47.4730573, 41.2554673 ], [ 47.4756852, 41.2602615 ], [ 47.4806785, 41.2641614 ], [ 47.4984654, 41.2684681 ], [ 47.5009986, 41.2639293 ], [ 47.5057234, 41.2617027 ], [ 47.5040926, 41.2589184 ], [ 47.502687, 41.2579656 ], [ 47.50434, 41.2563413 ], [ 47.5054654, 41.2537829 ], [ 47.5038834, 41.2511977 ], [ 47.5077626, 41.2464635 ], [ 47.5073621, 41.2418747 ], [ 47.5053315, 41.237732 ], [ 47.5008238, 41.2338102 ], [ 47.5038461, 41.2297201 ], [ 47.5032401, 41.2282268 ], [ 47.51165, 41.2236502 ], [ 47.5177543, 41.2205573 ], [ 47.5222279, 41.219744 ], [ 47.5256184, 41.2148436 ], [ 47.5321874, 41.2116565 ], [ 47.5369731, 41.2060005 ], [ 47.5412458, 41.2050853 ], [ 47.5454761, 41.2056308 ], [ 47.5495098, 41.2040233 ], [ 47.5523342, 41.2013209 ], [ 47.5545528, 41.2010088 ], [ 47.5546618, 41.1990903 ], [ 47.557588, 41.1980256 ], [ 47.5647946, 41.1982798 ], [ 47.5654758, 41.2060623 ], [ 47.5676002, 41.20771 ], [ 47.5676186, 41.2108945 ], [ 47.5777787, 41.2175248 ], [ 47.5869233, 41.2161758 ], [ 47.5888388, 41.2181648 ], [ 47.5912817, 41.2183873 ], [ 47.5951105, 41.2165522 ], [ 47.596206, 41.2185702 ], [ 47.6010467, 41.2197302 ], [ 47.6045396, 41.2194931 ], [ 47.6103595, 41.2168385 ], [ 47.6129445, 41.220582 ], [ 47.6117251, 41.2215667 ], [ 47.6113263, 41.2259395 ], [ 47.6132441, 41.2253077 ], [ 47.6148138, 41.23020540000001 ], [ 47.6183155, 41.232875 ], [ 47.6180882, 41.23643469999998 ], [ 47.6199174, 41.2383023 ], [ 47.6224629, 41.2349208 ], [ 47.6287998, 41.2315209 ], [ 47.6468974, 41.2288802 ], [ 47.6478966, 41.2251808 ], [ 47.6510597, 41.2230638 ], [ 47.6565642, 41.2242909 ], [ 47.6655486, 41.224304 ], [ 47.6721896, 41.2222365 ], [ 47.6788088, 41.224386 ], [ 47.6845749, 41.2234435 ], [ 47.6892267, 41.2274161 ], [ 47.693753, 41.2258383 ], [ 47.7011076, 41.2260054 ], [ 47.7067619, 41.2129425 ], [ 47.7115183, 41.2087492 ], [ 47.7144235, 41.2085066 ], [ 47.7166782, 41.206825 ], [ 47.7260746, 41.2067925 ], [ 47.7263049, 41.1935615 ], [ 47.7317027, 41.1916559 ], [ 47.7449021, 41.1898193 ], [ 47.749521, 41.1876643 ], [ 47.7524999, 41.1916146 ], [ 47.7551621, 41.1926802 ], [ 47.7623515, 41.1881463 ], [ 47.7780335, 41.1874569 ], [ 47.7832638, 41.1850968 ], [ 47.7904208, 41.1941589 ], [ 47.794275, 41.2047928 ], [ 47.800624, 41.2087558 ], [ 47.8076727, 41.2113929 ], [ 47.8105052, 41.2192389 ], [ 47.8203534, 41.2219088 ], [ 47.8277463, 41.2205954 ], [ 47.8396704, 41.2157415 ], [ 47.8416824, 41.2166165 ], [ 47.8447906, 41.2158973 ], [ 47.8499937, 41.2153111 ], [ 47.8564319, 41.2185922 ], [ 47.8579219, 41.2206344 ], [ 47.8649859, 41.2186139 ], [ 47.87615850000001, 41.2173506 ], [ 47.8845068, 41.2184783 ], [ 47.8917525, 41.2259837 ], [ 47.8929334, 41.2295358 ], [ 47.9004382, 41.233225 ], [ 47.9019697, 41.2376512 ], [ 47.9049087, 41.2395655 ], [ 47.9057299, 41.241854 ], [ 47.9039843, 41.2443428 ], [ 47.9110571, 41.2542561 ], [ 47.9108036, 41.2565738 ], [ 47.9093468, 41.2632915 ], [ 47.9056729, 41.2665641 ], [ 47.9095741, 41.2782537 ], [ 47.8946143, 41.2876053 ], [ 47.890319, 41.2877347 ], [ 47.892864, 41.2918691 ], [ 47.8967272, 41.2922278 ], [ 47.8994696, 41.29608 ], [ 47.8990807, 41.2994679 ], [ 47.9115339, 41.2997012 ], [ 47.9190575, 41.3035868 ], [ 47.932249, 41.3111644 ], [ 47.9374527, 41.3136036 ], [ 47.948491, 41.3128679 ], [ 47.9644572, 41.3163161 ], [ 47.9646008, 41.3187698 ], [ 47.9689633, 41.3207925 ], [ 47.9689908, 41.3240773 ], [ 47.9578062, 41.3320773 ], [ 47.9558363, 41.341634499999984 ], [ 47.9535644, 41.3424077 ], [ 47.952387, 41.3474651 ], [ 47.9497854, 41.3505961 ], [ 47.9535659, 41.3537274 ], [ 47.9549709, 41.358997 ], [ 47.9628734, 41.3607261 ], [ 47.9682109, 41.3567264 ], [ 47.9749932, 41.353713 ], [ 47.9833118, 41.35333 ], [ 47.9913394, 41.3557211 ], [ 47.9938605, 41.3673316 ], [ 47.9976812, 41.3708743 ], [ 48.0011341, 41.3715118 ], [ 48.0033209, 41.3732901 ], [ 48.0027144, 41.3746222 ], [ 48.00577349999999, 41.381062 ], [ 47.9973141, 41.38550259999999 ], [ 48.0006997, 41.3910881 ], [ 47.9984976, 41.3957414 ], [ 48.0020089, 41.4009494 ], [ 48.0063111, 41.4033789 ], [ 48.0032668, 41.4094261 ], [ 48.0040827, 41.4109415 ], [ 48.0026453, 41.4143205 ], [ 48.0075924, 41.4246589 ], [ 48.0137686, 41.4286335 ], [ 48.01655, 41.4341712 ], [ 48.0249501, 41.4347513 ], [ 48.0365953, 41.4389866 ], [ 48.0583908, 41.4558793 ], [ 48.0637341, 41.4575127 ], [ 48.0643381, 41.4599915 ], [ 48.054184, 41.4671418 ], [ 48.0576866, 41.479212 ], [ 48.0649051, 41.4893551 ], [ 48.0647888, 41.4922877 ], [ 48.0697662, 41.4954315 ], [ 48.076911, 41.4977745 ], [ 48.0885616, 41.4985266 ], [ 48.09905890000001, 41.4977135 ], [ 48.1195408, 41.4993954 ], [ 48.1381648, 41.5081343 ], [ 48.1673782, 41.5123622 ], [ 48.2029665, 41.5122831 ], [ 48.2242755, 41.51693310000001 ], [ 48.252321, 41.5284019 ], [ 48.2595195, 41.5355582 ], [ 48.259546, 41.5413894 ], [ 48.2844654, 41.5608481 ], [ 48.2919288, 41.5639559 ], [ 48.31440889999999, 41.564105 ], [ 48.3216481, 41.5680806 ], [ 48.3486872, 41.5763908 ], [ 48.35534349999999, 41.5820557 ], [ 48.3773438, 41.5910141 ], [ 48.3866702, 41.5976606 ], [ 48.3960939, 41.6086997 ], [ 48.4011855, 41.6103507 ], [ 48.4127726, 41.623155 ], [ 48.4177274, 41.6354611 ], [ 48.4155384, 41.6379072 ], [ 48.4201699, 41.6504407 ], [ 48.4273266, 41.6601184 ], [ 48.4339995, 41.664984 ], [ 48.4369056, 41.6703851 ], [ 48.4530835, 41.6849322 ], [ 48.4567491, 41.6908342 ], [ 48.4649101, 41.6956216 ], [ 48.4678953, 41.6993812 ], [ 48.4748785, 41.704436499999986 ], [ 48.4745202, 41.7065797 ], [ 48.478867, 41.7101443 ], [ 48.4833759, 41.7190257 ], [ 48.489101, 41.7242496 ], [ 48.4911189, 41.7277451 ], [ 48.4992236, 41.7320649 ], [ 48.508102, 41.739839 ], [ 48.5115822, 41.7412773 ], [ 48.515913, 41.7472339 ], [ 48.5295532, 41.7592531 ], [ 48.5409316, 41.7688045 ], [ 48.5423126, 41.7717828 ], [ 48.5548962, 41.7810193 ], [ 48.5556164, 41.7823725 ], [ 48.5532645, 41.7882852 ], [ 48.5570018, 41.7975935 ], [ 48.5558526, 41.80092290000001 ], [ 48.5581086, 41.8023652 ], [ 48.5662552, 41.8028045 ], [ 48.5686374, 41.8066357 ], [ 48.5793446, 41.816775 ], [ 48.5762767, 41.8228052 ], [ 48.5766898, 41.8243384 ], [ 48.58322, 41.8353195 ], [ 48.5858771, 41.8384789 ], [ 48.5902394, 41.8404896 ], [ 48.5925512, 41.8425176 ], [ 48.5926326, 41.8428911 ], [ 48.8090441, 41.9613209 ], [ 48.8150941, 41.9646768 ], [ 48.8354223, 41.9502512 ], [ 48.8561307, 41.9331612 ], [ 48.8760824, 41.9137481 ], [ 48.9149786, 41.8795186 ], [ 48.9656304, 41.826597 ], [ 48.9873167, 41.799139 ], [ 49.0069769, 41.7820106 ], [ 49.0321533, 41.754319 ], [ 49.0578764, 41.7320895 ], [ 49.077911, 41.7107398 ], [ 49.0996767, 41.6908689 ], [ 49.1158267, 41.6724446 ], [ 49.137274, 41.6536317 ], [ 49.168398, 41.6217561 ], [ 49.1892468, 41.5967641 ], [ 49.2119755, 41.5741566 ], [ 49.245162, 41.5339196 ], [ 49.2585984, 41.5200371 ], [ 49.297519, 41.4743888 ], [ 49.3296567, 41.4288344 ], [ 49.3670833, 41.3692811 ], [ 49.3779078, 41.345641 ], [ 49.3937576, 41.2993758 ], [ 49.3984476, 41.2794606 ], [ 49.4075249, 41.2222178 ], [ 49.4195575, 41.1963692 ], [ 49.4252322, 41.1773451 ], [ 49.4283559, 41.1583794 ], [ 49.4424397, 41.1247219 ], [ 49.4746806, 41.1018451 ], [ 49.4984052, 41.0830605 ], [ 49.5136226, 41.0690159 ], [ 49.5285613, 41.0521584 ], [ 49.5482626, 41.03904210000001 ], [ 49.5651669, 41.0258417 ], [ 49.578298, 41.0223642 ], [ 49.6099075, 41.0121353 ], [ 49.642819, 40.9983726 ], [ 49.6856325, 40.9739185 ], [ 49.7064938, 40.9599288 ], [ 49.7345993, 40.9358525 ], [ 49.7517475, 40.9180048 ], [ 49.779401, 40.8843152 ], [ 49.7912404, 40.866692 ], [ 49.8017854, 40.8458869 ], [ 49.8091031, 40.8248637 ], [ 49.8130318, 40.8055713 ], [ 49.8146526, 40.7794741 ], [ 49.8275183, 40.7727409 ], [ 49.83866539999999, 40.7709103 ], [ 49.8635628, 40.7766632 ], [ 49.8965445, 40.7845903 ], [ 49.9277059, 40.7893167 ], [ 49.9765106, 40.7936328 ], [ 50.0166169, 40.7930643 ], [ 50.0421314, 40.7959348 ], [ 50.0650846, 40.79689 ], [ 50.0880599, 40.7963167 ], [ 50.1136829, 40.7938669 ], [ 50.1389233, 40.7894799 ], [ 50.1602863, 40.7841695 ], [ 50.1866921, 40.7754305 ], [ 50.2081316, 40.7662846 ], [ 50.23801189999999, 40.7497918 ], [ 50.2652006, 40.7534112 ], [ 50.2938499, 40.7548435 ], [ 50.3225337, 40.7538883 ], [ 50.3509079, 40.7505571 ], [ 50.3867152, 40.7427724 ], [ 50.4157246, 40.7331658 ], [ 50.445327, 40.7197877 ], [ 50.4723679, 40.7035778 ], [ 50.5029973, 40.6791923 ], [ 50.5235752, 40.6582006 ], [ 50.537844, 40.6392639 ], [ 50.5693047, 40.5878308 ], [ 50.5957021, 40.5776767 ], [ 50.6174165, 40.5669531 ], [ 50.6397097, 40.553255 ], [ 50.6565758, 40.5405684 ], [ 50.6923752, 40.5316959 ], [ 50.7282621, 40.51814670000001 ], [ 50.7631269, 40.4992518 ], [ 50.7904609, 40.478885 ], [ 50.8814603, 40.4599033 ], [ 50.9574982, 40.4363224 ], [ 50.9847425, 40.4311949 ], [ 51.0063021, 40.4253828 ], [ 51.0421326, 40.4118334 ], [ 51.076943, 40.3929381 ], [ 51.0997887, 40.3763202 ], [ 51.1179892, 40.3596845 ], [ 51.1404313, 40.3339032 ], [ 51.1535379, 40.3145091 ], [ 51.165502, 40.2899664 ], [ 51.1726842, 40.2667371 ], [ 51.1761928, 40.2427251 ], [ 51.1761128, 40.2208464 ], [ 51.1707562, 40.1901724 ], [ 51.1650382, 40.1732603 ], [ 51.1574237, 40.1567943 ], [ 51.1298806, 40.1146833 ], [ 51.1019887, 40.0838181 ], [ 51.0750552, 40.06133470000001 ], [ 51.0414233, 40.0408526 ], [ 51.0222482, 40.0313721 ], [ 51.0045543, 40.0242306 ], [ 50.9674993, 40.0131861 ], [ 50.9286991, 40.0065914 ], [ 50.8918902, 40.004575 ], [ 50.8543179, 40.0066289 ], [ 50.8213026, 40.0119691 ], [ 50.7891492, 40.0206362 ], [ 50.7636588, 40.0302687 ], [ 50.73593, 40.0428819 ], [ 50.7150171, 40.054516 ], [ 50.6918709, 40.0648143 ], [ 50.6706995, 40.0766029 ], [ 50.6364465, 40.0658888 ], [ 50.6034127, 40.0594033 ], [ 50.5695636, 40.0562765 ], [ 50.5356298, 40.0565536 ], [ 50.5093079, 40.0419097 ], [ 50.480124, 40.0296433 ], [ 50.4509099, 40.0207672 ], [ 50.4215635, 40.0147755 ], [ 50.3891283, 40.0112878 ], [ 50.3550608, 40.0110028 ], [ 50.3239944, 40.0137324 ], [ 50.2936436, 40.0193051 ], [ 50.2565853, 40.0303495 ], [ 50.2234598, 40.0448767 ], [ 50.1931061, 40.0631209 ], [ 50.1672164, 40.0838156 ], [ 50.1291252, 40.069224 ], [ 50.1022047, 40.0622245 ], [ 50.077295, 40.057871100000014 ], [ 50.0461752, 40.0551205 ], [ 50.0161173, 40.0550522 ], [ 49.9878691, 40.0574225 ], [ 49.9601212, 40.0621351 ], [ 49.9332008, 40.0691346 ], [ 49.9124742, 40.07632610000001 ], [ 49.8861073, 40.0877455 ], [ 49.896205, 40.0715283 ], [ 49.9041567, 40.0551595 ], [ 49.9102182, 40.0383201 ], [ 49.9143446, 40.0211385 ], [ 49.9165061, 40.00374569999999 ], [ 49.9166876, 39.98627409999999 ], [ 49.9118994, 39.9543015 ], [ 49.9076492, 39.9394991 ], [ 49.9001682, 39.9210274 ], [ 49.8907428, 39.9036603 ], [ 49.8807496, 39.8889817 ], [ 49.8675345, 39.8728182 ], [ 49.8545933, 39.8596716 ], [ 49.8262858, 39.8371093 ], [ 49.8369424, 39.8147288 ], [ 49.843608, 39.7934467 ], [ 49.8672952, 39.7812583 ], [ 49.8846955, 39.7704162 ], [ 49.9030804, 39.7566709 ], [ 49.9177811, 39.7433843 ], [ 49.9309202, 39.7291577 ], [ 49.9423982, 39.7140998 ], [ 49.9521285, 39.6983258 ], [ 49.9617236, 39.67778529999999 ], [ 49.9672756, 39.6608472 ], [ 49.971452, 39.6395927 ], [ 49.9726841, 39.6203735 ], [ 49.9718582, 39.60289190000001 ], [ 49.968655, 39.5835355 ], [ 49.9633769, 39.5658806 ], [ 49.9565021, 39.5492409 ], [ 49.9465596, 39.5311636 ], [ 49.9282494, 39.5065233 ], [ 49.9057625, 39.4841933 ], [ 49.8794997, 39.4645476 ], [ 49.84972109999999, 39.4478797 ], [ 49.8250093, 39.4374021 ], [ 49.8016983, 39.4298068 ], [ 49.7774136, 39.4240086 ], [ 49.7553634, 39.420423 ], [ 49.7329958, 39.4183372 ], [ 49.7048472, 39.4178622 ], [ 49.6767981, 39.4197601 ], [ 49.6523376, 39.423411 ], [ 49.6572939, 39.4014272 ], [ 49.6590464, 39.3824096 ], [ 49.6703991, 39.3652069 ], [ 49.6789427, 39.348742 ], [ 49.6851394, 39.3336586 ], [ 49.6906673, 39.3146197 ], [ 49.6934188, 39.2984061 ], [ 49.6945569, 39.277924 ], [ 49.690981, 39.2451605 ], [ 49.684827, 39.2238523 ], [ 49.6759279, 39.2035658 ], [ 49.6637808, 39.1833275 ], [ 49.648923, 39.1643268 ], [ 49.6322569, 39.1474393 ], [ 49.6118143, 39.1308808 ], [ 49.5873337, 39.114777 ], [ 49.5657971, 39.10351829999998 ], [ 49.5801454, 39.076151 ], [ 49.5888789, 39.0487401 ], [ 49.5925575, 39.020363 ], [ 49.5913643, 38.9941774 ], [ 49.5858039, 38.968337 ], [ 49.5739343, 38.939214599999985 ], [ 49.5580507, 38.9138221 ], [ 49.5386507, 38.8913676 ], [ 49.5190767, 38.8738563 ], [ 49.498444, 38.8591317 ], [ 49.4758918, 38.8462464 ], [ 49.4466731, 38.83342469999999 ], [ 49.4208652, 38.8250883 ], [ 49.3886009, 38.8180498 ], [ 49.3554424, 38.8143567 ], [ 49.3270127, 38.8138993 ], [ 49.3076723, 38.7988571 ], [ 49.2872354, 38.7859514 ], [ 49.2626018, 38.7733191 ], [ 49.234929, 38.762034 ], [ 49.2134968, 38.7550579 ], [ 49.1894439, 38.749259 ], [ 49.1508285, 38.7433471 ], [ 49.125917, 38.7409026 ], [ 49.1239837, 38.7230622 ], [ 49.1278058, 38.6945281 ], [ 49.1308294, 38.6476821 ], [ 49.1287561, 38.6005218 ], [ 49.1298527, 38.5671327 ], [ 49.1341578, 38.5255262 ], [ 49.1325581, 38.4964244 ], [ 49.1368682, 38.4515723 ], [ 48.8833307, 38.4432164 ], [ 48.872864, 38.4403078 ], [ 48.868409, 38.4444288 ], [ 48.8663255, 38.444512 ], [ 48.8643599, 38.4422075 ], [ 48.8620497, 38.4449959 ], [ 48.8527117, 38.448455 ], [ 48.8524413, 38.4499288 ], [ 48.8510097, 38.4501975 ], [ 48.8468493, 38.448746 ], [ 48.8411921, 38.4526814 ], [ 48.8334707, 38.4520356 ], [ 48.8314203, 38.4494912 ], [ 48.8240135, 38.4492084 ], [ 48.8210939, 38.4480921 ], [ 48.8169241, 38.4507551 ], [ 48.8115932, 38.44761539999999 ], [ 48.8089941, 38.4492603 ], [ 48.8035558, 38.4490827 ], [ 48.8005299, 38.4515051 ], [ 48.7978856, 38.4505343 ], [ 48.7913236, 38.4517477 ], [ 48.7877683, 38.4505947 ], [ 48.7862712, 38.4472004 ], [ 48.7827791, 38.4469003 ], [ 48.7795145, 38.441604 ], [ 48.7742558, 38.43969280000001 ], [ 48.7700408, 38.4413435 ], [ 48.76731, 38.440739 ], [ 48.7648876, 38.43793 ], [ 48.7642574, 38.4345715 ], [ 48.7598002, 38.431183 ], [ 48.7533339, 38.4282408 ], [ 48.7524734, 38.4249915 ], [ 48.7478518, 38.4225018 ], [ 48.7468532, 38.4171495 ], [ 48.7431185, 38.4158349 ], [ 48.7383031, 38.4111207 ], [ 48.7327592, 38.4116718 ], [ 48.7169976, 38.4079736 ], [ 48.7067974, 38.4083586 ], [ 48.6993927, 38.4053138 ], [ 48.6936669, 38.4002742 ], [ 48.6710869, 38.3958997 ], [ 48.6686731, 38.3969525 ], [ 48.6664693, 38.3942382 ], [ 48.6622715, 38.3929551 ], [ 48.6592833, 38.3933659 ], [ 48.6560848, 38.3981499 ], [ 48.6544846, 38.3978572 ], [ 48.6459001, 38.4014102 ], [ 48.6421851, 38.401147 ], [ 48.6390158, 38.3991402 ], [ 48.6325079, 38.402033 ], [ 48.6289704, 38.4021763 ], [ 48.6282904, 38.4038445 ], [ 48.6236099, 38.4052919 ], [ 48.6223296, 38.4074136 ], [ 48.6191602, 38.4078084 ], [ 48.6162123, 38.4099405 ], [ 48.6081648, 38.4154124 ], [ 48.6018782, 38.4173601 ], [ 48.602248, 38.4237662 ], [ 48.5982694, 38.4260715 ], [ 48.591972, 38.4369483 ], [ 48.5928854, 38.4459367 ], [ 48.5904182, 38.4495263 ], [ 48.5915804, 38.4530758 ], [ 48.5908553, 38.4556542 ], [ 48.5873966, 38.4546229 ], [ 48.5832971, 38.456565 ], [ 48.5818264, 38.4603383 ], [ 48.5815206, 38.4627736 ], [ 48.5788532, 38.4637336 ], [ 48.579433, 38.4668173 ], [ 48.5737245, 38.4687234 ], [ 48.57434279999999, 38.4709341 ], [ 48.5663616, 38.4800099 ], [ 48.5632224, 38.4796501 ], [ 48.5571388, 38.4811685 ], [ 48.5567157, 38.4841492 ], [ 48.5529332, 38.4859712 ], [ 48.5530467, 38.4886581 ], [ 48.5496942, 38.4907226 ], [ 48.5507374, 38.4940918 ], [ 48.5433359, 38.4958484 ], [ 48.5376386, 38.5034509 ], [ 48.5323299, 38.5044347 ], [ 48.5266739, 38.5142544 ], [ 48.5219245, 38.515759 ], [ 48.5176091, 38.5154365 ], [ 48.5167375, 38.5174825 ], [ 48.5133037, 38.518379 ], [ 48.5139596, 38.5223081 ], [ 48.509365, 38.5256711 ], [ 48.508275, 38.527929 ], [ 48.5077893, 38.5395051 ], [ 48.5053883, 38.5441254 ], [ 48.5055078, 38.5470001 ], [ 48.4950289, 38.5532719 ], [ 48.4887298, 38.552604 ], [ 48.483957, 38.5540011 ], [ 48.4768878, 38.5515793 ], [ 48.4722042, 38.5535327 ], [ 48.4706685, 38.5564238 ], [ 48.4685627, 38.5571989 ], [ 48.4681091, 38.5616275 ], [ 48.464684, 38.5613214 ], [ 48.4619022, 38.5653001 ], [ 48.4621515, 38.5700897 ], [ 48.4592363, 38.5775474 ], [ 48.4545155, 38.5811489 ], [ 48.4541344, 38.5831819 ], [ 48.4567645, 38.5859578 ], [ 48.4541987, 38.5872005 ], [ 48.4535289, 38.58976629999999 ], [ 48.4586107, 38.5980425 ], [ 48.4559619, 38.60416689999999 ], [ 48.4592932, 38.6076878 ], [ 48.4541386, 38.609514 ], [ 48.4514814, 38.6104553 ], [ 48.4474559, 38.6100329 ], [ 48.4413158, 38.6127221 ], [ 48.4358582, 38.6117569 ], [ 48.4314838, 38.613568 ], [ 48.4251103, 38.6132877 ], [ 48.4214685, 38.6101129 ], [ 48.4179562, 38.6090349 ], [ 48.4161312, 38.6059235 ], [ 48.4094692, 38.60426540000001 ], [ 48.4079422, 38.6023118 ], [ 48.3903587, 38.602443 ], [ 48.3884074, 38.6050457 ], [ 48.3856521, 38.6051448 ], [ 48.3800827, 38.6018152 ], [ 48.3742251, 38.6002886 ], [ 48.3736743, 38.5984105 ], [ 48.3669945, 38.5981543 ], [ 48.361489, 38.5948538 ], [ 48.3563145, 38.5977879 ], [ 48.3507154, 38.5951324 ], [ 48.3389146, 38.6012482 ], [ 48.3356942, 38.5996784 ], [ 48.3321411, 38.6010417 ], [ 48.3279269, 38.6043052 ], [ 48.3211746, 38.6020176 ], [ 48.3102234, 38.6076539 ], [ 48.307157, 38.6130918 ], [ 48.3072358, 38.6206222 ], [ 48.3042708, 38.6219208 ], [ 48.300278, 38.629444 ], [ 48.296569, 38.6313734 ], [ 48.296944, 38.633611 ], [ 48.293611, 38.637778 ], [ 48.2958296, 38.642036 ], [ 48.2952436, 38.6455236 ], [ 48.2949419, 38.6473191 ], [ 48.2854652, 38.649176 ], [ 48.2833771, 38.6524101 ], [ 48.2784822, 38.6521196 ], [ 48.2754678, 38.6546514 ], [ 48.2681875, 38.657183 ], [ 48.2582341, 38.6576272 ], [ 48.252657, 38.6619076 ], [ 48.2530584, 38.6825838 ], [ 48.2479729, 38.6891965 ], [ 48.248041, 38.6917769 ], [ 48.2522601, 38.6965666 ], [ 48.2583002, 38.6986486 ], [ 48.259391, 38.708509099999986 ], [ 48.2495889, 38.7168961 ], [ 48.2468845, 38.7217306 ], [ 48.2491558, 38.7260959 ], [ 48.2431049, 38.7288771 ], [ 48.2424671, 38.7312832 ], [ 48.2237072, 38.7346897 ], [ 48.2205007, 38.7378686 ], [ 48.2173601, 38.7364213 ], [ 48.2064716, 38.7398805 ], [ 48.2002006, 38.7449251 ], [ 48.1997534, 38.7489061 ], [ 48.190467, 38.7517875 ], [ 48.1918136, 38.7562153 ], [ 48.1726754, 38.7617366 ], [ 48.1631169, 38.759704499999984 ], [ 48.1482129, 38.7627958 ], [ 48.1447196, 38.7668058 ], [ 48.1360452, 38.7672396 ], [ 48.13294049999999, 38.7699824 ], [ 48.1298333, 38.7684374 ], [ 48.1213841, 38.7697913 ], [ 48.1204203, 38.7710563 ], [ 48.1073103, 38.7698813 ], [ 48.1011708, 38.7768986 ], [ 48.1071082, 38.7885576 ], [ 48.0931903, 38.7890377 ], [ 48.0882912, 38.7939844 ], [ 48.0783816, 38.7938976 ], [ 48.0797177, 38.8009266 ], [ 48.068472, 38.8031826 ], [ 48.0611234, 38.808649 ], [ 48.0488756, 38.8118591 ], [ 48.0448673, 38.8163705 ], [ 48.0408589, 38.815503 ], [ 48.0359609, 38.824387 ], [ 48.034789, 38.830722 ], [ 48.0207028, 38.8378898 ], [ 48.0118328, 38.8909225 ], [ 48.01027, 38.907306 ], [ 48.019223, 38.9120261 ], [ 48.0226406, 38.9098258 ], [ 48.0282078, 38.8994282 ], [ 48.0380272, 38.9008003 ], [ 48.0498167, 38.9049984 ], [ 48.0540902, 38.908744 ], [ 48.0692648, 38.9109368 ], [ 48.0795509, 38.91729930000001 ], [ 48.078535, 38.920741599999985 ], [ 48.0799833, 38.9240089 ], [ 48.0783123, 38.9272383 ], [ 48.0824656, 38.9338592 ], [ 48.0815724, 38.9372849 ], [ 48.0848494, 38.9392544 ], [ 48.0871923, 38.9445813 ], [ 48.0882345, 38.9469508 ], [ 48.1073052, 38.9431561 ], [ 48.1113935, 38.946158899999986 ], [ 48.1227535, 38.9469538 ], [ 48.127939, 38.945918 ], [ 48.1347513, 38.9480754 ], [ 48.1456799, 38.9458717 ], [ 48.1519715, 38.9492072 ], [ 48.152481, 38.952757 ], [ 48.1565422, 38.9540406 ], [ 48.1611304, 38.9529714 ], [ 48.1651341, 38.9548658 ], [ 48.1710632, 38.9557254 ], [ 48.1767835, 38.9546729 ], [ 48.1794589, 38.95601889999999 ], [ 48.190793, 38.9560432 ], [ 48.2064008, 38.95328759999999 ], [ 48.2109092, 38.9556468 ], [ 48.2176851, 38.9554053 ], [ 48.2294145, 38.95977 ], [ 48.2327512, 38.9597761 ], [ 48.235745, 38.9610004 ], [ 48.2369545, 38.96377479999999 ], [ 48.2395571, 38.96497260000001 ], [ 48.2532906, 38.964558 ], [ 48.2585654, 38.96672629999998 ], [ 48.2707532, 38.9673018 ], [ 48.2772997, 38.9725795 ], [ 48.2853084, 38.9755466 ], [ 48.2925906, 38.9796628 ], [ 48.2962055, 38.983356 ], [ 48.2984228, 38.9836805 ], [ 48.2982769, 38.986048 ], [ 48.3077952, 38.9961588 ], [ 48.3167221, 39.0019411 ], [ 48.3171236, 39.0052373 ], [ 48.3262227, 39.0113991 ], [ 48.3374625, 39.029259199999984 ], [ 48.3370493, 39.0319564 ], [ 48.3392349, 39.034108 ], [ 48.3379248, 39.0373704 ], [ 48.3351548, 39.0393539 ], [ 48.3324292, 39.0509497 ], [ 48.3309699, 39.0531113 ], [ 48.3279531, 39.05243 ], [ 48.3258756, 39.0534923 ], [ 48.3276891, 39.0566609 ], [ 48.3264673, 39.0577199 ], [ 48.3240566, 39.0573299 ], [ 48.3229835, 39.0601883 ], [ 48.3247732, 39.06008280000001 ], [ 48.3225857, 39.0674917 ], [ 48.3194553, 39.0681359 ], [ 48.3192445, 39.0722247 ], [ 48.3154117, 39.0785071 ], [ 48.3180867, 39.0791354 ], [ 48.3167452, 39.08513159999998 ], [ 48.3135982, 39.0883194 ], [ 48.3109847, 39.0873672 ], [ 48.3098113, 39.0885678 ], [ 48.3102913, 39.09117590000001 ], [ 48.3082908, 39.0903041 ], [ 48.3048509, 39.0911345 ], [ 48.3033041, 39.0958951 ], [ 48.3060776, 39.0958537 ], [ 48.3042108, 39.0979234 ], [ 48.304522, 39.09954 ], [ 48.3074111, 39.10197989999999 ], [ 48.3048509, 39.1028491 ], [ 48.3079377, 39.1044159 ], [ 48.3057062, 39.1055798 ], [ 48.3082693, 39.1068349 ], [ 48.3077928, 39.1085272 ], [ 48.3061037, 39.1077631 ], [ 48.3051189, 39.1089371 ], [ 48.3028825, 39.108973 ], [ 48.3029282, 39.1108302 ], [ 48.2995663, 39.1115028 ], [ 48.2991971, 39.1138995 ], [ 48.2965442, 39.1134519 ], [ 48.2892642, 39.1169153 ], [ 48.2858627, 39.1147686 ], [ 48.2841559, 39.1155549 ], [ 48.2860227, 39.1175413 ], [ 48.2830704, 39.1195745 ], [ 48.2793021, 39.1203552 ], [ 48.2799955, 39.1225897 ], [ 48.2758189, 39.1234284 ], [ 48.2746084, 39.12213449999999 ], [ 48.2722616, 39.12300349999999 ], [ 48.2728991, 39.1246744 ], [ 48.2677279, 39.124038 ], [ 48.2664147, 39.1259872 ], [ 48.265061, 39.124038 ], [ 48.2606873, 39.1232932 ], [ 48.2594605, 39.1252793 ], [ 48.2587138, 39.1238311 ], [ 48.2568038, 39.1237637 ], [ 48.2565056, 39.1256549 ], [ 48.2508732, 39.1256517 ], [ 48.2472462, 39.1285895 ], [ 48.2439612, 39.1275703 ], [ 48.2424992, 39.1299135 ], [ 48.2349786, 39.1296652 ], [ 48.2341369, 39.1306144 ], [ 48.2358853, 39.1315271 ], [ 48.2339118, 39.1335957 ], [ 48.2306589, 39.133771 ], [ 48.2289216, 39.1380616 ], [ 48.2292181, 39.1413734 ], [ 48.2258573, 39.1423763 ], [ 48.2250044, 39.1450137 ], [ 48.2270822, 39.14705 ], [ 48.2210042, 39.1485341 ], [ 48.2209985, 39.1512466 ], [ 48.2184972, 39.1535759 ], [ 48.2164704, 39.1601107 ], [ 48.2184151, 39.1627439 ], [ 48.2138379, 39.1632016 ], [ 48.2134918, 39.1667067 ], [ 48.2100165, 39.1672237 ], [ 48.203616, 39.1723513 ], [ 48.2033849, 39.1746353 ], [ 48.1987708, 39.1758662 ], [ 48.1942819, 39.1748323 ], [ 48.1931619, 39.1765276 ], [ 48.1900683, 39.1762381 ], [ 48.1906908, 39.178461699999986 ], [ 48.1860679, 39.180042 ], [ 48.185491, 39.1818007 ], [ 48.1778698, 39.1840991 ], [ 48.1749157, 39.1877112 ], [ 48.1703091, 39.1873122 ], [ 48.1699307, 39.1885123 ], [ 48.1716421, 39.1897558 ], [ 48.1689594, 39.1920887 ], [ 48.1665683, 39.188941 ], [ 48.1651093, 39.1906036 ], [ 48.1628377, 39.1892835 ], [ 48.1599867, 39.1929407 ], [ 48.1618712, 39.1940283 ], [ 48.1581544, 39.1948466 ], [ 48.1608555, 39.1969394 ], [ 48.1568789, 39.1985966 ], [ 48.1537987, 39.1976943 ], [ 48.1502833, 39.1982545 ], [ 48.1486109, 39.2000646 ], [ 48.1498555, 39.2009897 ], [ 48.1434817, 39.2052906 ], [ 48.144455, 39.2066397 ], [ 48.1421725, 39.2065809 ], [ 48.1421519, 39.208095 ], [ 48.1408753, 39.2084125 ], [ 48.1412105, 39.2111584 ], [ 48.1439341, 39.2116535 ], [ 48.1445813, 39.2130962 ], [ 48.1423056, 39.2148073 ], [ 48.1370815, 39.2155152 ], [ 48.1357784, 39.2179669 ], [ 48.1406251, 39.2209642 ], [ 48.1419872, 39.22436410000001 ], [ 48.139504, 39.2250376 ], [ 48.1376713, 39.2281318 ], [ 48.135752, 39.227261 ], [ 48.1345525, 39.2287016 ], [ 48.1356875, 39.2298571 ], [ 48.1330231, 39.2299514 ], [ 48.1336861, 39.2333203 ], [ 48.1359476, 39.23408040000001 ], [ 48.132674, 39.2354091 ], [ 48.1345813, 39.2381613 ], [ 48.1335795, 39.2392267 ], [ 48.1312959, 39.2384894 ], [ 48.1299803, 39.2411355 ], [ 48.1327911, 39.2424489 ], [ 48.1303421, 39.2439384 ], [ 48.1294711, 39.2463925 ], [ 48.1329808, 39.2469974 ], [ 48.1326195, 39.2483636 ], [ 48.1300603, 39.2483437 ], [ 48.1327053, 39.2525378 ], [ 48.1345071, 39.2528197 ], [ 48.133519, 39.2543103 ], [ 48.1359974, 39.2569215 ], [ 48.1366811, 39.2602979 ], [ 48.1315306, 39.26200379999999 ], [ 48.1333379, 39.2648405 ], [ 48.129801, 39.2649784 ], [ 48.1304583, 39.2690036 ], [ 48.1327705, 39.2699265 ], [ 48.1297734, 39.2713758 ], [ 48.1308032, 39.273709 ], [ 48.1359403, 39.2714675 ], [ 48.1369394, 39.2734971 ], [ 48.1414754, 39.2754491 ], [ 48.1415504, 39.2776676 ], [ 48.1437136, 39.2765639 ], [ 48.1469883, 39.2767059 ], [ 48.1463464, 39.2787001 ], [ 48.1425399, 39.2787996 ], [ 48.1420472, 39.2815727 ], [ 48.1436062, 39.2817664 ], [ 48.1442481, 39.2838501 ], [ 48.1479172, 39.2820132 ], [ 48.1521585, 39.2829811 ], [ 48.1504635, 39.2867282 ], [ 48.1539042, 39.2879156 ], [ 48.1540145, 39.2897911 ], [ 48.151838, 39.2900105 ], [ 48.153421, 39.2931518 ], [ 48.155792, 39.2951711 ], [ 48.1592744, 39.2949726 ], [ 48.1590555, 39.2961214 ], [ 48.1614469, 39.2953003 ], [ 48.1604547, 39.2978819 ], [ 48.1635974, 39.2963019 ], [ 48.1623977, 39.2998878 ], [ 48.1652642, 39.3009261 ], [ 48.1674186, 39.2997418 ], [ 48.1686692, 39.3021522 ], [ 48.1675955, 39.3025533 ], [ 48.1692013, 39.3032736 ], [ 48.1676306, 39.3044775 ], [ 48.1697517, 39.3053207 ], [ 48.1712193, 39.3037844 ], [ 48.1735052, 39.304077 ], [ 48.1736568, 39.306254 ], [ 48.1806848, 39.3062123 ], [ 48.1795952, 39.3078747 ], [ 48.1831692, 39.3086299 ], [ 48.1826907, 39.3100955 ], [ 48.1842416, 39.3107995 ], [ 48.1864327, 39.3095141 ], [ 48.186997, 39.3129134 ], [ 48.1887805, 39.3122404 ], [ 48.1887333, 39.3103523 ], [ 48.1925494, 39.3104198 ], [ 48.1943073, 39.3124778 ], [ 48.1955981, 39.3188784 ], [ 48.1981901, 39.3198889 ], [ 48.2008515, 39.3194441 ], [ 48.2012315, 39.3210486 ], [ 48.2036557, 39.3218566 ], [ 48.2027486, 39.32329 ], [ 48.2049, 39.3232952 ], [ 48.2058847, 39.3254714 ], [ 48.211001, 39.3291082 ], [ 48.2160689, 39.3296865 ], [ 48.2151546, 39.3286186 ], [ 48.2214804, 39.3278571 ], [ 48.2231478, 39.3288286 ], [ 48.2257168, 39.3274734 ], [ 48.2281058, 39.3309053 ], [ 48.2293351, 39.329869 ], [ 48.2303164, 39.3312962 ], [ 48.2328581, 39.3304746 ], [ 48.2339319, 39.3313073 ], [ 48.2313361, 39.3332587 ], [ 48.2323437, 39.3341869 ], [ 48.2357829, 39.33359870000001 ], [ 48.2356861, 39.3349421 ], [ 48.2400707, 39.3323041 ], [ 48.2437186, 39.3324452 ], [ 48.24601590000001, 39.3295356 ], [ 48.2478115, 39.3307088 ], [ 48.2500892, 39.3298723 ], [ 48.250331, 39.331646 ], [ 48.2552065, 39.3334862 ], [ 48.2551934, 39.3325176 ], [ 48.2584629, 39.3321262 ], [ 48.2587373, 39.3349629 ], [ 48.2632133, 39.3354359 ], [ 48.2653165, 39.3334445 ], [ 48.2673109, 39.3354359 ], [ 48.2614349, 39.3384431 ], [ 48.2624852, 39.3399 ], [ 48.2639923, 39.3383763 ], [ 48.2658679, 39.3404784 ], [ 48.2684237, 39.340527 ], [ 48.2687377, 39.3391256 ], [ 48.2725597, 39.339850699999985 ], [ 48.2732928, 39.3412642 ], [ 48.2767843, 39.3414108 ], [ 48.2773891, 39.3450171 ], [ 48.2783297, 39.3455311 ], [ 48.2807678, 39.3441005 ], [ 48.282066, 39.34590140000001 ], [ 48.2832937, 39.3452377 ], [ 48.2842912, 39.3467181 ], [ 48.2893222, 39.3476913 ], [ 48.2935039, 39.3506096 ], [ 48.2935795, 39.3524741 ], [ 48.2944371, 39.3510622 ], [ 48.2974003, 39.3502528 ], [ 48.2976788, 39.3528252 ], [ 48.2997339, 39.3516527 ], [ 48.3031311, 39.3552915 ], [ 48.3049512, 39.3539445 ], [ 48.3094313, 39.3580313 ], [ 48.3116695, 39.3579937 ], [ 48.3104015, 39.3602303 ], [ 48.3150508, 39.3622257 ], [ 48.3261793, 39.3632927 ], [ 48.330097, 39.3643225 ], [ 48.3304009, 39.3660512 ], [ 48.3319479, 39.3652156 ], [ 48.3331908, 39.3666152 ], [ 48.3368049, 39.366516 ], [ 48.3371761, 39.3684843 ], [ 48.3404433, 39.3694592 ], [ 48.341542, 39.368307 ], [ 48.342655, 39.3706656 ], [ 48.3444224, 39.3712971 ], [ 48.3481004, 39.3715482 ], [ 48.3477469, 39.3700379 ], [ 48.3613014, 39.3708217 ], [ 48.3613572, 39.3729285 ], [ 48.3645961, 39.3748631 ], [ 48.3654609, 39.3775795 ], [ 48.3676428, 39.3770678 ], [ 48.3683866, 39.3783511 ], [ 48.3679557, 39.381375 ], [ 48.3590224, 39.3927811 ], [ 48.3610586, 39.3940615 ], [ 48.3444601, 39.416345 ], [ 48.3321995, 39.4287044 ], [ 48.2538929, 39.4983066 ], [ 48.1755484, 39.5678729 ], [ 48.1370862, 39.602 ], [ 48.1271866, 39.6068288 ], [ 48.0951619, 39.6354594 ], [ 48.0316267, 39.6922285 ], [ 47.9856061, 39.709146 ], [ 47.9821222, 39.7090003 ], [ 47.9798896, 39.7061476 ], [ 47.9804798, 39.7039093 ], [ 47.9785812, 39.7016562 ], [ 47.974088, 39.6993454 ], [ 47.9729523, 39.6928617 ], [ 47.9716699, 39.6920246 ], [ 47.9671228, 39.6928782 ], [ 47.9635195, 39.6922164 ], [ 47.9616601, 39.6900503 ], [ 47.9608897, 39.68593 ], [ 47.947699, 39.6796777 ], [ 47.94454480000001, 39.6830041 ], [ 47.9406182, 39.6829105 ], [ 47.9389386, 39.6813534 ], [ 47.9373351, 39.6750449 ], [ 47.9293835, 39.6658206 ], [ 47.9272923, 39.6666071 ], [ 47.9273393, 39.6694157 ], [ 47.9247705, 39.6710871 ], [ 47.9234488, 39.670712 ], [ 47.9204016, 39.6632005 ], [ 47.9156627, 39.6614079 ], [ 47.8989861, 39.66493410000001 ], [ 47.892077, 39.6619075 ], [ 47.8907759, 39.6625935 ], [ 47.8905456, 39.6662495 ], [ 47.8852772, 39.6661445 ], [ 47.8842256, 39.66957 ], [ 47.881938, 39.6706601 ], [ 47.8704847, 39.6672874 ], [ 47.8670816, 39.6648693 ], [ 47.86378, 39.6645415 ], [ 47.8564645, 39.6684205 ], [ 47.8531618, 39.6642648 ], [ 47.8475559, 39.6659795 ], [ 47.8456992, 39.66548130000001 ], [ 47.8376276, 39.66163 ], [ 47.8369262, 39.6588828 ], [ 47.8309258, 39.6611635 ], [ 47.8265281, 39.6606127 ], [ 47.8217986, 39.66149630000001 ], [ 47.8213265, 39.660229 ], [ 47.8211375, 39.65787859999999 ], [ 47.8166913, 39.6560128 ], [ 47.8126504, 39.6589767 ], [ 47.8073216, 39.6591904 ], [ 47.80604309999999, 39.657497 ], [ 47.8091634, 39.6532848 ], [ 47.8081522, 39.6512128 ], [ 47.8064087, 39.6505589 ], [ 47.8009623, 39.6516644 ], [ 47.7939968, 39.648295 ], [ 47.7953469, 39.6445095 ], [ 47.7943419, 39.6422899 ], [ 47.790225, 39.6415683 ], [ 47.7858912, 39.6430749 ], [ 47.7832698, 39.6389851 ], [ 47.7859763, 39.6343092 ], [ 47.7822949, 39.6306698 ], [ 47.7818056, 39.6254238 ], [ 47.7751207, 39.624463 ], [ 47.7724422, 39.6267149 ], [ 47.7703036, 39.6265627 ], [ 47.7667662, 39.6232932 ], [ 47.7626791, 39.6216049 ], [ 47.7623779, 39.6170823 ], [ 47.757694, 39.6123114 ], [ 47.752969, 39.606023 ], [ 47.7488031, 39.6048321 ], [ 47.7382045, 39.5978525 ], [ 47.7267626, 39.5965523 ], [ 47.7260488, 39.5948568 ], [ 47.7158801, 39.5894546 ], [ 47.7110735, 39.5919417 ], [ 47.70623, 39.589799599999985 ], [ 47.7043418, 39.585312899999984 ], [ 47.7000315, 39.5849335 ], [ 47.690822, 39.5875997 ], [ 47.688767, 39.5871823 ], [ 47.6872097, 39.5833106 ], [ 47.683929, 39.582163 ], [ 47.6798198, 39.5781003 ], [ 47.6764872, 39.577494 ], [ 47.6713732, 39.578646 ], [ 47.6624943, 39.5720186 ], [ 47.6597666, 39.5665631 ], [ 47.6567379, 39.5642199 ], [ 47.6493905, 39.5616959 ], [ 47.6466707, 39.5632393 ], [ 47.6439572, 39.5629557 ], [ 47.6403072, 39.5577743 ], [ 47.6305445, 39.5539267 ], [ 47.6243193, 39.5528063 ], [ 47.6200787, 39.5459405 ], [ 47.6174203, 39.5447009 ], [ 47.61297, 39.5390449 ], [ 47.6103432, 39.539445 ], [ 47.6085447, 39.5418984 ], [ 47.6052974, 39.542684 ], [ 47.5865502, 39.5328854 ], [ 47.5842191, 39.5320159 ], [ 47.5814079, 39.5287147 ], [ 47.5757939, 39.5278994 ], [ 47.573029, 39.52564249999999 ], [ 47.5705696, 39.5202637 ], [ 47.5629369, 39.51377509999999 ], [ 47.5459707, 39.5083232 ], [ 47.5296314, 39.4987857 ], [ 47.5240186, 39.5002583 ], [ 47.5204911, 39.49998690000001 ], [ 47.514069, 39.496702 ], [ 47.5077122, 39.4982146 ], [ 47.5050038, 39.4974353 ], [ 47.4998212, 39.4901826 ], [ 47.4899105, 39.4878796 ], [ 47.4865006, 39.4890482 ], [ 47.4692849, 39.4801792 ], [ 47.458673, 39.4804322 ], [ 47.4465476, 39.4783618 ], [ 47.4426911, 39.4791282 ], [ 47.4403271, 39.4756265 ], [ 47.4414633, 39.4717697 ], [ 47.4394449, 39.4706707 ], [ 47.4323824, 39.4717833 ], [ 47.4300312, 39.4711476 ], [ 47.4205853, 39.4648042 ], [ 47.4056581, 39.4640193 ], [ 47.4007879, 39.4677902 ], [ 47.3967342, 39.4696437 ], [ 47.3950171, 39.4691194 ], [ 47.3930891, 39.4658471 ], [ 47.388474, 39.4639535 ], [ 47.3867893, 39.4599575 ], [ 47.3775701, 39.4549047 ], [ 47.3771311, 39.4523226 ], [ 47.380262, 39.4461125 ], [ 47.363399, 39.4217256 ], [ 47.3595582, 39.4182437 ], [ 47.3537642, 39.4180874 ], [ 47.3499931, 39.4126685 ], [ 47.3468753, 39.4125839 ], [ 47.3451308, 39.4141522 ], [ 47.3415951, 39.4134759 ], [ 47.3398535, 39.4113563 ], [ 47.3412014, 39.4061242 ], [ 47.335519, 39.4035682 ], [ 47.3346844, 39.3970296 ], [ 47.3257055, 39.38389549999999 ], [ 47.3220476, 39.38250080000001 ], [ 47.3188852, 39.3784046 ], [ 47.3152019, 39.3691175 ], [ 47.3026256, 39.368799799999984 ], [ 47.2960443, 39.3670896 ], [ 47.2897202, 39.3633319 ], [ 47.2795265, 39.3611279 ], [ 47.2754146, 39.358916 ], [ 47.267973, 39.3504667 ], [ 47.262051, 39.349619 ], [ 47.2591783, 39.3474366 ], [ 47.2553449, 39.3486523 ], [ 47.25187720000001, 39.3482015 ], [ 47.2488912, 39.340561 ], [ 47.2458971, 39.3372045 ], [ 47.2393843, 39.3364805 ], [ 47.2366772, 39.3347047 ], [ 47.232953, 39.33517950000001 ], [ 47.2264752, 39.3334789 ], [ 47.2247937, 39.3317596 ], [ 47.223787, 39.3255172 ], [ 47.2183309, 39.322266 ], [ 47.2156721, 39.31895320000001 ], [ 47.2082841, 39.3188846 ], [ 47.2061063, 39.3209477 ], [ 47.1992954, 39.3187276 ], [ 47.1949602, 39.3199172 ], [ 47.1887822, 39.3157691 ], [ 47.1794498, 39.3147999 ], [ 47.172365, 39.3093203 ], [ 47.1657852, 39.3074527 ], [ 47.1631684, 39.3111912 ], [ 47.1591326, 39.31145329999999 ], [ 47.1570534, 39.3098883 ], [ 47.1527279, 39.3020136 ], [ 47.1489089, 39.3014158 ], [ 47.1469315, 39.2961818 ], [ 47.1409673, 39.2954642 ], [ 47.1390336, 39.2923985 ], [ 47.13277389999999, 39.2918267 ], [ 47.1255638, 39.2783635 ], [ 47.1232163, 39.2781224 ], [ 47.1200665, 39.2803936 ], [ 47.1163312, 39.2805553 ], [ 47.1134905, 39.2792425 ], [ 47.111281, 39.2746271 ], [ 47.1068048, 39.2725983 ], [ 47.1041172, 39.2727346 ], [ 47.1007335, 39.2760846 ], [ 47.0983303, 39.2767338 ], [ 47.0968952, 39.2755379 ], [ 47.094658, 39.2659549 ], [ 47.0904566, 39.2647549 ], [ 47.0863643, 39.266456 ], [ 47.0814019, 39.2636205 ], [ 47.0764564, 39.256504 ], [ 47.0755972, 39.2490182 ], [ 47.0727628, 39.2453158 ], [ 47.0704147, 39.2444756 ], [ 47.064326, 39.2457228 ], [ 47.0594628, 39.2420049 ], [ 47.0579494, 39.2381368 ], [ 47.0601712, 39.2335688 ], [ 47.0577703, 39.2308198 ], [ 47.057799, 39.2241999 ], [ 47.0547813, 39.2157349 ], [ 47.0567319, 39.2107285 ], [ 47.0607312, 39.206238499999984 ], [ 47.0603918, 39.2041153 ], [ 47.057593, 39.203267 ], [ 47.056313, 39.2012657 ], [ 47.0539374, 39.1939118 ], [ 47.0445034, 39.1870612 ], [ 47.0364815, 39.18340339999999 ], [ 47.0334918, 39.1788332 ], [ 47.0225644, 39.1754808 ], [ 47.0197939, 39.1677187 ], [ 47.0157934, 39.166207 ], [ 46.9976387, 39.1672296 ], [ 46.9919001, 39.1624044 ], [ 46.9934585, 39.1545376 ], [ 46.9681622, 39.1445301 ], [ 46.9632831, 39.140536 ], [ 46.9592159, 39.1415467 ], [ 46.9515984, 39.1394056 ], [ 46.9485042, 39.1404421 ], [ 46.9477768, 39.1474914 ], [ 46.9463776, 39.1485484 ], [ 46.9443847, 39.1481093 ], [ 46.9385584, 39.151977 ], [ 46.93705, 39.15722729999999 ], [ 46.9255441, 39.16472869999998 ], [ 46.9111848, 39.158891 ], [ 46.8664708, 39.1407097 ], [ 46.8452627, 39.1395615 ], [ 46.8390194, 39.1374974 ], [ 46.8404835, 39.1334667 ], [ 46.8414717, 39.1304528 ], [ 46.8390088, 39.1233406 ], [ 46.8338894, 39.1202046 ], [ 46.8344832, 39.1155966 ], [ 46.8331208, 39.113403 ], [ 46.8305165, 39.1128693 ], [ 46.8269452, 39.1147576 ], [ 46.8227375, 39.1108147 ], [ 46.8155292, 39.1099205 ], [ 46.8157574, 39.1068268 ], [ 46.8199085, 39.1066481 ], [ 46.8211771, 39.1055312 ], [ 46.8179908, 39.1035204 ], [ 46.8119538, 39.1030956 ], [ 46.8111034, 39.1014421 ], [ 46.8133781, 39.0971634 ], [ 46.7974082, 39.0919786 ], [ 46.7957335, 39.0880824 ], [ 46.790686, 39.0871097 ], [ 46.78799, 39.0783271 ], [ 46.7819046, 39.0756975 ], [ 46.7757076, 39.069856 ], [ 46.7704519, 39.0715391 ], [ 46.7683432, 39.0704193 ], [ 46.7679346, 39.0588894 ], [ 46.7669087, 39.0579532 ], [ 46.761296, 39.0584633 ], [ 46.7584939, 39.057075 ], [ 46.7574493, 39.0494549 ], [ 46.761784, 39.0369011 ], [ 46.7530928, 39.025914 ], [ 46.7479451, 39.02856949999999 ], [ 46.7437876, 39.0263366 ], [ 46.7399777, 39.0200042 ], [ 46.7367822, 39.0176203 ], [ 46.7253955, 39.0158121 ], [ 46.7223576, 39.0145849 ], [ 46.7174075, 39.0145854 ], [ 46.7140226, 39.0128099 ], [ 46.707876, 39.0138459 ], [ 46.7060969, 39.0184937 ], [ 46.6969383, 39.0190302 ], [ 46.6914397, 39.012144 ], [ 46.6870776, 39.00813859999999 ], [ 46.6831597, 39.0063436 ], [ 46.6835176, 39.0048994 ], [ 46.6889914, 39.0015501 ], [ 46.6888772, 38.9964944 ], [ 46.6903284, 38.9949352 ], [ 46.6892893, 38.9935398 ], [ 46.683769, 38.9922933 ], [ 46.681183, 38.9900944 ], [ 46.6781039, 38.9847995 ], [ 46.6747571, 38.9833449 ], [ 46.6734554, 38.9778726 ], [ 46.6634131, 38.9707893 ], [ 46.6622646, 38.966546 ], [ 46.6565406, 38.96213070000001 ], [ 46.656581, 38.9571361 ], [ 46.6549773, 38.9540911 ], [ 46.6483008, 38.9516245 ], [ 46.6404129, 38.951116 ], [ 46.6387397, 38.9470519 ], [ 46.6406695, 38.94421040000001 ], [ 46.6367328, 38.9394547 ], [ 46.6323061, 38.9393082 ], [ 46.6281636, 38.9371325 ], [ 46.6268552, 38.9350177 ], [ 46.6274715, 38.930396 ], [ 46.6229779, 38.9282119 ], [ 46.6191232, 38.92345430000001 ], [ 46.6134121, 38.9206628 ], [ 46.607642, 38.9213736 ], [ 46.6078117, 38.9177536 ], [ 46.6041917, 38.9145456 ], [ 46.6034552, 38.9099154 ], [ 46.6009537, 38.9060612 ], [ 46.5983379, 38.9057576 ], [ 46.5745915, 38.8914114 ], [ 46.5684859, 38.8904363 ], [ 46.5661959, 38.888648 ], [ 46.5653437, 38.8856997 ], [ 46.5569798, 38.8853894 ], [ 46.5544482, 38.8842288 ], [ 46.5500033, 38.8793524 ], [ 46.5438043, 38.8769913 ], [ 46.5398256, 38.8706266 ], [ 46.5339832, 38.867172 ], [ 46.5329787, 38.8723689 ], [ 46.5345009, 38.8784654 ], [ 46.5336549, 38.8893288 ], [ 46.5321404, 38.8924116 ], [ 46.5332517, 38.8952153 ], [ 46.5373244, 38.8980783 ], [ 46.5372662, 38.9053309 ], [ 46.5342956, 38.9143957 ], [ 46.5302765, 38.9202418 ], [ 46.5299246, 38.9231557 ], [ 46.5197103, 38.9283144 ], [ 46.5123379, 38.9361959 ], [ 46.5102373, 38.9427952 ], [ 46.5065305, 38.9482088 ], [ 46.5084573, 38.9528346 ], [ 46.5084556, 38.9616927 ], [ 46.514828, 38.9634263 ], [ 46.5236008, 38.9706634 ], [ 46.5213026, 38.9788201 ], [ 46.5181641, 38.9834388 ], [ 46.5192286, 38.9952598 ], [ 46.5349127, 38.9955626 ], [ 46.5464832, 39.0020864 ], [ 46.5366781, 39.0246948 ], [ 46.5381197, 39.0310619 ], [ 46.5358044, 39.0374257 ], [ 46.540127, 39.0452524 ], [ 46.5468768, 39.0469834 ], [ 46.5499706, 39.0491548 ], [ 46.5540906, 39.0571606 ], [ 46.5515959, 39.05834 ], [ 46.5498991, 39.0610422 ], [ 46.5443915, 39.0612248 ], [ 46.5407465, 39.0628717 ], [ 46.5369367, 39.0618164 ], [ 46.5306146, 39.0626479 ], [ 46.5205444, 39.0615446 ], [ 46.5161378, 39.0629383 ], [ 46.5163231, 39.06658379999998 ], [ 46.5222334, 39.0711565 ], [ 46.5244575, 39.0719239 ], [ 46.5299017, 39.0708069 ], [ 46.5304096, 39.0744797 ], [ 46.534212, 39.0778836 ], [ 46.5366583, 39.0837841 ], [ 46.5308337, 39.094589 ], [ 46.5279853, 39.0964053 ], [ 46.5159794, 39.0991901 ], [ 46.5137468, 39.1029297 ], [ 46.5032387, 39.1047535 ], [ 46.501621, 39.1061735 ], [ 46.5052031, 39.1165343 ], [ 46.5046206, 39.1237871 ], [ 46.4998444, 39.1252557 ], [ 46.4996987, 39.1271083 ], [ 46.4988833, 39.1275375 ], [ 46.4955155, 39.1237048 ], [ 46.4927972, 39.1321715 ], [ 46.4837361, 39.133737 ], [ 46.48291239999999, 39.1365483 ], [ 46.486252, 39.1385408 ], [ 46.4967541, 39.1411665 ], [ 46.4955009, 39.1510895 ], [ 46.4850395, 39.15241489999999 ], [ 46.4697716, 39.1470899 ], [ 46.463017, 39.1485273 ], [ 46.4571358, 39.1517883 ], [ 46.4596397, 39.1593224 ], [ 46.4516907, 39.1588115 ], [ 46.4410056, 39.1545509 ], [ 46.4398471, 39.155162 ], [ 46.4396829, 39.1608378 ], [ 46.4382676, 39.162289499999986 ], [ 46.4392511, 39.1699062 ], [ 46.4357209, 39.1721235 ], [ 46.4316546, 39.1876961 ], [ 46.4460647, 39.1992395 ], [ 46.4508066, 39.2010355 ], [ 46.4642354, 39.2004294 ], [ 46.4801033, 39.1925127 ], [ 46.4878644, 39.1903954 ], [ 46.4908733, 39.1871467 ], [ 46.5012895, 39.1829767 ], [ 46.5066583, 39.177827 ], [ 46.5097175, 39.178161 ], [ 46.5040962, 39.1844443 ], [ 46.5107658, 39.1896968 ], [ 46.5007455, 39.192765 ], [ 46.49862, 39.1955 ], [ 46.50227, 39.20132 ], [ 46.50694, 39.20394 ], [ 46.50919, 39.20816 ], [ 46.51503, 39.21258 ], [ 46.5183714, 39.2001287 ], [ 46.52235, 39.19659 ], [ 46.52834, 39.19571 ], [ 46.5321537, 39.1892595 ], [ 46.5319494, 39.1792084 ], [ 46.5353995, 39.171648 ], [ 46.5373395, 39.1589134 ], [ 46.5442658, 39.1651684 ], [ 46.5426932, 39.1708809 ], [ 46.5442129, 39.1757057 ], [ 46.5465666, 39.1780831 ], [ 46.553232, 39.1826365 ], [ 46.5618234, 39.1849616 ], [ 46.5669491, 39.188167 ], [ 46.5684635, 39.1986852 ], [ 46.5710887, 39.1993613 ], [ 46.5728398, 39.2022281 ], [ 46.5814915, 39.1993381 ], [ 46.5840306, 39.1994152 ], [ 46.58616, 39.2012973 ], [ 46.5846631, 39.2046851 ], [ 46.5716836, 39.2088854 ], [ 46.5735189, 39.215281 ], [ 46.5759489, 39.2169084 ], [ 46.5842274, 39.2167169 ], [ 46.5876047, 39.2182167 ], [ 46.5901185, 39.2211563 ], [ 46.5922602, 39.2215392 ], [ 46.598191, 39.2186675 ], [ 46.6011565, 39.221252 ], [ 46.6037924, 39.2204862 ], [ 46.6109177, 39.2226879 ], [ 46.612977, 39.2218264 ], [ 46.6135537, 39.222975 ], [ 46.6206378, 39.222975 ], [ 46.6256625, 39.2284309 ], [ 46.6313051, 39.2292604 ], [ 46.6333087, 39.2309119 ], [ 46.6107405, 39.2353656 ], [ 46.5950518, 39.2344761 ], [ 46.5896931, 39.23555889999999 ], [ 46.5785098, 39.2451226 ], [ 46.5781603, 39.2503551 ], [ 46.5718064, 39.2556614 ], [ 46.5574735, 39.2540668 ], [ 46.5529429, 39.2548322 ], [ 46.5512131, 39.2588505 ], [ 46.5470497, 39.2601005 ], [ 46.5196425, 39.2986771 ], [ 46.5219786, 39.3013895 ], [ 46.5350259, 39.3037783 ], [ 46.5369933, 39.3077846 ], [ 46.5373557, 39.3091867 ], [ 46.528677, 39.3159465 ], [ 46.52776, 39.3203 ], [ 46.51414, 39.32803 ], [ 46.5117, 39.33603 ], [ 46.50301, 39.34357 ], [ 46.49558, 39.34463 ], [ 46.48839, 39.34118 ], [ 46.48561, 39.33964 ], [ 46.48323, 39.33405 ], [ 46.48106, 39.33204 ], [ 46.47836, 39.33155 ], [ 46.4681178, 39.3319116 ], [ 46.4667848, 39.3346003 ], [ 46.4596039, 39.3382216 ], [ 46.4500641, 39.3390472 ], [ 46.4497217, 39.33985209999999 ], [ 46.4517422, 39.33985 ], [ 46.4483971, 39.3431081 ], [ 46.4485263, 39.3444596 ], [ 46.4468001, 39.3441945 ], [ 46.4464828, 39.3482666 ], [ 46.4433758, 39.3446105 ], [ 46.4407623, 39.348925 ], [ 46.4357366, 39.3516424 ], [ 46.4325498, 39.3518968 ], [ 46.4312149, 39.3541986 ], [ 46.4262829, 39.3558588 ], [ 46.4209724, 39.3602581 ], [ 46.4183016, 39.3614211 ], [ 46.4135938, 39.360411 ], [ 46.4162927, 39.3618303 ], [ 46.4085252, 39.3611218 ], [ 46.4092862, 39.36407950000001 ], [ 46.4128166, 39.3657951 ], [ 46.4111794, 39.3662882 ], [ 46.4046863, 39.368725 ], [ 46.4050484, 39.3714765 ], [ 46.4031937, 39.3755034 ], [ 46.4028676, 39.3799283 ], [ 46.3995296, 39.3802363 ], [ 46.3990381, 39.3829257 ], [ 46.392697, 39.3843403 ], [ 46.3927156, 39.3861345 ], [ 46.38879510000001, 39.3878766 ], [ 46.3886749, 39.3889787 ], [ 46.3949713, 39.3924819 ], [ 46.3878382, 39.3954279 ], [ 46.3832755, 39.4015252 ], [ 46.3872237, 39.4034288 ], [ 46.3895975, 39.4066246 ], [ 46.3900991, 39.4082701 ], [ 46.3889296, 39.4075613 ], [ 46.3893642, 39.4093612 ], [ 46.3878433, 39.411248 ], [ 46.3911335, 39.4127817 ], [ 46.3857927, 39.4284325 ], [ 46.38016, 39.43536 ], [ 46.38078, 39.4364 ], [ 46.38558, 39.44128 ], [ 46.3950242, 39.4430035 ], [ 46.3903717, 39.4470004 ], [ 46.3905465, 39.45316230000001 ], [ 46.3920027, 39.4555009 ], [ 46.3959052, 39.4567152 ], [ 46.4067973, 39.453612 ], [ 46.4107581, 39.4535221 ], [ 46.4148354, 39.45455649999999 ], [ 46.4195581, 39.458095 ], [ 46.4225239, 39.4579744 ], [ 46.4320473, 39.4564004 ], [ 46.4488125, 39.4466755 ], [ 46.45828, 39.4493397 ], [ 46.4696529, 39.4633393 ], [ 46.48060859999999, 39.4708431 ], [ 46.4840603, 39.4759228 ], [ 46.4805578, 39.4816034 ], [ 46.4846083, 39.4833488 ], [ 46.4908989, 39.483079 ], [ 46.4946267, 39.481101 ], [ 46.4980113, 39.4814623 ], [ 46.4994722, 39.4842505 ], [ 46.5011031, 39.4842056 ], [ 46.5020933, 39.482767 ], [ 46.5053551, 39.4829468 ], [ 46.5112962, 39.4766977 ], [ 46.5141503, 39.4755737 ], [ 46.5151988, 39.4731458 ], [ 46.5180529, 39.4750342 ], [ 46.5234698, 39.4730559 ], [ 46.5261492, 39.4737303 ], [ 46.5313914, 39.467885 ], [ 46.5344202, 39.4676602 ], [ 46.5401866, 39.47328069999999 ], [ 46.5327893, 39.4802045 ], [ 46.5340125, 39.4823624 ], [ 46.5323233, 39.48550920000001 ], [ 46.5199168, 39.487667 ], [ 46.5184023, 39.4910383 ], [ 46.5136902, 39.4949717 ], [ 46.5122075, 39.5022814 ], [ 46.50775929999999, 39.5033937 ], [ 46.5066061, 39.5047284 ], [ 46.5101893, 39.5080015 ], [ 46.5100477, 39.5096458 ], [ 46.4992264, 39.5163206 ], [ 46.5003379, 39.5193529 ], [ 46.5082772, 39.521845 ], [ 46.5101522, 39.5249367 ], [ 46.5206316, 39.528237 ], [ 46.5323492, 39.5301521 ], [ 46.5448251, 39.536592 ], [ 46.5459949, 39.5405538 ], [ 46.5417519, 39.5430898 ], [ 46.5423217, 39.5449665 ], [ 46.5481343, 39.5463942 ], [ 46.5611386, 39.542859 ], [ 46.5736711, 39.5410686 ], [ 46.5806939, 39.5302779 ], [ 46.5860009, 39.5280929 ], [ 46.5887129, 39.528504 ], [ 46.5873883, 39.5319385 ], [ 46.581183, 39.5387682 ], [ 46.5829201, 39.5407749 ], [ 46.5803683, 39.5438679 ], [ 46.582099, 39.54984420000001 ], [ 46.5797216, 39.5520442 ], [ 46.5801269, 39.5535616 ], [ 46.575669, 39.5545315 ], [ 46.57579779999999, 39.5566615 ], [ 46.5718871, 39.559325 ], [ 46.5723691, 39.5636521 ], [ 46.5689582, 39.5684232 ], [ 46.5671021, 39.56851 ], [ 46.5662776, 39.5719979 ], [ 46.5644427, 39.5723638 ], [ 46.5579294, 39.5698788 ], [ 46.55307890000001, 39.5707839 ], [ 46.5456622, 39.5738808 ], [ 46.5429783, 39.5733451 ], [ 46.5324847, 39.5763387 ], [ 46.5277112, 39.5790962 ], [ 46.5239358, 39.5794077 ], [ 46.5247165, 39.5818369 ], [ 46.521218, 39.5842454 ], [ 46.5076446, 39.5826114 ], [ 46.5061901, 39.5835794 ], [ 46.5035107, 39.5853525 ], [ 46.4854871, 39.5865113 ], [ 46.4789296, 39.5850429 ], [ 46.4581715, 39.573265699999986 ], [ 46.4549222, 39.5733401 ], [ 46.4461652, 39.579424 ], [ 46.4409004, 39.5785471 ], [ 46.4365938, 39.57669210000001 ], [ 46.4338526, 39.5689392 ], [ 46.4304982, 39.5689458 ], [ 46.4253086, 39.5745334 ], [ 46.4157533, 39.5778984 ], [ 46.4128703, 39.5803745 ], [ 46.4141059, 39.5864056 ], [ 46.4192954, 39.5918013 ], [ 46.4213547, 39.5973236 ], [ 46.4164947, 39.6054476 ], [ 46.41633, 39.6168703 ], [ 46.4134469, 39.6202967 ], [ 46.4126896, 39.6307873 ], [ 46.4078162, 39.6318082 ], [ 46.3923114, 39.6188289 ], [ 46.387709, 39.6179679 ], [ 46.3784008, 39.6197446 ], [ 46.3710696, 39.6195543 ], [ 46.3725523, 39.6229171 ], [ 46.3768358, 39.6267874 ], [ 46.3764239, 39.6307209 ], [ 46.3715639, 39.6361132 ], [ 46.3570662, 39.638714 ], [ 46.3527004, 39.6342101 ], [ 46.3482522, 39.6335122 ], [ 46.3414152, 39.6360498 ], [ 46.3345783, 39.6360498 ], [ 46.3269067, 39.6317555 ], [ 46.3254316, 39.6291889 ], [ 46.3208339, 39.6278255 ], [ 46.3173622, 39.6305305 ], [ 46.3153471, 39.63031139999999 ], [ 46.3107156, 39.6253965 ], [ 46.3047462, 39.6244794 ], [ 46.290068, 39.6194544 ], [ 46.2835444, 39.6116471 ], [ 46.2619777, 39.6063001 ], [ 46.2554763, 39.6053741 ], [ 46.2495074, 39.6008648 ], [ 46.199827, 39.6021215 ], [ 46.1966364, 39.6022897 ], [ 46.1943393, 39.6009183 ], [ 46.1933909, 39.5929895 ], [ 46.1918826, 39.590476299999985 ], [ 46.1855215, 39.5873714 ], [ 46.1812052, 39.579899099999984 ], [ 46.1776631, 39.5792643 ], [ 46.1756862, 39.5863746 ], [ 46.174533, 39.6005297 ], [ 46.1707438, 39.6036396 ], [ 46.1726384, 39.6080821 ], [ 46.1714851, 39.6148723 ], [ 46.1647305, 39.6184892 ], [ 46.1648125, 39.62466649999999 ], [ 46.1717576, 39.6332358 ], [ 46.1614217, 39.6385631 ], [ 46.1551311, 39.6507625 ], [ 46.1309004, 39.6554265 ], [ 46.1241438, 39.6633185 ], [ 46.1131934, 39.6694163 ], [ 46.1045149, 39.6818176 ], [ 46.0955975, 39.6870097 ], [ 46.0801093, 39.6850171 ], [ 46.0774976, 39.6785272 ], [ 46.0794501, 39.6766013 ], [ 46.075498, 39.6780493 ], [ 46.0661236, 39.6848993 ], [ 46.0655871, 39.6873019 ], [ 46.0630063, 39.6892057 ], [ 46.0603365, 39.6890384 ], [ 46.0575099, 39.6907555 ], [ 46.0567798, 39.6925619 ], [ 46.0584415, 39.69434 ], [ 46.0654312, 39.6946986 ], [ 46.0691743, 39.699619 ], [ 46.0635709, 39.7067245 ], [ 46.0535528, 39.7158121 ], [ 46.0354936, 39.7252477 ], [ 46.0273422, 39.7442031 ], [ 46.0057752, 39.7521501 ], [ 46.0026462, 39.7617986 ], [ 45.9907844, 39.7691434 ], [ 45.9822179, 39.7827884 ], [ 45.9777694, 39.7868692 ], [ 45.9713443, 39.7896542 ], [ 45.9688731, 39.7919961 ], [ 45.954596, 39.79057190000001 ], [ 45.940908, 39.7874836 ], [ 45.9349668, 39.7884683 ], [ 45.9204052, 39.7947341 ], [ 45.9064842, 39.8031024 ], [ 45.9011255, 39.8031919 ], [ 45.88919949999999, 39.8079575 ], [ 45.8878506, 39.8097373 ], [ 45.872555, 39.8131078 ], [ 45.8681843, 39.8190837 ], [ 45.862255, 39.8212732 ], [ 45.857922, 39.8213169 ], [ 45.8437259, 39.8245134 ], [ 45.8276785, 39.8247849 ], [ 45.8261319, 39.82598809999999 ], [ 45.8244882, 39.8422185 ], [ 45.81533369999999, 39.85682 ], [ 45.8145258, 39.8620683 ], [ 45.8108452, 39.8701332 ], [ 45.812631, 39.8755296 ], [ 45.808613, 39.8833236 ], [ 45.8038065, 39.8867295 ], [ 45.8032558, 39.8905173 ], [ 45.7925049, 39.8961868 ], [ 45.7883058, 39.9045061 ], [ 45.7884053, 39.90600709999999 ], [ 45.7974548, 39.910587 ], [ 45.8046718, 39.9173474 ], [ 45.8058539, 39.9215958 ], [ 45.7994611, 39.9356318 ], [ 45.7805991, 39.9468417 ], [ 45.7571612, 39.9475262 ], [ 45.7509111, 39.945986 ], [ 45.7342813, 39.9470128 ], [ 45.721223, 39.9513764 ], [ 45.7009058, 39.96799279999998 ], [ 45.6619027, 39.9707954 ], [ 45.6567129, 39.9760128 ], [ 45.6506302, 39.9760983 ], [ 45.6277503, 39.9716508 ], [ 45.6110959, 39.9740968 ], [ 45.6119932, 39.9889884 ], [ 45.6110702, 39.9926793 ], [ 45.6009136, 39.994011 ], [ 45.6007163, 39.9981979 ], [ 45.604555, 40.0007192 ], [ 45.6044362, 40.0048575 ], [ 45.6079187, 40.0065403 ], [ 45.6071799, 40.0121554 ], [ 45.6149597, 40.0167594 ], [ 45.6299542, 40.0194133 ], [ 45.6621064, 40.01899929999998 ], [ 45.6698526, 40.0282373 ], [ 45.6750196, 40.03132609999999 ], [ 45.6848727, 40.0329971 ], [ 45.6887525, 40.03179930000001 ], [ 45.6932243, 40.0268669 ], [ 45.6981681, 40.0245008 ], [ 45.7079013, 40.0260388 ], [ 45.7245868, 40.024974 ], [ 45.7383369, 40.0308891 ], [ 45.7476066, 40.0279316 ], [ 45.7579578, 40.027695 ], [ 45.7806686, 40.0226078 ], [ 45.781441, 40.0262754 ], [ 45.7883933, 40.0292329 ], [ 45.7959636, 40.0253289 ], [ 45.8030704, 40.0184668 ], [ 45.8047698, 40.0136156 ], [ 45.8072417, 40.0114857 ], [ 45.8137305, 40.0121957 ], [ 45.8208373, 40.0049772 ], [ 45.8223823, 39.9994149 ], [ 45.8287166, 39.9958643 ], [ 45.8338149, 39.9900645 ], [ 45.8389133, 39.9910115 ], [ 45.8430846, 40.002965400000015 ], [ 45.8503459, 40.008054 ], [ 45.8521998, 40.0151538 ], [ 45.861933, 40.0164554 ], [ 45.8718207, 40.0224895 ], [ 45.8804812, 40.020846 ], [ 45.8994378, 40.0551646 ], [ 45.8990515, 40.0597172 ], [ 45.907317, 40.0706542 ], [ 45.9104069, 40.072132 ], [ 45.9119519, 40.0754422 ], [ 45.9113381, 40.0796503 ], [ 45.9147774, 40.0845353 ], [ 45.9127666, 40.0875856 ], [ 45.9053086, 40.0900407 ], [ 45.9048315, 40.0988008 ], [ 45.9028684, 40.1024562 ], [ 45.9039575, 40.1042323 ], [ 45.914008, 40.1035639 ], [ 45.9217644, 40.1150105 ], [ 45.9346475, 40.1154032 ], [ 45.9497737, 40.12042549999999 ], [ 45.9538823, 40.118937 ], [ 45.9599993, 40.1201258 ], [ 45.9621742, 40.1215584 ], [ 45.9547562, 40.1348913 ], [ 45.9572689, 40.1447461 ], [ 45.9622941, 40.1537644 ], [ 45.9733955, 40.1663741 ], [ 45.9727068, 40.1719118 ], [ 45.9674704, 40.1765136 ], [ 45.9730547, 40.1796854 ], [ 45.9749439, 40.1872037 ], [ 45.9784943, 40.1904584 ], [ 45.9787998, 40.2015734 ], [ 45.9749511, 40.2066987 ], [ 45.97991, 40.21113 ], [ 45.97765, 40.21905 ], [ 45.9782, 40.22204 ], [ 45.97328, 40.22957 ], [ 45.96162, 40.23504 ], [ 45.95993, 40.23879 ], [ 45.9530589, 40.2430807 ], [ 45.9371796, 40.248888 ], [ 45.9346531, 40.2513788 ], [ 45.9342173, 40.2566969 ], [ 45.9394315, 40.2589371 ], [ 45.9429076, 40.2544862 ], [ 45.9533361, 40.2511552 ], [ 45.9550837, 40.2516712 ], [ 45.9594684, 40.2638151 ], [ 45.9587434, 40.2673664 ], [ 45.9599794, 40.2712565 ], [ 45.9595159, 40.2757358 ], [ 45.9446071, 40.2802147 ], [ 45.9385045, 40.2852237 ], [ 45.9328655, 40.2878164 ], [ 45.9304552, 40.2969898 ], [ 45.9174552, 40.297614 ], [ 45.9146158, 40.2957442 ], [ 45.9132775, 40.2931086 ], [ 45.9103686, 40.292411 ], [ 45.9025621, 40.2940661 ], [ 45.894966, 40.2923191 ], [ 45.8795316, 40.2972741 ], [ 45.8799967, 40.3019262 ], [ 45.8788064, 40.3043405 ], [ 45.8717599, 40.3080653 ], [ 45.8458259, 40.3141019 ], [ 45.8392866, 40.3174269 ], [ 45.8340312, 40.3179848 ], [ 45.8231375, 40.3214612 ], [ 45.820981, 40.3234933 ], [ 45.8148247, 40.3227454 ], [ 45.8096023, 40.3240163 ], [ 45.806287, 40.3278442 ], [ 45.7985019, 40.326951 ], [ 45.7856063, 40.3287839 ], [ 45.7839374, 40.3344834 ], [ 45.7820454, 40.3353931 ], [ 45.770618, 40.3360027 ], [ 45.7627611, 40.3403685 ], [ 45.754586, 40.3428546 ], [ 45.7543665, 40.3454699 ], [ 45.74969629999999, 40.3498184 ], [ 45.7366759, 40.3537605 ], [ 45.725042, 40.351866 ], [ 45.7196373, 40.3551776 ], [ 45.7089074, 40.35650239999999 ], [ 45.6979071, 40.3620615 ], [ 45.697233, 40.365953 ], [ 45.6959114, 40.3666946 ], [ 45.6901001, 40.3659759 ], [ 45.6856506, 40.3674476 ], [ 45.6808392, 40.36506 ], [ 45.6655823, 40.3664315 ], [ 45.6505585, 40.3667975 ], [ 45.6473419, 40.3708382 ], [ 45.6470031, 40.3771986 ], [ 45.6389982, 40.3813092 ], [ 45.6373888, 40.3834494 ], [ 45.6348944, 40.391838 ], [ 45.63732, 40.3958757 ], [ 45.6236726, 40.4012995 ], [ 45.613444, 40.4092623 ], [ 45.6091333, 40.4103653 ], [ 45.6037305, 40.4139634 ], [ 45.5996523, 40.4235144 ], [ 45.5897362, 40.4306721 ], [ 45.5821683, 40.4304634 ], [ 45.5791441, 40.4291835 ], [ 45.5750763, 40.4302605 ], [ 45.5662674, 40.4269314 ], [ 45.5593969, 40.4284001 ], [ 45.5416828, 40.4381315 ], [ 45.5372268, 40.4419685 ], [ 45.5239708, 40.4477573 ], [ 45.5202212, 40.4568667 ], [ 45.5174319, 40.4578226 ], [ 45.5117732, 40.4554296 ], [ 45.5061287, 40.4645532 ], [ 45.5051427, 40.4656432 ], [ 45.5067809, 40.4678256 ], [ 45.5034098, 40.4723862 ], [ 45.5010725, 40.4727774 ], [ 45.4912141, 40.4805503 ], [ 45.4887808, 40.4861473 ], [ 45.4802802, 40.49132440000001 ], [ 45.4673486, 40.4904751 ], [ 45.4528335, 40.4996071 ], [ 45.4515236, 40.5112518 ], [ 45.4436298, 40.5175896 ], [ 45.4386742, 40.5197504 ], [ 45.4363214, 40.5295782 ], [ 45.436771, 40.535033 ], [ 45.4315711, 40.5392384 ], [ 45.4307686, 40.541294599999986 ], [ 45.4363442, 40.5473975 ], [ 45.4475397, 40.5475752 ], [ 45.4501511, 40.550103 ], [ 45.4501242, 40.552512 ], [ 45.4437397, 40.5563093 ], [ 45.4375284, 40.5625849 ], [ 45.4435381, 40.566524 ], [ 45.4451189, 40.5693227 ], [ 45.4552649, 40.5736962 ], [ 45.4618647, 40.5797982 ], [ 45.4563895, 40.5829548 ], [ 45.4414269, 40.5927195 ], [ 45.4367156, 40.593184399999984 ], [ 45.43515, 40.5956574 ], [ 45.43490280000001, 40.595902 ], [ 45.4301305, 40.5967501 ], [ 45.4279261, 40.5997517 ], [ 45.4236224, 40.6016136 ], [ 45.4204399, 40.6002751 ], [ 45.4146323, 40.6008511 ], [ 45.411003, 40.5987161 ], [ 45.4052168, 40.5987051 ], [ 45.3929229, 40.609817 ], [ 45.3889232, 40.6169684 ], [ 45.3984533, 40.6291317 ], [ 45.3786283, 40.6399406 ], [ 45.376177, 40.6450867 ], [ 45.3703756, 40.6478765 ], [ 45.3632777, 40.6547812 ], [ 45.3672931, 40.6631455 ], [ 45.3674386, 40.6662718 ], [ 45.3767948, 40.6722606 ], [ 45.3756322, 40.6771408 ], [ 45.3787745, 40.6845764 ], [ 45.372631, 40.6906847 ], [ 45.379435, 40.6907912 ], [ 45.3796405, 40.7027634 ], [ 45.3757602, 40.70512930000001 ], [ 45.3790317, 40.7052712 ], [ 45.3776976, 40.7086277 ], [ 45.3785887, 40.7088244 ], [ 45.3821828, 40.7022003 ], [ 45.3856587, 40.7010371 ], [ 45.3914942, 40.6962656 ], [ 45.3961897, 40.6965847 ], [ 45.402919, 40.6998745 ], [ 45.4072787, 40.7093858 ], [ 45.3956988, 40.7154463 ], [ 45.4023324, 40.7200279 ], [ 45.4051096, 40.7281446 ], [ 45.4040734, 40.7309581 ], [ 45.417144, 40.7315101 ], [ 45.4228086, 40.7362005 ], [ 45.4233863, 40.740887 ], [ 45.4259526, 40.7424595 ], [ 45.4301266, 40.7463138 ], [ 45.4413336, 40.7450726 ], [ 45.445307, 40.7464986 ], [ 45.449801, 40.7463129 ], [ 45.4559148, 40.7488245 ], [ 45.4614039, 40.7488509 ], [ 45.4657467, 40.7551201 ], [ 45.4686628, 40.7563538 ], [ 45.47333359999999, 40.7511412 ], [ 45.4823824, 40.751591 ], [ 45.4896347, 40.7546385 ], [ 45.4997488, 40.762257 ], [ 45.505411, 40.7695212 ], [ 45.522051, 40.7735468 ], [ 45.5456232, 40.77454059999999 ], [ 45.5481154, 40.7770776 ], [ 45.5493002, 40.78079 ], [ 45.5570626, 40.7857087 ], [ 45.5599325, 40.7899225 ], [ 45.5658049, 40.794341 ], [ 45.5666809, 40.7973395 ], [ 45.5686518, 40.7971438 ], [ 45.5700824, 40.7985343 ], [ 45.5732413, 40.8046993 ], [ 45.5830465, 40.8113169 ], [ 45.5861923, 40.8181502 ], [ 45.5919937, 40.8214275 ], [ 45.5950532, 40.8270388 ], [ 45.5939122, 40.8315132 ], [ 45.600126, 40.8389324 ], [ 45.5990193, 40.841762 ], [ 45.607953, 40.8506831 ], [ 45.6036971, 40.8612247 ], [ 45.5972648, 40.8679401 ], [ 45.598074, 40.8687208 ], [ 45.602218, 40.87381329999999 ], [ 45.6025184, 40.8807625 ], [ 45.6018443, 40.8830875 ], [ 45.5970731, 40.8855028 ], [ 45.5963972, 40.8869269 ], [ 45.5911725, 40.8868166 ], [ 45.5889111, 40.8889246 ], [ 45.5849983, 40.8888013 ], [ 45.5815674, 40.8915934 ], [ 45.5763213, 40.8880017 ], [ 45.5730325, 40.8876809 ], [ 45.5711724, 40.8847491 ], [ 45.5599659, 40.883896 ], [ 45.5555559, 40.8873226 ], [ 45.556409, 40.8882031 ], [ 45.5584318, 40.8871399 ], [ 45.5576185, 40.8883316 ], [ 45.5608688, 40.8922377 ], [ 45.5593821, 40.8933222 ], [ 45.5574408, 40.8993103 ], [ 45.545923, 40.8992484 ], [ 45.5422565, 40.897814 ], [ 45.5402955, 40.8985141 ], [ 45.5315601, 40.90632990000001 ], [ 45.5281541, 40.9060721 ], [ 45.5220794, 40.9101398 ], [ 45.5169382, 40.916498 ], [ 45.5169311, 40.9211728 ], [ 45.5023355, 40.9267938 ], [ 45.4999713, 40.9267404 ], [ 45.4918594, 40.9223655 ], [ 45.4834712, 40.9223931 ], [ 45.4814837, 40.9235121 ], [ 45.4740134, 40.9305822 ], [ 45.4766757, 40.9315533 ], [ 45.4753884, 40.9341645 ], [ 45.4780511, 40.9362785 ], [ 45.4805259, 40.9362015 ], [ 45.4839362, 40.9396255 ], [ 45.4772592, 40.9435512 ], [ 45.4647846, 40.9548949 ], [ 45.4537581, 40.970696 ], [ 45.4458877, 40.965284 ], [ 45.43232, 40.9645509 ], [ 45.4306352, 40.9613788 ], [ 45.4259623, 40.9596921 ], [ 45.4209356, 40.9609909 ], [ 45.4189782, 40.9639671 ], [ 45.4164194, 40.9790904 ], [ 45.4077602, 40.9862052 ], [ 45.4076228, 40.9878538 ], [ 45.4138112, 40.9920806 ], [ 45.4182876, 40.9991307 ], [ 45.4357797, 41.0110823 ], [ 45.4390739, 41.012039 ], [ 45.4400969, 41.016453 ], [ 45.4258556, 41.02154680000001 ], [ 45.4055754, 41.0210766 ], [ 45.3988234, 41.0245729 ], [ 45.3967326, 41.0245706 ], [ 45.3943978, 41.01374 ], [ 45.3895267, 41.0124014 ], [ 45.3888258, 41.0133845 ], [ 45.3839818, 41.0134007 ], [ 45.3779075, 41.0115773 ], [ 45.3709086, 41.0095706 ], [ 45.3679985, 41.0074832 ], [ 45.3677712, 41.0030735 ], [ 45.3643847, 41.003019 ], [ 45.3633017, 41.0019311 ], [ 45.3629662, 40.9966853 ], [ 45.3585791, 40.9970511 ], [ 45.3539297, 41.0000222 ], [ 45.3515128, 40.9989614 ], [ 45.3462299, 41.0004082 ], [ 45.3412331, 40.99963769999999 ], [ 45.3382094, 41.0056881 ], [ 45.3340969, 41.0042147 ], [ 45.3294186, 41.0043245 ], [ 45.3185633, 41.0004396 ], [ 45.3125116, 41.0033157 ], [ 45.3040271, 41.011398 ], [ 45.3031259, 41.0184247 ], [ 45.2986412, 41.0272152 ], [ 45.28740590000001, 41.0405504 ], [ 45.2824551, 41.0365889 ], [ 45.2776053, 41.0354918 ], [ 45.2751276, 41.033083 ], [ 45.2663165, 41.029696 ], [ 45.2608121, 41.02500220000001 ], [ 45.2598947, 41.0159573 ], [ 45.2575731, 41.0133645 ], [ 45.2606779, 41.01012810000001 ], [ 45.2598573, 41.0038674 ], [ 45.2580814, 41.0041433 ], [ 45.2554153, 41.0070047 ], [ 45.2511067, 41.0070565 ], [ 45.2506027, 41.014861 ], [ 45.2465052, 41.0150339 ], [ 45.2385211, 41.0115337 ], [ 45.2373332, 41.0139397 ], [ 45.2327113, 41.0144352 ], [ 45.231885, 41.0156051 ], [ 45.2301093, 41.0235945 ], [ 45.2272761, 41.0276169 ], [ 45.2250873, 41.025329 ], [ 45.2249845, 41.0262428 ], [ 45.2215184, 41.02552330000001 ], [ 45.2206206, 41.02630889999999 ], [ 45.2193777, 41.0245901 ], [ 45.2180316, 41.0250946 ], [ 45.216117, 41.0303906 ], [ 45.2175828, 41.0341896 ], [ 45.2140831, 41.038197 ], [ 45.2066527, 41.0404859 ], [ 45.200022, 41.0452043 ], [ 45.1963908, 41.0451222 ], [ 45.1930857, 41.0499671 ], [ 45.1849616, 41.0506579 ], [ 45.1840183, 41.054147 ], [ 45.1822674, 41.0519349 ], [ 45.1834395, 41.0472734 ], [ 45.1819573, 41.0463172 ], [ 45.179491, 41.0463592 ], [ 45.1756529, 41.0505425 ], [ 45.1710937, 41.0488129 ], [ 45.1664732, 41.048789 ], [ 45.164497, 41.05098849999999 ], [ 45.1643054, 41.0567993 ], [ 45.1597536, 41.0658831 ], [ 45.1657799, 41.0689962 ], [ 45.1624376, 41.0703922 ], [ 45.1646552, 41.0785316 ], [ 45.1580846, 41.0857269 ], [ 45.1321492, 41.0932595 ], [ 45.1327096, 41.0834999 ], [ 45.1296692, 41.0735069 ], [ 45.1311404, 41.0643304 ], [ 45.1227721, 41.0585444 ], [ 45.1201325, 41.0598986 ], [ 45.1137305, 41.0566777 ], [ 45.112532, 41.053836 ], [ 45.1149831, 41.0494256 ], [ 45.11326, 41.0497901 ], [ 45.1116715, 41.0481008 ], [ 45.1094328, 41.0485259 ], [ 45.10459259999999, 41.045903 ], [ 45.1021114, 41.0459299 ], [ 45.1015928, 41.0468209 ], [ 45.1057447, 41.0489396 ], [ 45.106523, 41.0505132 ], [ 45.1010248, 41.0552601 ], [ 45.1058786, 41.0598763 ], [ 45.1110971, 41.0617344 ], [ 45.1032515, 41.0636386 ], [ 45.0984833, 41.0631418 ], [ 45.0963114, 41.0613819 ], [ 45.0924346, 41.0576627 ], [ 45.0924577, 41.0534789 ], [ 45.0786814, 41.0541726 ], [ 45.0595006, 41.0510665 ], [ 45.0638287, 41.05695 ], [ 45.0683758, 41.0688349 ], [ 45.07350189999999, 41.0722143 ], [ 45.0761085, 41.0723358 ], [ 45.0740521, 41.0810332 ], [ 45.0769684, 41.0826831 ], [ 45.0776967, 41.0850619 ], [ 45.0769365, 41.0896456 ], [ 45.0740075, 41.0936239 ], [ 45.0745439, 41.0952167 ], [ 45.0715291, 41.0968823 ], [ 45.0712858, 41.0997735 ], [ 45.0728607, 41.1007258 ], [ 45.0740914, 41.0978964 ], [ 45.0791635, 41.1031692 ], [ 45.0900493, 41.10596429999999 ], [ 45.0906781, 41.1114129 ], [ 45.0928755, 41.1153612 ], [ 45.0989197, 41.1207846 ], [ 45.1023101, 41.115199 ], [ 45.1075028, 41.11207179999999 ], [ 45.1190079, 41.1150278 ], [ 45.1250212, 41.1120435 ], [ 45.1307575, 41.1140125 ], [ 45.1392251, 41.1127594 ], [ 45.1427412, 41.1141161 ], [ 45.1486904, 41.1133876 ], [ 45.1525294, 41.1163519 ], [ 45.1555456, 41.1231941 ], [ 45.1657952, 41.1219039 ], [ 45.1714603, 41.1186237 ], [ 45.1770564, 41.1204371 ], [ 45.1838781, 41.1266191 ], [ 45.1845746, 41.1308552 ], [ 45.1920033, 41.1322952 ], [ 45.2001054, 41.1365503 ], [ 45.20479919999999, 41.1407926 ], [ 45.2060314, 41.1436937 ], [ 45.2042274, 41.145451 ], [ 45.2052194, 41.1523473 ], [ 45.2035342, 41.1535823 ], [ 45.2030514, 41.1602094 ], [ 45.1959719, 41.1658088 ], [ 45.1926756, 41.1665191 ], [ 45.1837298, 41.1641275 ], [ 45.1777236, 41.1664819 ], [ 45.1645555, 41.1666047 ], [ 45.160854, 41.1702703 ], [ 45.1607075, 41.1756175 ], [ 45.1590391, 41.1786495 ], [ 45.1477489, 41.1833098 ], [ 45.1420528, 41.1882824 ], [ 45.142695, 41.1934184 ], [ 45.1353149, 41.1931265 ], [ 45.1290419, 41.1994695 ], [ 45.1298986, 41.2021085 ], [ 45.1227072, 41.2052741 ], [ 45.1183951, 41.2038954 ], [ 45.1179087, 41.1968468 ], [ 45.1135615, 41.1998332 ], [ 45.1120516, 41.1996307 ], [ 45.1074488, 41.1970811 ], [ 45.1066973, 41.1950616 ], [ 45.0987829, 41.1909278 ], [ 45.0944849, 41.1803409 ], [ 45.0897169, 41.1781699 ], [ 45.08540639999999, 41.1801488 ], [ 45.0803217, 41.1784993 ], [ 45.0768985, 41.1794278 ], [ 45.077114, 41.183424 ], [ 45.0732255, 41.1891687 ], [ 45.0688639, 41.1864622 ], [ 45.0623375, 41.18791629999998 ], [ 45.0595945, 41.1913892 ], [ 45.0536316, 41.1920246 ], [ 45.0484998, 41.1975291 ], [ 45.0508977, 41.2039272 ], [ 45.0501285, 41.2049731 ], [ 45.0295876, 41.195668 ], [ 45.0248513, 41.196006 ], [ 45.021858, 41.2064847 ], [ 45.024863, 41.2085797 ], [ 45.0234015, 41.2101375 ], [ 45.03107519999999, 41.21772749999999 ], [ 45.0400637, 41.2167232 ], [ 45.0439184, 41.2150744 ], [ 45.0461495, 41.2155331 ], [ 45.0488068, 41.2226005 ], [ 45.0477864, 41.2236657 ], [ 45.048426, 41.2266335 ], [ 45.0537726, 41.2337256 ], [ 45.0525751, 41.2365356 ], [ 45.0545403, 41.2427634 ], [ 45.0626974, 41.2461148 ], [ 45.0537937, 41.2487434 ], [ 45.0481142, 41.2495207 ], [ 45.041373, 41.2587403 ], [ 45.0420285, 41.2606462 ], [ 45.0451806, 41.2622961 ], [ 45.0371208, 41.2695407 ], [ 45.0273512, 41.2737596 ], [ 45.0215278, 41.2793272 ], [ 45.0197328, 41.2856533 ], [ 45.0149695, 41.2970138 ], [ 45.0192335, 41.3001237 ] ] ] ]
    }
  }, {
    "type" : "Feature",
    "properties" : {
      "osm_id" : "3764564",
      "admin_level" : "5",
      "country_code" : "AZ",
      "name" : "Oğuz rayonu",
      "population" : null,
      "wikidata" : "Q643989",
      "wikipedia" : "de:Oğuz (Rayon)",
      "name_props" : {
        "name:az" : "Oğuz rayonu",
        "name:de" : "Oğuz",
        "name:en" : "Oghuz District",
        "name:es" : "Oğuz",
        "name:fr" : "Oğuz",
        "name:ja" : "オグズ県",
        "name:ru" : "Огузский район",
        "name:uk" : "Оґузський район"
      },
      "parent_boundary_id" : "364110"
    },
    "geometry" : {
      "type" : "MultiPolygon",
      "coordinates" : [ [ [ [ 47.5332063, 40.7723883 ], [ 47.525567, 40.7810412 ], [ 47.5315158, 40.7859163 ], [ 47.5866682, 40.8003119 ], [ 47.6041696, 40.7956745 ], [ 47.6084215, 40.7957396 ], [ 47.6103569, 40.7905853 ], [ 47.6051428, 40.772989 ], [ 47.6020314, 40.7682926 ], [ 47.5866033, 40.7496662 ], [ 47.5802948, 40.7454396 ], [ 47.5766841, 40.744366 ], [ 47.574115, 40.7416679 ], [ 47.5688578, 40.7353922 ], [ 47.5643088, 40.7258149 ], [ 47.5596525, 40.7205947 ], [ 47.5504955, 40.7138819 ], [ 47.5484177, 40.7158853 ], [ 47.5516271, 40.7397605 ], [ 47.5483312, 40.747772 ], [ 47.5359715, 40.7594234 ], [ 47.5310275, 40.7679715 ], [ 47.5332063, 40.7723883 ] ] ], [ [ [ 47.6033518, 40.8101216 ], [ 47.5775858, 40.8176434 ], [ 47.5659494, 40.8410793 ], [ 47.5099654, 40.8518941 ], [ 47.5047922, 40.8596781 ], [ 47.4344224, 40.8940108 ], [ 47.4028733, 40.9180794 ], [ 47.3940676, 40.92795189999999 ], [ 47.3973685, 40.9591261 ], [ 47.3802716, 40.9592679 ], [ 47.3804161, 40.9716573 ], [ 47.3919389, 40.9803151 ], [ 47.3874235, 40.983431 ], [ 47.370011, 40.9722156 ], [ 47.3571561, 40.9748706 ], [ 47.3544863, 40.9848607 ], [ 47.3599654, 40.9871633 ], [ 47.3657835, 40.9947018 ], [ 47.3659608, 41.0073851 ], [ 47.3553418, 41.0204487 ], [ 47.3372063, 41.0184965 ], [ 47.3324546, 41.0320022 ], [ 47.3195497, 41.0325007 ], [ 47.3083831, 41.0225905 ], [ 47.3030941, 41.0082023 ], [ 47.2983015, 41.0092655 ], [ 47.297895, 41.0247044 ], [ 47.2887608, 41.025216 ], [ 47.294704, 41.0452501 ], [ 47.2964551, 41.0575332 ], [ 47.3053518, 41.0701021 ], [ 47.3568868, 41.1299713 ], [ 47.3686985, 41.1257702 ], [ 47.3857421, 41.1504287 ], [ 47.3806992, 41.1637508 ], [ 47.3738562, 41.1756947 ], [ 47.3864149, 41.1903806 ], [ 47.4128025, 41.2079292 ], [ 47.4170009, 41.23810910000001 ], [ 47.4101245, 41.24615630000001 ], [ 47.4082398, 41.2622978 ], [ 47.4089205, 41.2668986 ], [ 47.4127757, 41.2674279 ], [ 47.4180954, 41.2667418 ], [ 47.427312, 41.2679373 ], [ 47.4330411, 41.2660915 ], [ 47.4415397, 41.2716948 ], [ 47.4456837, 41.2730682 ], [ 47.449929, 41.272977 ], [ 47.4510761, 41.2741359 ], [ 47.4536731, 41.2739123 ], [ 47.4567265, 41.2704484 ], [ 47.4593447, 41.26949 ], [ 47.4606913, 41.2663838 ], [ 47.4677057, 41.261341 ], [ 47.4694469, 41.2576985 ], [ 47.4730573, 41.2554673 ], [ 47.4756852, 41.2602615 ], [ 47.4806785, 41.2641614 ], [ 47.4984654, 41.2684681 ], [ 47.5009986, 41.2639293 ], [ 47.5057234, 41.2617027 ], [ 47.5040926, 41.2589184 ], [ 47.502687, 41.2579656 ], [ 47.50434, 41.2563413 ], [ 47.5054654, 41.2537829 ], [ 47.5038834, 41.2511977 ], [ 47.5077626, 41.2464635 ], [ 47.5073621, 41.2418747 ], [ 47.5053315, 41.237732 ], [ 47.5008238, 41.2338102 ], [ 47.5038461, 41.2297201 ], [ 47.5032401, 41.2282268 ], [ 47.51165, 41.2236502 ], [ 47.5177543, 41.2205573 ], [ 47.5222279, 41.219744 ], [ 47.5256184, 41.2148436 ], [ 47.5321874, 41.2116565 ], [ 47.5369731, 41.2060005 ], [ 47.5412458, 41.2050853 ], [ 47.5454761, 41.2056308 ], [ 47.5495098, 41.2040233 ], [ 47.5523342, 41.2013209 ], [ 47.5545528, 41.2010088 ], [ 47.5546618, 41.1990903 ], [ 47.557588, 41.1980256 ], [ 47.5647946, 41.1982798 ], [ 47.5654758, 41.2060623 ], [ 47.5676002, 41.20771 ], [ 47.5676186, 41.2108945 ], [ 47.5777787, 41.2175248 ], [ 47.5869233, 41.2161758 ], [ 47.5888388, 41.2181648 ], [ 47.5912817, 41.2183873 ], [ 47.5951105, 41.2165522 ], [ 47.596206, 41.2185702 ], [ 47.6010467, 41.2197302 ], [ 47.6045396, 41.2194931 ], [ 47.6103595, 41.2168385 ], [ 47.6129445, 41.220582 ], [ 47.6117251, 41.2215667 ], [ 47.6113263, 41.2259395 ], [ 47.6132441, 41.2253077 ], [ 47.6148138, 41.23020540000001 ], [ 47.6183155, 41.232875 ], [ 47.6180882, 41.23643469999998 ], [ 47.6199174, 41.2383023 ], [ 47.6224629, 41.2349208 ], [ 47.6287998, 41.2315209 ], [ 47.6468974, 41.2288802 ], [ 47.6478966, 41.2251808 ], [ 47.6510597, 41.2230638 ], [ 47.6565642, 41.2242909 ], [ 47.6655486, 41.224304 ], [ 47.6721896, 41.2222365 ], [ 47.6788088, 41.224386 ], [ 47.6845749, 41.2234435 ], [ 47.6892267, 41.2274161 ], [ 47.693753, 41.2258383 ], [ 47.7011076, 41.2260054 ], [ 47.7067619, 41.2129425 ], [ 47.7115183, 41.2087492 ], [ 47.7144235, 41.2085066 ], [ 47.7166782, 41.206825 ], [ 47.7260746, 41.2067925 ], [ 47.7263049, 41.1935615 ], [ 47.7247682, 41.1812491 ], [ 47.7225683, 41.1769247 ], [ 47.7210705, 41.1678243 ], [ 47.73135, 41.1439166 ], [ 47.72028739999999, 41.1369351 ], [ 47.7217675, 41.1264246 ], [ 47.7063329, 41.1228411 ], [ 47.6940134, 41.0948287 ], [ 47.6861666, 41.0897115 ], [ 47.6778088, 41.0653103 ], [ 47.6554671, 41.0415423 ], [ 47.662938, 41.0305249 ], [ 47.6709815, 41.0070675 ], [ 47.6612506, 40.9957162 ], [ 47.6541552, 40.980681 ], [ 47.6496969, 40.9782509 ], [ 47.6475151, 40.9733867 ], [ 47.6444765, 40.97072330000001 ], [ 47.644011, 40.967244 ], [ 47.6417757, 40.9666843 ], [ 47.6400299, 40.964514 ], [ 47.6411951, 40.96252170000001 ], [ 47.635262, 40.9573332 ], [ 47.6359852, 40.9563116 ], [ 47.6306146, 40.9536008 ], [ 47.6251636, 40.9524072 ], [ 47.6277618, 40.9483509 ], [ 47.6241323, 40.9470561 ], [ 47.6243064, 40.9455184 ], [ 47.6208376, 40.9431714 ], [ 47.6141585, 40.942349 ], [ 47.6142071, 40.9363505 ], [ 47.6094772, 40.9328813 ], [ 47.6043825, 40.925625 ], [ 47.6053808, 40.9207298 ], [ 47.6007886, 40.9144764 ], [ 47.5967472, 40.9124837 ], [ 47.5978143, 40.9092838 ], [ 47.5996595, 40.9082535 ], [ 47.5988057, 40.9066717 ], [ 47.6010984, 40.9045643 ], [ 47.5961413, 40.8995167 ], [ 47.5943031, 40.8992148 ], [ 47.5921343, 40.8935579 ], [ 47.5952307, 40.8871098 ], [ 47.5974535, 40.8861067 ], [ 47.5985535, 40.8835689 ], [ 47.5955483, 40.8813396 ], [ 47.5978254, 40.8786364 ], [ 47.5985308, 40.872722 ], [ 47.5952307, 40.8731936 ], [ 47.5934276, 40.8723618 ], [ 47.5960586, 40.8709383 ], [ 47.5958545, 40.8688115 ], [ 47.599869, 40.8688887 ], [ 47.5988257, 40.8657241 ], [ 47.6002546, 40.8634942 ], [ 47.5978844, 40.8608698 ], [ 47.6023526, 40.860338 ], [ 47.6008061, 40.8537971 ], [ 47.6054677, 40.8514464 ], [ 47.6005292, 40.8477108 ], [ 47.6027292, 40.8460932 ], [ 47.6020061, 40.8432069 ], [ 47.605483, 40.8408442 ], [ 47.6024061, 40.8381206 ], [ 47.6029138, 40.8367006 ], [ 47.6083446, 40.8338023 ], [ 47.6098677, 40.8314858 ], [ 47.6091292, 40.82962329999999 ], [ 47.6109446, 40.8260262 ], [ 47.60956, 40.8214276 ], [ 47.6101138, 40.8144884 ], [ 47.6088831, 40.8137199 ], [ 47.6084326, 40.81003589999999 ], [ 47.6033518, 40.8101216 ] ] ] ]
    }
  }, {
    "type" : "Feature",
    "properties" : {
      "osm_id" : "3764568",
      "admin_level" : "5",
      "country_code" : "AZ",
      "name" : "Qobustan rayonu",
      "population" : null,
      "wikidata" : "Q457508",
      "wikipedia" : "de:Qobustan (Rayon)",
      "name_props" : {
        "name:az" : "Qobustan rayonu",
        "name:de" : "Qobustan",
        "name:en" : "Gobustan District",
        "name:es" : "Qobustan",
        "name:fr" : "Qobustan",
        "name:ja" : "ゴブスタン県",
        "name:ml" : "ഗോബുസ്ഥാൻ",
        "name:ru" : "Гобустанский район",
        "name:uk" : "Ґобустанський район"
      },
      "parent_boundary_id" : "364110"
    },
    "geometry" : {
      "type" : "MultiPolygon",
      "coordinates" : [ [ [ [ 48.8740268, 40.3233392 ], [ 48.8600739, 40.35499020000001 ], [ 48.7868453, 40.3481003 ], [ 48.7766804, 40.3466867 ], [ 48.7675213, 40.3510278 ], [ 48.7350379, 40.3473979 ], [ 48.7122768, 40.3404718 ], [ 48.695203, 40.3378742 ], [ 48.7106354, 40.3520227 ], [ 48.7278932, 40.3570097 ], [ 48.7516248, 40.3860564 ], [ 48.7435608, 40.4015868 ], [ 48.7541454, 40.4141135 ], [ 48.766858, 40.4332847 ], [ 48.7715992, 40.4464636 ], [ 48.7712105, 40.456917 ], [ 48.7761858, 40.4647957 ], [ 48.763328, 40.4840627 ], [ 48.7561844, 40.4908912 ], [ 48.7553072, 40.4982672 ], [ 48.7667528, 40.5051643 ], [ 48.7753108, 40.5131321 ], [ 48.7702219, 40.5297945 ], [ 48.7618632, 40.5354143 ], [ 48.7590399, 40.5661798 ], [ 48.7669926, 40.5760045 ], [ 48.7658289, 40.5871213 ], [ 48.7516535, 40.5983824 ], [ 48.7326847, 40.6206828 ], [ 48.7369872, 40.6314757 ], [ 48.7472014, 40.6360458 ], [ 48.7518078, 40.6477305 ], [ 48.7508462, 40.663634 ], [ 48.7429148, 40.6816153 ], [ 48.7463592, 40.6961091 ], [ 48.76876750000001, 40.7026233 ], [ 48.7754969, 40.7347239 ], [ 48.7811648, 40.7440198 ], [ 48.7935335, 40.7445965 ], [ 48.8184612, 40.7385412 ], [ 48.8330821, 40.7510973 ], [ 48.8559478, 40.7592998 ], [ 48.8673361, 40.7730761 ], [ 48.8865774, 40.7750632 ], [ 48.9122616, 40.7563042 ], [ 48.9500557, 40.7341886 ], [ 48.9802495, 40.7142907 ], [ 48.9929453, 40.7057591 ], [ 49.0106978, 40.6907834 ], [ 49.0200077, 40.6781751 ], [ 49.0371905, 40.6590301 ], [ 49.0875108, 40.642864 ], [ 49.1494432, 40.6035756 ], [ 49.1669686, 40.5971453 ], [ 49.169209, 40.5774555 ], [ 49.1988675, 40.5551324 ], [ 49.2299062, 40.5252825 ], [ 49.2699169, 40.5178168 ], [ 49.3073605, 40.5142512 ], [ 49.2943349, 40.4788396 ], [ 49.2425723, 40.4789029 ], [ 49.2422094, 40.4623385 ], [ 49.2194382, 40.4675844 ], [ 49.1920928, 40.44949829999999 ], [ 49.1686321, 40.454331 ], [ 49.1404061, 40.4445849 ], [ 49.1437127, 40.4259929 ], [ 49.1184961, 40.4079629 ], [ 49.0644736, 40.3805398 ], [ 49.0287343, 40.3695503 ], [ 49.0302027, 40.3595509 ], [ 49.0188362, 40.3521696 ], [ 48.9825259, 40.3490406 ], [ 48.9713633, 40.3206776 ], [ 48.9445306, 40.2936837 ], [ 48.8865764, 40.3197248 ], [ 48.8740268, 40.3233392 ] ] ] ]
    }
  }, {
    "type" : "Feature",
    "properties" : {
      "osm_id" : "3764578",
      "admin_level" : "5",
      "country_code" : "AZ",
      "name" : "Siyəzən rayonu",
      "population" : null,
      "wikidata" : "Q820940",
      "wikipedia" : "az:Siyəzən rayonu",
      "name_props" : {
        "name:az" : "Siyəzən rayonu",
        "name:de" : "Siyəzən",
        "name:en" : "Siazan District",
        "name:es" : "Siyəzən",
        "name:fa" : "شهرستان سیزن",
        "name:fr" : "Siyəzən",
        "name:ja" : "シヤザン県",
        "name:ru" : "Сиазаньский район",
        "name:uk" : "Сіазаньський район"
      },
      "parent_boundary_id" : "364110"
    },
    "geometry" : {
      "type" : "MultiPolygon",
      "coordinates" : [ [ [ [ 48.880222, 40.9368676 ], [ 48.8580838, 40.9581307 ], [ 48.8654275, 40.9822815 ], [ 48.861275, 41.0081841 ], [ 48.8598889, 41.0168282 ], [ 48.8681031, 41.0355363 ], [ 48.895086, 41.0435496 ], [ 48.9163455, 41.0414184 ], [ 48.9493052, 41.0486142 ], [ 48.9657266, 41.0501456 ], [ 48.981188, 41.055934 ], [ 48.9851023, 41.0639442 ], [ 48.9603445, 41.0731756 ], [ 48.9572869, 41.0792941 ], [ 48.9249217, 41.0886365 ], [ 48.9188325, 41.0935125 ], [ 48.9439545, 41.1115504 ], [ 48.9609859, 41.1147158 ], [ 48.982555, 41.1187244 ], [ 48.9936154, 41.1223312 ], [ 48.9922834, 41.1273481 ], [ 48.9799147, 41.1369507 ], [ 48.9800296, 41.148538 ], [ 48.9774591, 41.1572127 ], [ 48.9836883, 41.1601856 ], [ 48.9938078, 41.1626586 ], [ 49.0044674, 41.1584423 ], [ 49.0157845, 41.1665417 ], [ 49.0431222, 41.1834165 ], [ 49.0720984, 41.169824 ], [ 49.0870125, 41.1906947 ], [ 49.0961341, 41.1911803 ], [ 49.1020885, 41.20646 ], [ 49.1116815, 41.215148 ], [ 49.1196241, 41.2161409 ], [ 49.1308017, 41.2013404 ], [ 49.1454919, 41.20032830000001 ], [ 49.3937576, 41.2993758 ], [ 49.3984476, 41.2794606 ], [ 49.4075249, 41.2222178 ], [ 49.4195575, 41.1963692 ], [ 49.4252322, 41.1773451 ], [ 49.4283559, 41.1583794 ], [ 49.4424397, 41.1247219 ], [ 49.4746806, 41.1018451 ], [ 49.4984052, 41.0830605 ], [ 49.5136226, 41.0690159 ], [ 49.5285613, 41.0521584 ], [ 49.5482626, 41.03904210000001 ], [ 49.5651669, 41.0258417 ], [ 49.578298, 41.0223642 ], [ 49.3528718, 40.9012107 ], [ 49.3502882, 40.898076 ], [ 49.347933, 40.8828859 ], [ 49.3259658, 40.8835653 ], [ 49.2895497, 40.9016494 ], [ 49.2518019, 40.8999406 ], [ 49.2382652, 40.88972110000001 ], [ 49.230797, 40.886437 ], [ 49.21374019999999, 40.8960147 ], [ 49.1807489, 40.9050287 ], [ 49.1543235, 40.9251472 ], [ 49.1195254, 40.9338317 ], [ 49.0877718, 40.9375997 ], [ 49.0881703, 40.9454278 ], [ 49.1043167, 40.9545742 ], [ 49.1094707, 40.9644111 ], [ 49.0994728, 40.9771297 ], [ 49.0920032, 40.9968888 ], [ 49.0751123, 40.9868796 ], [ 49.0671944, 40.9843365 ], [ 49.0583463, 40.984499 ], [ 49.0478842, 40.9816196 ], [ 49.0342675, 40.973899 ], [ 49.0305012, 40.9691855 ], [ 49.0305053, 40.956808 ], [ 49.0395687, 40.9435698 ], [ 49.015724, 40.9372475 ], [ 49.0196818, 40.9328672 ], [ 48.9989929, 40.9215715 ], [ 48.9839649, 40.9279005 ], [ 48.9528095, 40.9187947 ], [ 48.9429505, 40.9243986 ], [ 48.9260333, 40.9133041 ], [ 48.9069267, 40.9216415 ], [ 48.9021282, 40.9139047 ], [ 48.8850745, 40.91339330000001 ], [ 48.8835854, 40.922059 ], [ 48.880222, 40.9368676 ] ], [ [ 49.0532786, 41.122832 ], [ 49.0629603, 41.0959812 ], [ 49.0934323, 41.1052795 ], [ 49.0980426, 41.103047 ], [ 49.1097032, 41.1001208 ], [ 49.1303889, 41.1061744 ], [ 49.1211879, 41.1264009 ], [ 49.1051407, 41.12293949999999 ], [ 49.1029918, 41.1314178 ], [ 49.0981853, 41.1419158 ], [ 49.0959105, 41.14139620000001 ], [ 49.0984691, 41.1322449 ], [ 49.0532786, 41.122832 ] ] ] ]
    }
  }, {
    "type" : "Feature",
    "properties" : {
      "osm_id" : "3764594",
      "admin_level" : "5",
      "country_code" : "AZ",
      "name" : "Şirvan İnzibati Ərazisi",
      "population" : null,
      "wikidata" : "Q241116",
      "wikipedia" : "de:Şirvan",
      "name_props" : {
        "name:ar" : "شروان",
        "name:az" : "Şirvan İnzibati Ərazisi",
        "name:de" : "Şirvan",
        "name:en" : "Shirvan District",
        "name:es" : "Şirvan",
        "name:fa" : "شیروان",
        "name:fr" : "Şirvan",
        "name:ru" : "Ширванская Администрация",
        "name:uk" : "Ширван"
      },
      "parent_boundary_id" : "364110"
    },
    "geometry" : {
      "type" : "MultiPolygon",
      "coordinates" : [ [ [ [ 48.8964701, 39.940856 ], [ 48.8863116, 39.9395374 ], [ 48.8826102, 39.9414253 ], [ 48.8813066, 39.9458383 ], [ 48.8889402, 39.955453 ], [ 48.89726550000001, 39.9588643 ], [ 48.8911221, 39.9890706 ], [ 48.8926226, 39.9957997 ], [ 48.9054028, 40.00386240000001 ], [ 48.909145, 40.0040678 ], [ 48.9622828, 39.9963093 ], [ 48.9898033, 39.9470249 ], [ 48.9760565, 39.9372289 ], [ 48.9471878, 39.9171673 ], [ 48.9427738, 39.8996877 ], [ 48.9418726, 39.8899836 ], [ 48.9446067, 39.8802679 ], [ 48.9420477, 39.8687183 ], [ 48.9435193, 39.8637151 ], [ 48.938642, 39.8626725 ], [ 48.9286491, 39.8570179 ], [ 48.9193082, 39.8555063 ], [ 48.917774, 39.8601513 ], [ 48.92066, 39.866023 ], [ 48.9206385, 39.8696792 ], [ 48.91697, 39.872362 ], [ 48.9016807, 39.8759865 ], [ 48.9008224, 39.87729559999999 ], [ 48.908, 39.8938018 ], [ 48.9069834, 39.8985356 ], [ 48.9008315, 39.8993245 ], [ 48.8829147, 39.8966629 ], [ 48.8805897, 39.8970751 ], [ 48.8792001, 39.8986997 ], [ 48.8821649, 39.9062139 ], [ 48.8870412, 39.9072961 ], [ 48.8992267, 39.9071098 ], [ 48.9050858, 39.9091926 ], [ 48.9085712, 39.9120556 ], [ 48.9087556, 39.9180156 ], [ 48.9070558, 39.9193478 ], [ 48.9031931, 39.918793 ], [ 48.8952112, 39.9126988 ], [ 48.8921642, 39.9125507 ], [ 48.8897919, 39.9139344 ], [ 48.8921167, 39.918835 ], [ 48.9004989, 39.9253553 ], [ 48.9039981, 39.9311464 ], [ 48.9038842, 39.9389945 ], [ 48.9016713, 39.9402985 ], [ 48.8964701, 39.940856 ] ] ] ]
    }
  }, {
    "type" : "Feature",
    "properties" : {
      "osm_id" : "3812595",
      "admin_level" : "5",
      "country_code" : "AZ",
      "name" : "Naftalan İnzibati Ərazisi",
      "population" : null,
      "wikidata" : "Q152825",
      "wikipedia" : "de:Naftalan",
      "name_props" : {
        "name:az" : "Naftalan İnzibati Ərazisi",
        "name:de" : "Naftalan",
        "name:en" : "Naftalan City",
        "name:es" : "Naftalan",
        "name:fr" : "Naftalan",
        "name:ja" : "ナフタラン",
        "name:ru" : "Нафталанская Администрация",
        "name:uk" : "Нафталан"
      },
      "parent_boundary_id" : "364110"
    },
    "geometry" : {
      "type" : "MultiPolygon",
      "coordinates" : [ [ [ [ 46.7737522, 40.4910538 ], [ 46.7782337, 40.5042007 ], [ 46.7897059, 40.518233 ], [ 46.8064753, 40.524625 ], [ 46.8213448, 40.526251 ], [ 46.8479319, 40.5218223 ], [ 46.8532561, 40.5121026 ], [ 46.8393988, 40.4916157 ], [ 46.8312726, 40.4861673 ], [ 46.7726309, 40.4723162 ], [ 46.7737522, 40.4910538 ] ] ] ]
    }
  }, {
    "type" : "Feature",
    "properties" : {
      "osm_id" : "3812604",
      "admin_level" : "5",
      "country_code" : "AZ",
      "name" : "Lənkəran İnzibati Ərazisi",
      "population" : null,
      "wikidata" : "Q228811",
      "wikipedia" : "de:Lənkəran (Stadt)",
      "name_props" : {
        "name:ar" : "لنكران",
        "name:az" : "Lənkəran İnzibati Ərazisi",
        "name:de" : "Lankaran",
        "name:en" : "Lankaran",
        "name:es" : "Lankaran",
        "name:fa" : "لنکران",
        "name:fr" : "Lankaran",
        "name:ja" : "レンキャラン",
        "name:ru" : "Ленкоранская Администрация",
        "name:uk" : "Ленкорань"
      },
      "parent_boundary_id" : "364110"
    },
    "geometry" : {
      "type" : "MultiPolygon",
      "coordinates" : [ [ [ [ 48.8249141, 38.7851662 ], [ 48.8250407, 38.7956585 ], [ 48.8292337, 38.7955684 ], [ 48.8363206, 38.7980029 ], [ 48.8389473, 38.7901558 ], [ 48.8511706, 38.7685364 ], [ 48.8595062, 38.7600663 ], [ 48.8655878, 38.7568024 ], [ 48.8692161, 38.7506732 ], [ 48.8598761, 38.7509446 ], [ 48.8490727, 38.7448434 ], [ 48.8462596, 38.7417024 ], [ 48.8442168, 38.7419118 ], [ 48.8306825, 38.7317703 ], [ 48.826315, 38.7329968 ], [ 48.8269356, 38.73476869999999 ], [ 48.8246004, 38.738321 ], [ 48.8210096, 38.74169340000001 ], [ 48.8151294, 38.7446823 ], [ 48.7934223, 38.7735631 ], [ 48.8084494, 38.7916296 ], [ 48.8249141, 38.7851662 ] ] ] ]
    }
  }, {
    "type" : "Feature",
    "properties" : {
      "osm_id" : "3912202",
      "admin_level" : "5",
      "country_code" : "AZ",
      "name" : "Yevlax İnzibati Ərazisi",
      "population" : null,
      "wikidata" : "Q175459",
      "wikipedia" : "ru:Евлах",
      "name_props" : {
        "name:az" : "Yevlax İnzibati Ərazisi",
        "name:de" : "Yevlax",
        "name:en" : "Yevlakh",
        "name:es" : "Yevlax",
        "name:fa" : "یولاخ",
        "name:fr" : "Ievlakh",
        "name:ru" : "Евлахская Администрация",
        "name:uk" : "Євлах"
      },
      "parent_boundary_id" : "364110"
    },
    "geometry" : {
      "type" : "MultiPolygon",
      "coordinates" : [ [ [ [ 47.1698025, 40.6333721 ], [ 47.1700385, 40.6306282 ], [ 47.1768591, 40.6301246 ], [ 47.1801773, 40.6271432 ], [ 47.1837549, 40.6228866 ], [ 47.1840691, 40.6200952 ], [ 47.1825457, 40.6096925 ], [ 47.1792358, 40.6048967 ], [ 47.170701, 40.5982686 ], [ 47.1684135, 40.5930909 ], [ 47.1697354, 40.5892052 ], [ 47.1415723, 40.5853025 ], [ 47.1265089, 40.5998693 ], [ 47.1074643, 40.602881 ], [ 47.1084063, 40.6303392 ], [ 47.126584, 40.6440474 ], [ 47.1356391, 40.6384789 ], [ 47.1698025, 40.6333721 ] ] ] ]
    }
  }, {
    "type" : "Feature",
    "properties" : {
      "osm_id" : "3912204",
      "admin_level" : "5",
      "country_code" : "AZ",
      "name" : "Şəki İnzibati Ərazisi",
      "population" : null,
      "wikidata" : "Q234783",
      "wikipedia" : "de:Şəki",
      "name_props" : {
        "name:ar" : "إدارة شكي",
        "name:az" : "Şəki İnzibati Ərazisi",
        "name:de" : "Şəki",
        "name:en" : "Shaki",
        "name:es" : "Şəki",
        "name:fr" : "Shaki",
        "name:ru" : "Шекинская Администрация",
        "name:uk" : "Шекі"
      },
      "parent_boundary_id" : "364110"
    },
    "geometry" : {
      "type" : "MultiPolygon",
      "coordinates" : [ [ [ [ 47.1342067, 41.1329482 ], [ 47.1548223, 41.1947781 ], [ 47.1666505, 41.2180763 ], [ 47.1712977, 41.2337458 ], [ 47.1784117, 41.2410997 ], [ 47.1898213, 41.2424473 ], [ 47.1866711, 41.215131 ], [ 47.2160898, 41.2073538 ], [ 47.2162014, 41.1985541 ], [ 47.1883576, 41.1851809 ], [ 47.20394, 41.1600916 ], [ 47.2055267, 41.1489306 ], [ 47.2007953, 41.1410049 ], [ 47.1764945, 41.1391061 ], [ 47.1638602, 41.1223715 ], [ 47.1342067, 41.1329482 ] ] ] ]
    }
  }, {
    "type" : "Feature",
    "properties" : {
      "osm_id" : "3764573",
      "admin_level" : "5",
      "country_code" : "AZ",
      "name" : "Saatlı rayonu",
      "population" : null,
      "wikidata" : "Q601105",
      "wikipedia" : "de:Saatlı (Rayon)",
      "name_props" : {
        "name:az" : "Saatlı rayonu",
        "name:de" : "Saatlı",
        "name:en" : "Saatly District",
        "name:es" : "Saatlı",
        "name:fa" : "شهرستان ساعتلی",
        "name:fr" : "Saatlı",
        "name:ja" : "サアトル県",
        "name:ru" : "Саатлинский район",
        "name:uk" : "Саатлинський район"
      },
      "parent_boundary_id" : "364110"
    },
    "geometry" : {
      "type" : "MultiPolygon",
      "coordinates" : [ [ [ [ 48.2389068, 39.9852261 ], [ 48.2609906, 39.9753682 ], [ 48.296324, 39.9880963 ], [ 48.3438939, 40.0102222 ], [ 48.3870718, 40.0179313 ], [ 48.4015635, 40.0239906 ], [ 48.4113052, 40.0302672 ], [ 48.4296748, 40.0350745 ], [ 48.4320657, 40.0340462 ], [ 48.43298080000001, 40.0312866 ], [ 48.4274179, 40.0213704 ], [ 48.4281796, 40.0194725 ], [ 48.431645, 40.0185111 ], [ 48.4544975, 40.0190329 ], [ 48.4561846, 40.0156421 ], [ 48.4602778, 40.0123418 ], [ 48.4514583, 40.0067614 ], [ 48.4507701, 40.004898 ], [ 48.452555, 39.9978277 ], [ 48.4496622, 39.9930385 ], [ 48.4476682, 39.9736683 ], [ 48.451497, 39.9678565 ], [ 48.4345164, 39.9576096 ], [ 48.4393294, 39.9450167 ], [ 48.5349628, 39.9580908 ], [ 48.5928764, 39.9449365 ], [ 48.6158409, 39.9223109 ], [ 48.6831679, 39.8999513 ], [ 48.6926461, 39.85512019999999 ], [ 48.6763692, 39.8062578 ], [ 48.698269, 39.7701001 ], [ 48.6393763, 39.7134375 ], [ 48.5693858, 39.7002323 ], [ 48.5384597, 39.7029646 ], [ 48.5338726, 39.6722198 ], [ 48.5672162, 39.6638039 ], [ 48.5488389, 39.6575955 ], [ 48.4978583, 39.6530281 ], [ 48.4837347, 39.6562344 ], [ 48.4834659, 39.6666852 ], [ 48.4942247, 39.674342 ], [ 48.4954284, 39.6801343 ], [ 48.4467719, 39.7061976 ], [ 48.4388417, 39.7049567 ], [ 48.4327932, 39.6786861 ], [ 48.4029541, 39.6714444 ], [ 48.3956862, 39.6577303 ], [ 48.3745935, 39.6593388 ], [ 48.3600772, 39.6658575 ], [ 48.3401845, 39.6820998 ], [ 48.3219046, 39.6823067 ], [ 48.3372274, 39.6994759 ], [ 48.3200229, 39.72946 ], [ 48.3291628, 39.7604644 ], [ 48.321367, 39.7840183 ], [ 48.2907214, 39.7862907 ], [ 48.2619576, 39.8015753 ], [ 48.2412584, 39.8050861 ], [ 48.2210969, 39.820573 ], [ 48.2282878, 39.8597555 ], [ 48.245694, 39.8760553 ], [ 48.2383149, 39.9119289 ], [ 48.2471878, 39.914882 ], [ 48.2488382, 39.9188578 ], [ 48.2512061, 39.9431446 ], [ 48.2381144, 39.9584384 ], [ 48.2242242, 39.9654388 ], [ 48.2227457, 39.9732161 ], [ 48.2275844, 39.9779541 ], [ 48.2374636, 39.9796536 ], [ 48.2389068, 39.9852261 ] ] ] ]
    }
  }, {
    "type" : "Feature",
    "properties" : {
      "osm_id" : "3764545",
      "admin_level" : "5",
      "country_code" : "AZ",
      "name" : "Biləsuvar rayonu",
      "population" : "87508",
      "wikidata" : "Q330834",
      "wikipedia" : "de:Biləsuvar (Rayon)",
      "name_props" : {
        "name:ar" : "مقاطعة بيلاسوار",
        "name:az" : "Biləsuvar rayonu",
        "name:de" : "Biləsuvar",
        "name:en" : "Bilasuvar District",
        "name:es" : "Biləsuvar",
        "name:fa" : "شهرستان بیله‌سوار",
        "name:fr" : "Biləsuvar",
        "name:ja" : "ビラスヴァル県",
        "name:ru" : "Билясуварский район",
        "name:uk" : "Білясуварський район"
      },
      "parent_boundary_id" : "364110"
    },
    "geometry" : {
      "type" : "MultiPolygon",
      "coordinates" : [ [ [ [ 48.0951619, 39.6354594 ], [ 48.0316267, 39.6922285 ], [ 47.9856061, 39.709146 ], [ 47.9821222, 39.7090003 ], [ 47.9798896, 39.7061476 ], [ 47.9768273, 39.7293905 ], [ 47.9817938, 39.7310724 ], [ 48.0149164, 39.7261613 ], [ 48.0285187, 39.72578 ], [ 48.0669895, 39.7076841 ], [ 48.0941238, 39.6862828 ], [ 48.1376911, 39.661362 ], [ 48.1860057, 39.6208057 ], [ 48.222665, 39.5939598 ], [ 48.2777059, 39.6053575 ], [ 48.3178132, 39.5962253 ], [ 48.3543529, 39.6223982 ], [ 48.3858826, 39.6412737 ], [ 48.3956862, 39.6577303 ], [ 48.4029541, 39.6714444 ], [ 48.4327932, 39.6786861 ], [ 48.4388417, 39.7049567 ], [ 48.4467719, 39.7061976 ], [ 48.4954284, 39.6801343 ], [ 48.4942247, 39.674342 ], [ 48.4834659, 39.6666852 ], [ 48.4837347, 39.6562344 ], [ 48.4978583, 39.6530281 ], [ 48.5488389, 39.6575955 ], [ 48.5672162, 39.6638039 ], [ 48.58507070000001, 39.6678916 ], [ 48.6478107, 39.6455632 ], [ 48.6942738, 39.6424867 ], [ 48.7311752, 39.607237 ], [ 48.7383789, 39.584886 ], [ 48.7256239, 39.5325108 ], [ 48.7336651, 39.5161488 ], [ 48.7630569, 39.4976433 ], [ 48.764166, 39.4783838 ], [ 48.7396012, 39.4359561 ], [ 48.7194104, 39.4187563 ], [ 48.7155411, 39.4289644 ], [ 48.6724758, 39.4444116 ], [ 48.6404974, 39.4052485 ], [ 48.6423267, 39.3582487 ], [ 48.6314635, 39.3274583 ], [ 48.6288161, 39.3253109 ], [ 48.6233753, 39.324557 ], [ 48.6008555, 39.328616 ], [ 48.5653345, 39.3406368 ], [ 48.541993, 39.3531791 ], [ 48.5491915, 39.3764692 ], [ 48.5556692, 39.4121464 ], [ 48.503889, 39.4149818 ], [ 48.4822044, 39.4072469 ], [ 48.468477, 39.3789692 ], [ 48.39118, 39.3565993 ], [ 48.3697502, 39.3386538 ], [ 48.3621219, 39.3442728 ], [ 48.3524933, 39.3414522 ], [ 48.3282683, 39.3494233 ], [ 48.3261793, 39.3632927 ], [ 48.330097, 39.3643225 ], [ 48.3304009, 39.3660512 ], [ 48.3319479, 39.3652156 ], [ 48.3331908, 39.3666152 ], [ 48.3368049, 39.366516 ], [ 48.3371761, 39.3684843 ], [ 48.3404433, 39.3694592 ], [ 48.341542, 39.368307 ], [ 48.342655, 39.3706656 ], [ 48.3444224, 39.3712971 ], [ 48.3481004, 39.3715482 ], [ 48.3477469, 39.3700379 ], [ 48.3613014, 39.3708217 ], [ 48.3613572, 39.3729285 ], [ 48.3645961, 39.3748631 ], [ 48.3654609, 39.3775795 ], [ 48.3676428, 39.3770678 ], [ 48.3683866, 39.3783511 ], [ 48.3679557, 39.381375 ], [ 48.3590224, 39.3927811 ], [ 48.3610586, 39.3940615 ], [ 48.3444601, 39.416345 ], [ 48.3321995, 39.4287044 ], [ 48.2538929, 39.4983066 ], [ 48.1755484, 39.5678729 ], [ 48.1370862, 39.602 ], [ 48.1271866, 39.6068288 ], [ 48.0951619, 39.6354594 ] ] ] ]
    }
  }, {
    "type" : "Feature",
    "properties" : {
      "osm_id" : "3812581",
      "admin_level" : "5",
      "country_code" : "AZ",
      "name" : "Mingəçevir İnzibati Ərazisi",
      "population" : null,
      "wikidata" : "Q230932",
      "wikipedia" : "de:Mingəçevir",
      "name_props" : {
        "name:az" : "Mingəçevir İnzibati Ərazisi",
        "name:de" : "Mingəçevir",
        "name:en" : "Mingachevir",
        "name:es" : "Mingachevir",
        "name:fa" : "مینگه‌چویر",
        "name:fr" : "Mingachevir",
        "name:ja" : "ミンギャチェヴィル",
        "name:ru" : "Мингечаурская Администрация",
        "name:uk" : "Мінгечаур"
      },
      "parent_boundary_id" : "364110"
    },
    "geometry" : {
      "type" : "MultiPolygon",
      "coordinates" : [ [ [ [ 46.9081876, 40.8751214 ], [ 47.10117549999999, 40.8130321 ], [ 47.1146146, 40.7596624 ], [ 47.1066215, 40.7470396 ], [ 47.0906559, 40.7552686 ], [ 47.0878826, 40.7518398 ], [ 47.083109, 40.752228 ], [ 47.081879, 40.7475785 ], [ 47.0728482, 40.7460149 ], [ 47.0257215, 40.7438437 ], [ 47.0105929, 40.7445395 ], [ 47.0104213, 40.7460026 ], [ 46.9928904, 40.7460351 ], [ 46.9929977, 40.7530616 ], [ 46.983643, 40.7568968 ], [ 46.9805639, 40.7522562 ], [ 46.9715838, 40.7580915 ], [ 46.9612296, 40.7578037 ], [ 46.9552107, 40.74914 ], [ 46.9525929, 40.7504079 ], [ 46.9574852, 40.7590228 ], [ 46.868259, 40.8193275 ], [ 46.9081876, 40.8751214 ] ] ] ]
    }
  }, {
    "type" : "Feature",
    "properties" : {
      "osm_id" : "3789860",
      "admin_level" : "5",
      "country_code" : "AZ",
      "name" : "Kəngərli rayonu",
      "population" : null,
      "wikidata" : "Q734030",
      "wikipedia" : "az:Kəngərli rayonu",
      "name_props" : {
        "name:az" : "Kəngərli rayonu",
        "name:cs" : "Kangarlijský rajón",
        "name:de" : "Kangarli",
        "name:en" : "Kangarli District",
        "name:es" : "Kangarli",
        "name:fa" : "شهرستان کنگرلی",
        "name:fr" : "Kangarli",
        "name:ja" : "カンガルリ地区",
        "name:ru" : "Кенгерлинский район",
        "name:uk" : "Кенгерлінський район"
      },
      "parent_boundary_id" : "364110"
    },
    "geometry" : {
      "type" : "MultiPolygon",
      "coordinates" : [ [ [ [ 45.2036497, 39.2036509 ], [ 45.1994207, 39.2047839 ], [ 45.1979446, 39.211562 ], [ 45.1946249, 39.2142296 ], [ 45.1899503, 39.2153513 ], [ 45.1847708, 39.2205229 ], [ 45.1734376, 39.223156 ], [ 45.1710902, 39.221693 ], [ 45.1675393, 39.2157778 ], [ 45.1502993, 39.2060902 ], [ 45.1499504, 39.2204266 ], [ 45.1480671, 39.229162 ], [ 45.1522099, 39.2399774 ], [ 45.151415, 39.2431485 ], [ 45.1468968, 39.2492289 ], [ 45.1462174, 39.2538683 ], [ 45.148409, 39.2634873 ], [ 45.1369904, 39.2680059 ], [ 45.1345036, 39.2720432 ], [ 45.1419404, 39.2788438 ], [ 45.1419814, 39.2844706 ], [ 45.1389025, 39.2870836 ], [ 45.1309438, 39.2891605 ], [ 45.1220074, 39.2868347 ], [ 45.1206625, 39.2855806 ], [ 45.1178194, 39.2868354 ], [ 45.1190056, 39.2895772 ], [ 45.1245888, 39.2914802 ], [ 45.1288319, 39.2946993 ], [ 45.1273271, 39.3035959 ], [ 45.1087317, 39.3092312 ], [ 45.1067541, 39.316653299999984 ], [ 45.10332, 39.3221804 ], [ 45.104092, 39.3268721 ], [ 45.1013315, 39.3333181 ], [ 45.0980664, 39.3332672 ], [ 45.0887372, 39.3287403 ], [ 45.0851717, 39.3296664 ], [ 45.0803208, 39.3335707 ], [ 45.080014, 39.3348005 ], [ 45.0863316, 39.3438036 ], [ 45.0867037, 39.3512472 ], [ 45.0733874, 39.3598961 ], [ 45.0681453, 39.3605707 ], [ 45.0571425, 39.364346 ], [ 45.0581208, 39.3812002 ], [ 45.0524401, 39.3821679 ], [ 45.0459142, 39.3795297 ], [ 45.04275, 39.3822168 ], [ 45.0419998, 39.3849729 ], [ 45.0534922, 39.3984258 ], [ 45.0485741, 39.43753969999999 ], [ 45.0595931, 39.4408339 ], [ 45.0722794, 39.4252289 ], [ 45.0845619, 39.4314573 ], [ 45.0770962, 39.4402571 ], [ 45.1081676, 39.45597510000001 ], [ 45.1066919, 39.4723871 ], [ 45.1526921, 39.4728174 ], [ 45.1914559, 39.4818843 ], [ 45.1931004, 39.4902248 ], [ 45.2116055, 39.4937103 ], [ 45.2111901, 39.5027337 ], [ 45.232334, 39.5061778 ], [ 45.2375025, 39.5003771 ], [ 45.2829103, 39.5031836 ], [ 45.2980003, 39.528952 ], [ 45.3170419, 39.5401806 ], [ 45.3422267, 39.5418849 ], [ 45.3469104, 39.5398523 ], [ 45.3561372, 39.5389991 ], [ 45.3574503, 39.5402173 ], [ 45.3682474, 39.5406057 ], [ 45.37736369999999, 39.5388814 ], [ 45.3660557, 39.5292043 ], [ 45.3545933, 39.5272182 ], [ 45.3245628, 39.5146181 ], [ 45.3172691, 39.4891426 ], [ 45.3083284, 39.483511 ], [ 45.3087437, 39.47947209999999 ], [ 45.3045519, 39.4681738 ], [ 45.347284, 39.4476017 ], [ 45.3545933, 39.4406101 ], [ 45.3642018, 39.4427157 ], [ 45.3665541, 39.4385574 ], [ 45.3632317, 39.4290628 ], [ 45.3700766, 39.4161834 ], [ 45.3593278, 39.4084653 ], [ 45.3544609, 39.4012607 ], [ 45.354178, 39.3927403 ], [ 45.3673911, 39.3785324 ], [ 45.3621305, 39.3641526 ], [ 45.3450413, 39.3572981 ], [ 45.3403285, 39.3519672 ], [ 45.3339421, 39.32416280000001 ], [ 45.3415774, 39.3228907 ], [ 45.3355945, 39.3140743 ], [ 45.3317103, 39.3083499 ], [ 45.3345238, 39.3033217 ], [ 45.319759, 39.2974159 ], [ 45.317027, 39.293988 ], [ 45.3167921, 39.2891697 ], [ 45.324683, 39.2829921 ], [ 45.2982337, 39.2552336 ], [ 45.2752816, 39.2621296 ], [ 45.271912, 39.2458834 ], [ 45.2798659, 39.2434689 ], [ 45.2760951, 39.2377511 ], [ 45.2795006, 39.229902 ], [ 45.2775071, 39.220186 ], [ 45.2770447, 39.1845762 ], [ 45.2729092, 39.185898 ], [ 45.2476296, 39.18560029999998 ], [ 45.2372821, 39.1935656 ], [ 45.2311289, 39.1940917 ], [ 45.2168433, 39.2087208 ], [ 45.2036497, 39.2036509 ] ] ] ]
    }
  }, {
    "type" : "Feature",
    "properties" : {
      "osm_id" : "3912206",
      "admin_level" : "8",
      "country_code" : "AZ",
      "name" : "Sumqayıt",
      "population" : "331000",
      "wikidata" : "Q179833",
      "wikipedia" : null,
      "name_props" : {
        "name:ar" : "سومقاييت",
        "name:az" : "Sumqayıt",
        "name:en" : "Sumgayit",
        "name:fa" : "سومقاییت",
        "name:ru" : "Сумгаит",
        "name:uk" : "Сумгаїт"
      },
      "parent_boundary_id" : "3764579"
    },
    "geometry" : {
      "type" : "MultiPolygon",
      "coordinates" : [ [ [ [ 49.5642841, 40.6041083 ], [ 49.571262, 40.6101572 ], [ 49.5862032, 40.6040539 ], [ 49.5871728, 40.6056794 ], [ 49.5757621, 40.6109553 ], [ 49.5765254, 40.6127404 ], [ 49.5805856, 40.6117761 ], [ 49.5814759, 40.6138854 ], [ 49.5792304, 40.6144009 ], [ 49.5797694, 40.6157633 ], [ 49.5819315, 40.6158238 ], [ 49.5842594, 40.6221399 ], [ 49.6038923, 40.6183904 ], [ 49.6098054, 40.6188939 ], [ 49.6127236, 40.6169067 ], [ 49.623939, 40.6151668 ], [ 49.6241805, 40.6126063 ], [ 49.6263072, 40.6121762 ], [ 49.6269245, 40.61402159999999 ], [ 49.6379139, 40.6128781 ], [ 49.6731913, 40.6162878 ], [ 49.679771, 40.6051148 ], [ 49.6846978, 40.6017545 ], [ 49.6850119, 40.5960752 ], [ 49.6893864, 40.5886501 ], [ 49.6955881, 40.5815723 ], [ 49.6990194, 40.5799686 ], [ 49.6973366, 40.5781513 ], [ 49.6956404, 40.578475 ], [ 49.6929946, 40.5732221 ], [ 49.700106, 40.5697229 ], [ 49.7078113, 40.5699751 ], [ 49.7073579, 40.5657474 ], [ 49.7104031, 40.565673 ], [ 49.7095969, 40.567993 ], [ 49.7126667, 40.5685493 ], [ 49.7223957, 40.5672727 ], [ 49.7202691, 40.5619317 ], [ 49.7221121, 40.5594513 ], [ 49.7152205, 40.5579074 ], [ 49.7168633, 40.5549574 ], [ 49.7140093, 40.5541208 ], [ 49.7063481, 40.5530829 ], [ 49.6973213, 40.5535971 ], [ 49.6903959, 40.5557722 ], [ 49.6734427, 40.5654625 ], [ 49.6685531, 40.56620130000001 ], [ 49.6641975, 40.5650872 ], [ 49.644102, 40.5539026 ], [ 49.6374231, 40.5578572 ], [ 49.6319443, 40.5531207 ], [ 49.6203733, 40.5515107 ], [ 49.6198025, 40.5441044 ], [ 49.5994292, 40.5460285 ], [ 49.6037006, 40.5655928 ], [ 49.5896364, 40.5733945 ], [ 49.5642841, 40.6041083 ] ] ] ]
    }
  }, {
    "type" : "Feature",
    "properties" : {
      "osm_id" : "3764536",
      "admin_level" : "5",
      "country_code" : "AZ",
      "name" : "Ağcabədi rayonu",
      "population" : null,
      "wikidata" : "Q330818",
      "wikipedia" : "de:Ağcabədi (Rayon)",
      "name_props" : {
        "name:az" : "Ağcabədi rayonu",
        "name:de" : "Ağcabədi",
        "name:en" : "Aghjabadi District",
        "name:es" : "Ağcabədi",
        "name:fa" : "شهرستان آغجابدیع",
        "name:fr" : "Ağcabədi",
        "name:ja" : "アグジャバディ県",
        "name:ru" : "Агджабединский район",
        "name:uk" : "Аґджабединський район"
      },
      "parent_boundary_id" : "364110"
    },
    "geometry" : {
      "type" : "MultiPolygon",
      "coordinates" : [ [ [ [ 47.2130118, 40.1975784 ], [ 47.2151305, 40.1985326 ], [ 47.2153904, 40.2000859 ], [ 47.2173761, 40.1992438 ], [ 47.2230885, 40.201194 ], [ 47.2241558, 40.199078 ], [ 47.2254553, 40.2004058 ], [ 47.2276479, 40.2000166 ], [ 47.2267824, 40.2008645 ], [ 47.2283443, 40.202591199999986 ], [ 47.2326109, 40.2037282 ], [ 47.2323283, 40.20539320000001 ], [ 47.2345033, 40.2037899 ], [ 47.2349196, 40.2048131 ], [ 47.2370062, 40.2047669 ], [ 47.2364587, 40.2062642 ], [ 47.2396227, 40.2049287 ], [ 47.2416186, 40.2068962 ], [ 47.2417104, 40.2051186 ], [ 47.2432721, 40.2052142 ], [ 47.2481894, 40.2062994 ], [ 47.2502126, 40.2078426 ], [ 47.2521107, 40.2072094 ], [ 47.2548927, 40.20965849999999 ], [ 47.25731, 40.2086156 ], [ 47.2624224, 40.2090193 ], [ 47.2700643, 40.2057989 ], [ 47.2699742, 40.1983337 ], [ 47.2718609, 40.19497049999999 ], [ 47.2817395, 40.18697310000001 ], [ 47.2989987, 40.1807089 ], [ 47.3068805, 40.1752781 ], [ 47.322411, 40.1713721 ], [ 47.3453553, 40.1797106 ], [ 47.3554052, 40.2013706 ], [ 47.3591925, 40.2014491 ], [ 47.3603898, 40.2035835 ], [ 47.377434, 40.2142406 ], [ 47.4136404, 40.2342752 ], [ 47.4655107, 40.2566545 ], [ 47.4686944, 40.2541801 ], [ 47.4802548, 40.2540788 ], [ 47.4948353, 40.2565218 ], [ 47.4992287, 40.2546714 ], [ 47.4989732, 40.2513859 ], [ 47.4913053, 40.2496297 ], [ 47.4816946, 40.2457075 ], [ 47.4784197, 40.2404944 ], [ 47.4806657, 40.2385782 ], [ 47.483582, 40.2416688 ], [ 47.4869797, 40.2429007 ], [ 47.4918071, 40.2420146 ], [ 47.4948339, 40.2353048 ], [ 47.5054837, 40.22303 ], [ 47.506114, 40.2156466 ], [ 47.5039696, 40.2125032 ], [ 47.4978568, 40.2093221 ], [ 47.4971173, 40.2064608 ], [ 47.4985469, 40.2059431 ], [ 47.5022565, 40.2074208 ], [ 47.5090563, 40.2061317 ], [ 47.5119316, 40.2039931 ], [ 47.5124413, 40.1972776 ], [ 47.5145924, 40.1967409 ], [ 47.5205094, 40.1980398 ], [ 47.5237602, 40.195696 ], [ 47.5237226, 40.1876192 ], [ 47.533124, 40.1773682 ], [ 47.5252139, 40.1653056 ], [ 47.5249672, 40.1621408 ], [ 47.5274455, 40.1600582 ], [ 47.5306749, 40.1594432 ], [ 47.5362486, 40.1605706 ], [ 47.542187, 40.1675684 ], [ 47.5479054, 40.1711593 ], [ 47.5517034, 40.1716881 ], [ 47.5606728, 40.17007719999999 ], [ 47.565093, 40.17036 ], [ 47.5919902, 40.1773896 ], [ 47.6094654, 40.1727892 ], [ 47.6171531, 40.1683111 ], [ 47.6203943, 40.168443 ], [ 47.6236849, 40.172144 ], [ 47.6336806, 40.1783976 ], [ 47.6424308, 40.1775125 ], [ 47.645216, 40.1789343 ], [ 47.6505297, 40.1860748 ], [ 47.6476582, 40.1864985 ], [ 47.6440699, 40.1842165 ], [ 47.6404115, 40.1842962 ], [ 47.6332985, 40.1871729 ], [ 47.6321154, 40.1891029 ], [ 47.6333848, 40.1907411 ], [ 47.6459805, 40.1937594 ], [ 47.6506971, 40.1937876 ], [ 47.6552187, 40.1920875 ], [ 47.66989190000001, 40.1778834 ], [ 47.6729399, 40.1763331 ], [ 47.6774219, 40.1758634 ], [ 47.6793444, 40.1768158 ], [ 47.6792761, 40.18249010000001 ], [ 47.6827523, 40.1848425 ], [ 47.6847264, 40.1844163 ], [ 47.6843724, 40.1817851 ], [ 47.6862392, 40.1795228 ], [ 47.6917532, 40.1793221 ], [ 47.6955727, 40.181109 ], [ 47.692473, 40.1887194 ], [ 47.7026742, 40.193796 ], [ 47.7081626, 40.2093457 ], [ 47.7111881, 40.2104273 ], [ 47.7202492, 40.1995114 ], [ 47.7217276, 40.1881692 ], [ 47.7299845, 40.1855373 ], [ 47.7277636, 40.1811849 ], [ 47.7344258, 40.1693577 ], [ 47.7370834, 40.1685482 ], [ 47.7417067, 40.1705608 ], [ 47.7452186, 40.170311 ], [ 47.7583506, 40.1637233 ], [ 47.7623761, 40.1641729 ], [ 47.7623014, 40.1661857 ], [ 47.7554803, 40.1709258 ], [ 47.7527839, 40.1750284 ], [ 47.7527372, 40.1780256 ], [ 47.7545305, 40.1786964 ], [ 47.7592379, 40.1771907 ], [ 47.7687553, 40.1714315 ], [ 47.7740511, 40.1668067 ], [ 47.7753867, 40.1625241 ], [ 47.7673263, 40.1525805 ], [ 47.7685125, 40.1509742 ], [ 47.77661959999999, 40.1490681 ], [ 47.7777871, 40.1476402 ], [ 47.7758868, 40.1459666 ], [ 47.768172, 40.1440675 ], [ 47.7673368, 40.1415502 ], [ 47.7552829, 40.1312832 ], [ 47.7059268, 40.10117240000001 ], [ 47.6953901, 40.0536465 ], [ 47.7014903, 40.0048132 ], [ 47.6920627, 39.9629585 ], [ 47.6543566, 39.8930967 ], [ 47.639012, 39.8915834 ], [ 47.63644450000001, 39.8957124 ], [ 47.6296744, 39.8957676 ], [ 47.603375, 39.9058689 ], [ 47.5894686, 39.9166124 ], [ 47.4956968, 39.889818 ], [ 47.4510127, 39.8566825 ], [ 47.4844082, 39.8342549 ], [ 47.4402541, 39.804485 ], [ 47.4794685, 39.7855031 ], [ 47.4618695, 39.7748516 ], [ 47.4127907, 39.7699499 ], [ 47.3767441, 39.7584402 ], [ 47.355626, 39.7376099 ], [ 47.3249171, 39.7309463 ], [ 47.342668, 39.7531367 ], [ 47.3532556, 39.7783053 ], [ 47.3489421, 39.8019585 ], [ 47.3226691, 39.8111464 ], [ 47.2687505, 39.8498426 ], [ 47.2657783, 39.8949646 ], [ 47.2879608, 39.8983683 ], [ 47.3023795, 39.9066641 ], [ 47.2954474, 39.9166603 ], [ 47.3076478, 39.9213388 ], [ 47.3018249, 39.9630064 ], [ 47.2815834, 39.9651316 ], [ 47.2419321, 39.9557802 ], [ 47.2200269, 39.9551425 ], [ 47.2158676, 39.9619438 ], [ 47.192576, 39.9625814 ], [ 47.1845348, 39.9430261 ], [ 47.1651251, 39.9391995 ], [ 47.1440517, 39.9562053 ], [ 47.1182646, 39.953017 ], [ 47.0885954, 39.98404309999999 ], [ 47.1565294, 40.0057106 ], [ 47.1456967, 40.012678 ], [ 47.1419714, 40.0297951 ], [ 47.1067641, 40.044086 ], [ 47.1012742, 40.0540669 ], [ 47.1104894, 40.0700482 ], [ 47.1293119, 40.0807754 ], [ 47.1513695, 40.0818255 ], [ 47.1654864, 40.0723739 ], [ 47.1797013, 40.0733491 ], [ 47.1887204, 40.0877509 ], [ 47.2015222, 40.0976373 ], [ 47.1976009, 40.1073854 ], [ 47.1500699, 40.1097844 ], [ 47.1525654, 40.1248395 ], [ 47.1678159, 40.1254756 ], [ 47.1739161, 40.1439188 ], [ 47.2327388, 40.15941 ], [ 47.2309742, 40.1842798 ], [ 47.2132301, 40.1871258 ], [ 47.2130118, 40.1975784 ] ] ] ]
    }
  }, {
    "type" : "Feature",
    "properties" : {
      "osm_id" : "3789859",
      "admin_level" : "5",
      "country_code" : "AZ",
      "name" : "Sədərək rayonu",
      "population" : null,
      "wikidata" : "Q641468",
      "wikipedia" : "az:Sədərək rayonu",
      "name_props" : {
        "name:az" : "Sədərək rayonu",
        "name:cs" : "Sadaracký rajón",
        "name:de" : "Sadarak",
        "name:en" : "Sadarak District",
        "name:es" : "Sadarak",
        "name:fa" : "شهرستان سدرک",
        "name:fr" : "Sadarak",
        "name:ja" : "サダラク地区",
        "name:ru" : "Садаракский район",
        "name:uk" : "Садарацький район"
      },
      "parent_boundary_id" : "364110"
    },
    "geometry" : {
      "type" : "MultiPolygon",
      "coordinates" : [ [ [ [ 44.7656667, 39.7144783 ], [ 44.7730128, 39.7182035 ], [ 44.8339436, 39.7322433 ], [ 44.8432838, 39.7321125 ], [ 44.8534164, 39.7361828 ], [ 44.8695969, 39.7355924 ], [ 44.8761887, 39.7369796 ], [ 44.8859728, 39.7484162 ], [ 44.8879132, 39.7483354 ], [ 44.8934632, 39.7441892 ], [ 44.8987605, 39.7434456 ], [ 44.9024867, 39.7413673 ], [ 44.9038762, 39.7391014 ], [ 44.904576, 39.7312896 ], [ 44.906503, 39.7282212 ], [ 44.9116859, 39.7295504 ], [ 44.9188426, 39.7271114 ], [ 44.9310476, 39.7256325 ], [ 44.9347729, 39.727086 ], [ 44.93992320000001, 39.7273739 ], [ 44.9422611, 39.726422 ], [ 44.9490097, 39.7290127 ], [ 44.9530385, 39.729302 ], [ 44.9647937, 39.734386 ], [ 44.9753244, 39.7405919 ], [ 45.0022134, 39.7319649 ], [ 45.0050214, 39.7209226 ], [ 45.0324534, 39.705658 ], [ 45.0357529, 39.6943173 ], [ 45.0338816, 39.6855706 ], [ 44.9604296, 39.6052039 ], [ 44.94718, 39.5973448 ], [ 44.9377811, 39.59899 ], [ 44.9171676, 39.6081307 ], [ 44.8960653, 39.613739 ], [ 44.8917549, 39.6214553 ], [ 44.8684705, 39.6414498 ], [ 44.8470525, 39.6382654 ], [ 44.8259086, 39.6284047 ], [ 44.8093804, 39.627336 ], [ 44.8072867, 39.63772789999999 ], [ 44.8081578, 39.6394155 ], [ 44.8149591, 39.6426718 ], [ 44.8176638, 39.6516661 ], [ 44.8170866, 39.6544894 ], [ 44.8156415, 39.6562747 ], [ 44.8120064, 39.6567357 ], [ 44.8036021, 39.6553057 ], [ 44.7990979, 39.6578956 ], [ 44.7988005, 39.6603333 ], [ 44.8048666, 39.6678768 ], [ 44.8058468, 39.6725999 ], [ 44.8042353, 39.6728814 ], [ 44.7961487, 39.6684259 ], [ 44.7939527, 39.6702698 ], [ 44.7980618, 39.6746875 ], [ 44.8023465, 39.6833796 ], [ 44.7995371, 39.6846787 ], [ 44.7936062, 39.6837074 ], [ 44.7844607, 39.68574169999999 ], [ 44.7883516, 39.6897953 ], [ 44.7880822, 39.6913749 ], [ 44.7815476, 39.6933987 ], [ 44.78008, 39.6950374 ], [ 44.7802859, 39.7009164 ], [ 44.7752685, 39.7028301 ], [ 44.7657539, 39.7021197 ], [ 44.7635589, 39.7030201 ], [ 44.7633701, 39.7048253 ], [ 44.7700571, 39.7118493 ], [ 44.7697787, 39.7130157 ], [ 44.7656667, 39.7144783 ] ] ] ]
    }
  }, {
    "type" : "Feature",
    "properties" : {
      "osm_id" : "12894949",
      "admin_level" : "5",
      "country_code" : "AZ",
      "name" : "Xankəndi",
      "population" : null,
      "wikidata" : "Q129352",
      "wikipedia" : "az:Xankəndi",
      "name_props" : {
        "name:az" : "Xankəndi",
        "name:en" : "Khankendi",
        "name:hy" : "Ստեփանակերտ",
        "name:pl" : "Chankendi",
        "name:ru" : "Ханкенди",
        "name:tr" : "Hankendi",
        "name:uk" : "Ханкенді",
        "name:zh" : "漢肯德",
        "name:zh-Hans" : "汉肯德"
      },
      "parent_boundary_id" : "364110"
    },
    "geometry" : {
      "type" : "MultiPolygon",
      "coordinates" : [ [ [ [ 46.7768466, 39.8266024 ], [ 46.7813797, 39.8214182 ], [ 46.777025, 39.8213919 ], [ 46.7734954, 39.818306 ], [ 46.7736744, 39.8122808 ], [ 46.7701067, 39.8098131 ], [ 46.7710104, 39.806773 ], [ 46.7686822, 39.8028632 ], [ 46.7705528, 39.7978716 ], [ 46.7733894, 39.79804210000001 ], [ 46.7762887, 39.79584530000001 ], [ 46.774766, 39.7912525 ], [ 46.7689293, 39.789641 ], [ 46.7681122, 39.7925753 ], [ 46.7574826, 39.797863 ], [ 46.7525935, 39.7976269 ], [ 46.745239, 39.7938002 ], [ 46.7382023, 39.7953125 ], [ 46.7384547, 39.7967405 ], [ 46.7305522, 39.7993709 ], [ 46.7253209, 39.8043638 ], [ 46.7272861, 39.8060161 ], [ 46.7303908, 39.805889 ], [ 46.7352567, 39.80896 ], [ 46.7317211, 39.8166359 ], [ 46.7278373, 39.8201299 ], [ 46.7273008, 39.8223547 ], [ 46.7232036, 39.8224273 ], [ 46.72203789999999, 39.8261358 ], [ 46.7241513, 39.8298164 ], [ 46.7393386, 39.8325058 ], [ 46.7475354, 39.8416174 ], [ 46.7610131, 39.8493034 ], [ 46.7685098, 39.8590949 ], [ 46.7729403, 39.8622218 ], [ 46.7772301, 39.862526 ], [ 46.7791089, 39.8581591 ], [ 46.777411, 39.8553787 ], [ 46.7783903, 39.8536102 ], [ 46.7756156, 39.850233 ], [ 46.7749464, 39.8450539 ], [ 46.7767692, 39.8446154 ], [ 46.7759394, 39.8412723 ], [ 46.7780435, 39.8364073 ], [ 46.776191, 39.8338933 ], [ 46.7775197, 39.8300768 ], [ 46.7768466, 39.8266024 ] ] ] ]
    }
  }, {
    "type" : "Feature",
    "properties" : {
      "osm_id" : "2379566",
      "admin_level" : "5",
      "country_code" : "AZ",
      "name" : "Naxçıvan",
      "population" : null,
      "wikidata" : "Q230104",
      "wikipedia" : "ru:Нахичевань",
      "name_props" : {
        "name:ar" : "نخجوان",
        "name:az" : "Naxçıvan",
        "name:be" : "Нахічэвань",
        "name:bg" : "Нахичеван",
        "name:ce" : "Нахичеван",
        "name:cs" : "Nachičevan",
        "name:de" : "Nachitschewan",
        "name:en" : "Nakhchivan",
        "name:es" : "Najicheván",
        "name:fa" : "نخجوان",
        "name:fr" : "Nakhitchevan",
        "name:hy" : "Նախիջևան",
        "name:ja" : "ナヒチェヴァン",
        "name:ka" : "ნახიჩევანი",
        "name:kk" : "Нахшыван",
        "name:ku" : "Naxciwan",
        "name:ky" : "Нахичеван",
        "name:ru" : "Нахичевань",
        "name:sk" : "Nachičevan",
        "name:sr" : "Нахчиван",
        "name:tg" : "Нахҷувон",
        "name:tt" : "Нахчыван",
        "name:uk" : "Нахічевань",
        "name:ur" : "ناخچیوان",
        "name:azb" : "ناخجیوان",
        "name:grc" : "Ναξουὰνα",
        "name:hyw" : "Նախիջեւան",
        "name:xmf" : "ნახიჩევანი",
        "name:be-tarask" : "Нахічэвань"
      },
      "parent_boundary_id" : "364110"
    },
    "geometry" : {
      "type" : "MultiPolygon",
      "coordinates" : [ [ [ [ 45.2770447, 39.1845762 ], [ 45.2775071, 39.220186 ], [ 45.2795006, 39.229902 ], [ 45.2760951, 39.2377511 ], [ 45.2798659, 39.2434689 ], [ 45.271912, 39.2458834 ], [ 45.2752816, 39.2621296 ], [ 45.2982337, 39.2552336 ], [ 45.324683, 39.2829921 ], [ 45.3167921, 39.2891697 ], [ 45.317027, 39.293988 ], [ 45.319759, 39.2974159 ], [ 45.3345238, 39.3033217 ], [ 45.3317103, 39.3083499 ], [ 45.3355945, 39.3140743 ], [ 45.3546149, 39.3134712 ], [ 45.3596961, 39.3109743 ], [ 45.3590095, 39.2952469 ], [ 45.3713691, 39.2906768 ], [ 45.3790595, 39.289614 ], [ 45.3905265, 39.285947 ], [ 45.4048087, 39.2504364 ], [ 45.4044864, 39.24078259999999 ], [ 45.4145748, 39.2294954 ], [ 45.421798, 39.2296963 ], [ 45.4290688, 39.2347527 ], [ 45.4332547, 39.2304604 ], [ 45.4247722, 39.2223944 ], [ 45.4377124, 39.2187399 ], [ 45.437662, 39.2104481 ], [ 45.4345478, 39.2061616 ], [ 45.432212, 39.1956508 ], [ 45.4354902, 39.1781504 ], [ 45.4339331, 39.175768 ], [ 45.4328755, 39.15693189999999 ], [ 45.4304781, 39.147669 ], [ 45.4287212, 39.1456192 ], [ 45.4283779, 39.1420246 ], [ 45.424155, 39.1381102 ], [ 45.4223354, 39.1311863 ], [ 45.3637801, 39.1212901 ], [ 45.3546876, 39.1263944 ], [ 45.3529652, 39.1293834 ], [ 45.352587, 39.1329547 ], [ 45.3603949, 39.1401906 ], [ 45.3622142, 39.1439679 ], [ 45.3631653, 39.1508581 ], [ 45.360758, 39.1559525 ], [ 45.34978129999999, 39.1705737 ], [ 45.3449798, 39.1709314 ], [ 45.3414806, 39.1695087 ], [ 45.3347643, 39.1690369 ], [ 45.329266, 39.1698773 ], [ 45.3134923, 39.1661377 ], [ 45.3042399, 39.166023 ], [ 45.3040367, 39.1700064 ], [ 45.3250085, 39.1806191 ], [ 45.3275812, 39.1859033 ], [ 45.3260119, 39.1902296 ], [ 45.3201164, 39.1961805 ], [ 45.3133785, 39.2001895 ], [ 45.3084994, 39.2016259 ], [ 45.3025922, 39.2012281 ], [ 45.3009218, 39.2006187 ], [ 45.2993434, 39.1903979 ], [ 45.2963509, 39.1878318 ], [ 45.2856562, 39.1833438 ], [ 45.2770447, 39.1845762 ] ] ] ]
    }
  }, {
    "type" : "Feature",
    "properties" : {
      "osm_id" : "3764535",
      "admin_level" : "5",
      "country_code" : "AZ",
      "name" : "Astara rayonu",
      "population" : null,
      "wikidata" : "Q269680",
      "wikipedia" : "de:Astara (Rayon)",
      "name_props" : {
        "name:ar" : "مقاطعة آستارا",
        "name:az" : "Astara rayonu",
        "name:de" : "Astara",
        "name:en" : "Astara District",
        "name:es" : "Astara",
        "name:fa" : "شهرستان آستارا",
        "name:fr" : "Astara",
        "name:ja" : "アスタラ県",
        "name:ru" : "Астаринский район",
        "name:uk" : "Астаринський район"
      },
      "parent_boundary_id" : "364110"
    },
    "geometry" : {
      "type" : "MultiPolygon",
      "coordinates" : [ [ [ [ 48.5053883, 38.5441254 ], [ 48.5055078, 38.5470001 ], [ 48.4950289, 38.5532719 ], [ 48.4887298, 38.552604 ], [ 48.499544, 38.56903279999999 ], [ 48.5204344, 38.5691984 ], [ 48.524167, 38.5805555 ], [ 48.5316686, 38.5892655 ], [ 48.5840218, 38.5973617 ], [ 48.6002783, 38.6034664 ], [ 48.6302491, 38.6001686 ], [ 48.633485, 38.6048099 ], [ 48.6518092, 38.6119199 ], [ 48.692263, 38.6076457 ], [ 48.7220962, 38.6112663 ], [ 48.7597111, 38.6248869 ], [ 48.7951827, 38.6335115 ], [ 48.7990527, 38.636541 ], [ 48.81611, 38.6384997 ], [ 48.8239054, 38.6368676 ], [ 48.8274043, 38.6372351 ], [ 48.8536548, 38.6241459 ], [ 48.8620106, 38.6272628 ], [ 48.8744292, 38.626576 ], [ 49.1287561, 38.6005218 ], [ 49.1298527, 38.5671327 ], [ 49.1341578, 38.5255262 ], [ 49.1325581, 38.4964244 ], [ 49.1368682, 38.4515723 ], [ 48.8833307, 38.4432164 ], [ 48.872864, 38.4403078 ], [ 48.868409, 38.4444288 ], [ 48.8663255, 38.444512 ], [ 48.8643599, 38.4422075 ], [ 48.8620497, 38.4449959 ], [ 48.8527117, 38.448455 ], [ 48.8524413, 38.4499288 ], [ 48.8510097, 38.4501975 ], [ 48.8468493, 38.448746 ], [ 48.8411921, 38.4526814 ], [ 48.8334707, 38.4520356 ], [ 48.8314203, 38.4494912 ], [ 48.8240135, 38.4492084 ], [ 48.8210939, 38.4480921 ], [ 48.8169241, 38.4507551 ], [ 48.8115932, 38.44761539999999 ], [ 48.8089941, 38.4492603 ], [ 48.8035558, 38.4490827 ], [ 48.8005299, 38.4515051 ], [ 48.7978856, 38.4505343 ], [ 48.7913236, 38.4517477 ], [ 48.7877683, 38.4505947 ], [ 48.7862712, 38.4472004 ], [ 48.7827791, 38.4469003 ], [ 48.7795145, 38.441604 ], [ 48.7742558, 38.43969280000001 ], [ 48.7700408, 38.4413435 ], [ 48.76731, 38.440739 ], [ 48.7648876, 38.43793 ], [ 48.7642574, 38.4345715 ], [ 48.7598002, 38.431183 ], [ 48.7533339, 38.4282408 ], [ 48.7524734, 38.4249915 ], [ 48.7478518, 38.4225018 ], [ 48.7468532, 38.4171495 ], [ 48.7431185, 38.4158349 ], [ 48.7383031, 38.4111207 ], [ 48.7327592, 38.4116718 ], [ 48.7169976, 38.4079736 ], [ 48.7067974, 38.4083586 ], [ 48.6993927, 38.4053138 ], [ 48.6936669, 38.4002742 ], [ 48.6710869, 38.3958997 ], [ 48.6686731, 38.3969525 ], [ 48.6664693, 38.3942382 ], [ 48.6622715, 38.3929551 ], [ 48.6592833, 38.3933659 ], [ 48.6560848, 38.3981499 ], [ 48.6544846, 38.3978572 ], [ 48.6459001, 38.4014102 ], [ 48.6421851, 38.401147 ], [ 48.6390158, 38.3991402 ], [ 48.6325079, 38.402033 ], [ 48.6289704, 38.4021763 ], [ 48.6282904, 38.4038445 ], [ 48.6236099, 38.4052919 ], [ 48.6223296, 38.4074136 ], [ 48.6191602, 38.4078084 ], [ 48.6162123, 38.4099405 ], [ 48.6081648, 38.4154124 ], [ 48.6018782, 38.4173601 ], [ 48.602248, 38.4237662 ], [ 48.5982694, 38.4260715 ], [ 48.591972, 38.4369483 ], [ 48.5928854, 38.4459367 ], [ 48.5904182, 38.4495263 ], [ 48.5915804, 38.4530758 ], [ 48.5908553, 38.4556542 ], [ 48.5873966, 38.4546229 ], [ 48.5832971, 38.456565 ], [ 48.5818264, 38.4603383 ], [ 48.5815206, 38.4627736 ], [ 48.5788532, 38.4637336 ], [ 48.579433, 38.4668173 ], [ 48.5737245, 38.4687234 ], [ 48.57434279999999, 38.4709341 ], [ 48.5663616, 38.4800099 ], [ 48.5632224, 38.4796501 ], [ 48.5571388, 38.4811685 ], [ 48.5567157, 38.4841492 ], [ 48.5529332, 38.4859712 ], [ 48.5530467, 38.4886581 ], [ 48.5496942, 38.4907226 ], [ 48.5507374, 38.4940918 ], [ 48.5433359, 38.4958484 ], [ 48.5376386, 38.5034509 ], [ 48.5323299, 38.5044347 ], [ 48.5266739, 38.5142544 ], [ 48.5219245, 38.515759 ], [ 48.5176091, 38.5154365 ], [ 48.5167375, 38.5174825 ], [ 48.5133037, 38.518379 ], [ 48.5139596, 38.5223081 ], [ 48.509365, 38.5256711 ], [ 48.508275, 38.527929 ], [ 48.5077893, 38.5395051 ], [ 48.5053883, 38.5441254 ] ] ] ]
    }
  }, {
    "type" : "Feature",
    "properties" : {
      "osm_id" : "11821490",
      "admin_level" : "5",
      "country_code" : "AZ",
      "name" : "Kəlbəcər rayonu",
      "population" : null,
      "wikidata" : "Q457513",
      "wikipedia" : "az:Kəlbəcər rayonu",
      "name_props" : {
        "name:az" : "Kəlbəcər rayonu",
        "name:en" : "Kalbajar District",
        "name:fa" : "شهرستان کلبجر",
        "name:hy" : "Քելբաջարի շրջան",
        "name:ru" : "Кельбаджарский район",
        "name:uk" : "Кельбаджарський район",
        "name:zh" : "克爾巴賈爾區"
      },
      "parent_boundary_id" : "364110"
    },
    "geometry" : {
      "type" : "MultiPolygon",
      "coordinates" : [ [ [ [ 45.6079187, 40.0065403 ], [ 45.6071799, 40.0121554 ], [ 45.6149597, 40.0167594 ], [ 45.6299542, 40.0194133 ], [ 45.6621064, 40.01899929999998 ], [ 45.6698526, 40.0282373 ], [ 45.6750196, 40.03132609999999 ], [ 45.6848727, 40.0329971 ], [ 45.6887525, 40.03179930000001 ], [ 45.6932243, 40.0268669 ], [ 45.6981681, 40.0245008 ], [ 45.7079013, 40.0260388 ], [ 45.7245868, 40.024974 ], [ 45.7383369, 40.0308891 ], [ 45.7476066, 40.0279316 ], [ 45.7579578, 40.027695 ], [ 45.7806686, 40.0226078 ], [ 45.781441, 40.0262754 ], [ 45.7883933, 40.0292329 ], [ 45.7959636, 40.0253289 ], [ 45.8030704, 40.0184668 ], [ 45.8047698, 40.0136156 ], [ 45.8072417, 40.0114857 ], [ 45.8137305, 40.0121957 ], [ 45.8208373, 40.0049772 ], [ 45.8223823, 39.9994149 ], [ 45.8287166, 39.9958643 ], [ 45.8338149, 39.9900645 ], [ 45.8389133, 39.9910115 ], [ 45.8430846, 40.002965400000015 ], [ 45.8503459, 40.008054 ], [ 45.8521998, 40.0151538 ], [ 45.861933, 40.0164554 ], [ 45.8718207, 40.0224895 ], [ 45.8804812, 40.020846 ], [ 45.8994378, 40.0551646 ], [ 45.8990515, 40.0597172 ], [ 45.907317, 40.0706542 ], [ 45.9104069, 40.072132 ], [ 45.9119519, 40.0754422 ], [ 45.9113381, 40.0796503 ], [ 45.9147774, 40.0845353 ], [ 45.9127666, 40.0875856 ], [ 45.9053086, 40.0900407 ], [ 45.9048315, 40.0988008 ], [ 45.9028684, 40.1024562 ], [ 45.9039575, 40.1042323 ], [ 45.914008, 40.1035639 ], [ 45.9217644, 40.1150105 ], [ 45.9346475, 40.1154032 ], [ 45.9497737, 40.12042549999999 ], [ 45.9538823, 40.118937 ], [ 45.9599993, 40.1201258 ], [ 45.9621742, 40.1215584 ], [ 45.9547562, 40.1348913 ], [ 45.9572689, 40.1447461 ], [ 45.9622941, 40.1537644 ], [ 45.9733955, 40.1663741 ], [ 45.9727068, 40.1719118 ], [ 45.9674704, 40.1765136 ], [ 45.9730547, 40.1796854 ], [ 45.9749439, 40.1872037 ], [ 45.9784943, 40.1904584 ], [ 45.9787998, 40.2015734 ], [ 45.9749511, 40.2066987 ], [ 45.97991, 40.21113 ], [ 45.97765, 40.21905 ], [ 45.9782, 40.22204 ], [ 45.97328, 40.22957 ], [ 45.96162, 40.23504 ], [ 45.95993, 40.23879 ], [ 45.9530589, 40.2430807 ], [ 45.9371796, 40.248888 ], [ 45.9346531, 40.2513788 ], [ 45.9342173, 40.2566969 ], [ 45.9394315, 40.2589371 ], [ 45.9429076, 40.2544862 ], [ 45.9533361, 40.2511552 ], [ 45.9550837, 40.2516712 ], [ 45.9594684, 40.2638151 ], [ 45.9587434, 40.2673664 ], [ 45.9599794, 40.2712565 ], [ 45.9595159, 40.2757358 ], [ 45.9446071, 40.2802147 ], [ 45.9385045, 40.2852237 ], [ 45.9328655, 40.2878164 ], [ 45.9304552, 40.2969898 ], [ 45.9385396, 40.3002604 ], [ 45.9411033, 40.30316749999999 ], [ 45.9497719, 40.305876099999985 ], [ 45.9579904, 40.3033826 ], [ 45.9638759, 40.3032919 ], [ 45.9680968, 40.3045613 ], [ 45.9792733, 40.30093429999999 ], [ 45.9994266, 40.2997101 ], [ 46.0179154, 40.3095029 ], [ 46.0302214, 40.3122682 ], [ 46.0468078, 40.3100922 ], [ 46.0514448, 40.3116336 ], [ 46.0676745, 40.3074175 ], [ 46.0787915, 40.3087322 ], [ 46.0857471, 40.3117242 ], [ 46.0925243, 40.321062 ], [ 46.1020957, 40.3216966 ], [ 46.1192171, 40.3195209 ], [ 46.1303936, 40.3250959 ], [ 46.14151059999999, 40.3244614 ], [ 46.1500713, 40.3224218 ], [ 46.1601005, 40.3221066 ], [ 46.1662845, 40.3186336 ], [ 46.1946344, 40.3039127 ], [ 46.220169, 40.3001161 ], [ 46.2255334, 40.3003125 ], [ 46.2332003, 40.3035648 ], [ 46.2459879, 40.2994942 ], [ 46.2552845, 40.2941344 ], [ 46.2587928, 40.2934388 ], [ 46.2807655, 40.300967 ], [ 46.2869346, 40.3002592 ], [ 46.2903249, 40.3018303 ], [ 46.2959468, 40.30218619999999 ], [ 46.3077807, 40.2974158 ], [ 46.3126194, 40.2947645 ], [ 46.3158166, 40.2914175 ], [ 46.3291418, 40.2886595 ], [ 46.3318777, 40.2860079 ], [ 46.3355807, 40.2866242 ], [ 46.3395612, 40.2850458 ], [ 46.3470385, 40.2854444 ], [ 46.3527774, 40.283749 ], [ 46.358571, 40.2788218 ], [ 46.3561248, 40.2770374 ], [ 46.3478851, 40.2644308 ], [ 46.3436363, 40.2624333 ], [ 46.3350962, 40.2610251 ], [ 46.3269423, 40.2627608 ], [ 46.3149261, 40.2541802 ], [ 46.3134669, 40.2437641 ], [ 46.3089179, 40.2418641 ], [ 46.3100243, 40.2316497 ], [ 46.3115787, 40.2289889 ], [ 46.3188743, 40.2233859 ], [ 46.3179036, 40.2084034 ], [ 46.3157278, 40.2011368 ], [ 46.3097497, 40.19246 ], [ 46.3025236, 40.1857259 ], [ 46.2954425, 40.1736926 ], [ 46.2948203, 40.1681997 ], [ 46.2915372, 40.1657566 ], [ 46.2907219, 40.1615587 ], [ 46.2853692, 40.1568475 ], [ 46.2851335, 40.1539221 ], [ 46.2881661, 40.1522788 ], [ 46.2865055, 40.14948 ], [ 46.2879109, 40.1484795 ], [ 46.2879216, 40.14597 ], [ 46.2951636, 40.1449449 ], [ 46.2974918, 40.1460684 ], [ 46.3069186, 40.144464 ], [ 46.3067293, 40.1491274 ], [ 46.2968587, 40.1532933 ], [ 46.2965154, 40.1550317 ], [ 46.3012949, 40.1634816 ], [ 46.3081884, 40.1678718 ], [ 46.3135957, 40.1674291 ], [ 46.3167135, 40.1634084 ], [ 46.3316201, 40.1558025 ], [ 46.3279724, 40.1444692 ], [ 46.3229084, 40.1411558 ], [ 46.3179301, 40.1330848 ], [ 46.3163852, 40.1277036 ], [ 46.3174152, 40.1225189 ], [ 46.3219642, 40.1173994 ], [ 46.3296889, 40.1151677 ], [ 46.3420486, 40.1142487 ], [ 46.3465976, 40.1102446 ], [ 46.3664245, 40.11306719999999 ], [ 46.3704585, 40.1091286 ], [ 46.3700294, 40.09783680000001 ], [ 46.3679694, 40.0928467 ], [ 46.3627338, 40.08122379999999 ], [ 46.350277, 40.0625609 ], [ 46.3551233, 40.049728 ], [ 46.3545053, 40.0468896 ], [ 46.3523509, 40.0449875 ], [ 46.3549232, 40.041875 ], [ 46.3638496, 40.0412837 ], [ 46.3738488, 40.0374395 ], [ 46.3805866, 40.0395094 ], [ 46.3913095, 40.0324849 ], [ 46.391713, 40.0175898 ], [ 46.3954779, 40.0117177 ], [ 46.4024417, 40.0073946 ], [ 46.403333, 40.0054448 ], [ 46.3978088, 40.0003606 ], [ 46.3983909, 39.9976899 ], [ 46.4038655, 39.99769650000001 ], [ 46.4181298, 39.98897920000001 ], [ 46.4168867, 39.9850318 ], [ 46.4213382, 39.9798385 ], [ 46.4414498, 39.9853245 ], [ 46.4492684, 39.9811437 ], [ 46.4407693, 39.9695432 ], [ 46.426644, 39.9717857 ], [ 46.4224368, 39.9691162 ], [ 46.4160245, 39.9686559 ], [ 46.4129708, 39.9710079 ], [ 46.4137195, 39.9736261 ], [ 46.4038312, 39.9823198 ], [ 46.3996909, 39.9805644 ], [ 46.3972919, 39.9813832 ], [ 46.3915155, 39.9782065 ], [ 46.3796366, 39.9764175 ], [ 46.3676889, 39.9765754 ], [ 46.354574, 39.9837837 ], [ 46.3354285, 39.9776989 ], [ 46.3301065, 39.9773822 ], [ 46.3302873, 39.9679143 ], [ 46.3357576, 39.9596868 ], [ 46.3361467, 39.9551078 ], [ 46.334856, 39.9530001 ], [ 46.3296918, 39.9456357 ], [ 46.3161476, 39.9446194 ], [ 46.2958155, 39.9269588 ], [ 46.2782292, 39.9311597 ], [ 46.2600193, 39.9227962 ], [ 46.2454739, 39.9213376 ], [ 46.2344582, 39.924555 ], [ 46.2101723, 39.9199074 ], [ 46.1655418, 39.8864868 ], [ 46.1346833, 39.8851713 ], [ 46.1224685, 39.8792514 ], [ 46.1117537, 39.8812248 ], [ 46.1029676, 39.8901042 ], [ 46.0939672, 39.9078597 ], [ 46.0616086, 39.9086816 ], [ 46.046705, 39.910921 ], [ 46.0418695, 39.9103519 ], [ 46.0163923, 39.9001333 ], [ 46.0152321, 39.8826648 ], [ 46.006037, 39.8698683 ], [ 45.9890108, 39.8572279 ], [ 45.9732302, 39.84911060000001 ], [ 45.9111924, 39.828071 ], [ 45.906555, 39.8211067 ], [ 45.9020657, 39.8189872 ], [ 45.8951464, 39.8185444 ], [ 45.8922124, 39.8167687 ], [ 45.8878506, 39.8097373 ], [ 45.872555, 39.8131078 ], [ 45.8681843, 39.8190837 ], [ 45.862255, 39.8212732 ], [ 45.857922, 39.8213169 ], [ 45.8437259, 39.8245134 ], [ 45.8276785, 39.8247849 ], [ 45.8261319, 39.82598809999999 ], [ 45.8244882, 39.8422185 ], [ 45.81533369999999, 39.85682 ], [ 45.8145258, 39.8620683 ], [ 45.8108452, 39.8701332 ], [ 45.812631, 39.8755296 ], [ 45.808613, 39.8833236 ], [ 45.8038065, 39.8867295 ], [ 45.8032558, 39.8905173 ], [ 45.7925049, 39.8961868 ], [ 45.7883058, 39.9045061 ], [ 45.7884053, 39.90600709999999 ], [ 45.7974548, 39.910587 ], [ 45.8046718, 39.9173474 ], [ 45.8058539, 39.9215958 ], [ 45.7994611, 39.9356318 ], [ 45.7805991, 39.9468417 ], [ 45.7571612, 39.9475262 ], [ 45.7509111, 39.945986 ], [ 45.7342813, 39.9470128 ], [ 45.721223, 39.9513764 ], [ 45.7009058, 39.96799279999998 ], [ 45.6619027, 39.9707954 ], [ 45.6567129, 39.9760128 ], [ 45.6506302, 39.9760983 ], [ 45.6277503, 39.9716508 ], [ 45.6110959, 39.9740968 ], [ 45.6119932, 39.9889884 ], [ 45.6110702, 39.9926793 ], [ 45.6009136, 39.994011 ], [ 45.6007163, 39.9981979 ], [ 45.604555, 40.0007192 ], [ 45.6044362, 40.0048575 ], [ 45.6079187, 40.0065403 ] ] ], [ [ [ 46.3654804, 40.1953313 ], [ 46.367712, 40.1924465 ], [ 46.3654804, 40.1895289 ], [ 46.3612318, 40.1874635 ], [ 46.357069, 40.1868078 ], [ 46.3518333, 40.1836439 ], [ 46.3474345, 40.1832505 ], [ 46.3437116, 40.1756845 ], [ 46.3401711, 40.181898 ], [ 46.3429069, 40.1920532 ], [ 46.3419199, 40.19365950000001 ], [ 46.3389587, 40.1943151 ], [ 46.3377571, 40.1972981 ], [ 46.3312339, 40.2000844 ], [ 46.3278436, 40.206607 ], [ 46.3287019, 40.2104088 ], [ 46.3336801, 40.2099172 ], [ 46.3384866, 40.2065087 ], [ 46.3486146, 40.2085407 ], [ 46.3489151, 40.2092781 ], [ 46.3445806, 40.2108021 ], [ 46.3485288, 40.2147348 ], [ 46.3612747, 40.2110971 ], [ 46.3611459, 40.2100155 ], [ 46.3560819, 40.2104088 ], [ 46.3516187, 40.2077869 ], [ 46.3507604, 40.2059187 ], [ 46.3518333, 40.2020183 ], [ 46.3561463, 40.1987568 ], [ 46.3654804, 40.1953313 ] ] ] ]
    }
  }, {
    "type" : "Feature",
    "properties" : {
      "osm_id" : "11822485",
      "admin_level" : "5",
      "country_code" : "AZ",
      "name" : "Tərtər rayonu",
      "population" : null,
      "wikidata" : "Q477168",
      "wikipedia" : "de:Tərtər (Rayon)",
      "name_props" : {
        "name:az" : "Tərtər rayonu",
        "name:de" : "Tartar",
        "name:en" : "Tartar District",
        "name:es" : "Tartar",
        "name:fa" : "شهرستان ترتر",
        "name:fr" : "Tartar",
        "name:ru" : "Тертерский район",
        "name:uk" : "Тертерський район"
      },
      "parent_boundary_id" : "364110"
    },
    "geometry" : {
      "type" : "MultiPolygon",
      "coordinates" : [ [ [ [ 46.8189844, 40.4491902 ], [ 46.8137058, 40.4554602 ], [ 46.8122038, 40.4607501 ], [ 46.81653819999999, 40.4606195 ], [ 46.8250417, 40.45757 ], [ 46.8395409, 40.4591828 ], [ 46.8720785, 40.4881473 ], [ 46.8723067, 40.4827051 ], [ 46.8758687, 40.4795714 ], [ 46.8776282, 40.4695819 ], [ 46.8803002, 40.4649512 ], [ 46.8891939, 40.4637377 ], [ 46.9003198, 40.4733404 ], [ 46.9068374, 40.4830642 ], [ 46.9246098, 40.4943653 ], [ 46.953196, 40.502465 ], [ 46.9661197, 40.5022219 ], [ 46.9815031, 40.5052385 ], [ 46.9820842, 40.5026787 ], [ 46.9758185, 40.490408 ], [ 46.9580623, 40.4708796 ], [ 46.9589014, 40.4668636 ], [ 46.9663772, 40.4628561 ], [ 46.967629, 40.4605549 ], [ 46.9655189, 40.4544316 ], [ 46.9614848, 40.4494678 ], [ 46.9616344, 40.4462879 ], [ 46.9748567, 40.4467047 ], [ 46.9953933, 40.4526924 ], [ 47.0004537, 40.4553826 ], [ 47.01029719999999, 40.4572814 ], [ 47.0178531, 40.4654564 ], [ 47.0242571, 40.4628261 ], [ 47.0301277, 40.4629024 ], [ 47.0313754, 40.4574172 ], [ 47.040595, 40.4550436 ], [ 47.0431599, 40.4517205 ], [ 47.0502999, 40.4471311 ], [ 47.0505247, 40.4424887 ], [ 47.0440086, 40.4349176 ], [ 47.0326054, 40.4318046 ], [ 47.019252, 40.4265165 ], [ 47.0095107, 40.4170556 ], [ 47.0088868, 40.4057605 ], [ 47.004381, 40.3933547 ], [ 47.0029252, 40.3816331 ], [ 47.009372, 40.3814747 ], [ 47.0150563, 40.3842733 ], [ 47.0240679, 40.3826364 ], [ 47.0222656, 40.3764581 ], [ 47.031, 40.3730782 ], [ 47.0333569, 40.3700151 ], [ 47.0254544, 40.3655258 ], [ 47.020186, 40.3607721 ], [ 47.019978, 40.3571274 ], [ 47.0368229, 40.3554898 ], [ 47.041814, 40.3504713 ], [ 47.0497165, 40.3456108 ], [ 47.0662147, 40.340433 ], [ 47.0687103, 40.3374741 ], [ 47.0948441, 40.3209863 ], [ 47.1085695, 40.3075077 ], [ 47.1200767, 40.3020626 ], [ 47.1246518, 40.2947137 ], [ 47.0999738, 40.285619 ], [ 47.0981021, 40.2816529 ], [ 47.1202535, 40.271532 ], [ 47.121675, 40.2611342 ], [ 47.1112834, 40.2563088 ], [ 47.1160472, 40.2505759 ], [ 47.1119297, 40.2460864 ], [ 47.1050674, 40.2320175 ], [ 47.0968325, 40.2300716 ], [ 47.0964404, 40.2258802 ], [ 47.1042831, 40.2215388 ], [ 47.104298, 40.2110534 ], [ 47.1023571, 40.2049123 ], [ 47.1079481, 40.1961918 ], [ 47.0999336, 40.19324970000001 ], [ 47.0914256, 40.1930612 ], [ 47.085278, 40.1907582 ], [ 47.0748624, 40.1880545 ], [ 47.0695888, 40.1897918 ], [ 47.0625618, 40.1873534 ], [ 47.0584166, 40.1879206 ], [ 47.0579899, 40.1904819 ], [ 47.049184, 40.1946008 ], [ 47.0473331, 40.1915614 ], [ 47.0429219, 40.1957014 ], [ 47.0396412, 40.203439 ], [ 47.0484193, 40.2071804 ], [ 47.0569632, 40.205331 ], [ 47.0697883, 40.2258001 ], [ 47.0647785, 40.2294895 ], [ 47.0583501, 40.2264094 ], [ 47.0541802, 40.222336 ], [ 47.044536, 40.2165303 ], [ 47.027719, 40.2223752 ], [ 47.0184557, 40.230677 ], [ 47.0143797, 40.23211770000001 ], [ 47.0131587, 40.2356398 ], [ 47.0065497, 40.2381296 ], [ 46.9971496, 40.2520667 ], [ 46.9771219, 40.2556724 ], [ 46.9737624, 40.2538526 ], [ 46.9683849, 40.2532373 ], [ 46.9603629, 40.2564205 ], [ 46.9556453, 40.2859255 ], [ 46.9255051, 40.2990271 ], [ 46.925221, 40.304478 ], [ 46.9451364, 40.3035507 ], [ 46.943119, 40.3134799 ], [ 46.9218923, 40.316502 ], [ 46.9204497, 40.3256329 ], [ 46.9027588, 40.343137 ], [ 46.905003, 40.3523976 ], [ 46.9141915, 40.35955 ], [ 46.904735, 40.3668469 ], [ 46.9065707, 40.3699836 ], [ 46.9139804, 40.3743328 ], [ 46.9107408, 40.3917447 ], [ 46.8846016, 40.3753652 ], [ 46.8776811, 40.3683278 ], [ 46.8637376, 40.3680947 ], [ 46.8604386, 40.3708181 ], [ 46.8531273, 40.3704657 ], [ 46.8463711, 40.3715787 ], [ 46.836684, 40.3897778 ], [ 46.8372305, 40.4042345 ], [ 46.8361479, 40.4102301 ], [ 46.8372298, 40.4121948 ], [ 46.8331085, 40.4142872 ], [ 46.8351506, 40.420458 ], [ 46.8347571, 40.424573 ], [ 46.8375623, 40.4256133 ], [ 46.8433739, 40.4311374 ], [ 46.8379356, 40.438416 ], [ 46.8221939, 40.4381328 ], [ 46.8189844, 40.4491902 ] ], [ [ 47.0772142, 40.2379085 ], [ 47.0862805, 40.2345664 ], [ 47.08876320000001, 40.237917 ], [ 47.0823348, 40.2436532 ], [ 47.0831993, 40.2459374 ], [ 47.0865022, 40.2468849 ], [ 47.0977187, 40.239203 ], [ 47.10330479999999, 40.24411 ], [ 47.0950143, 40.2496257 ], [ 47.0885415, 40.247697 ], [ 47.0773894, 40.2521943 ], [ 47.0732906, 40.2492874 ], [ 47.077591, 40.2464788 ], [ 47.0687021, 40.244127 ], [ 47.0626547, 40.2347051 ], [ 47.0718179, 40.2293404 ], [ 47.0772142, 40.2379085 ] ] ] ]
    }
  }, {
    "type" : "Feature",
    "properties" : {
      "osm_id" : "11822487",
      "admin_level" : "5",
      "country_code" : "AZ",
      "name" : "Xocavənd rayonu",
      "population" : null,
      "wikidata" : "Q330813",
      "wikipedia" : "de:Xocavənd (Rayon)",
      "name_props" : {
        "name:ar" : "مقاطعة آقدام",
        "name:az" : "Xocavənd rayonu",
        "name:br" : "Xocavənd",
        "name:ce" : "Ходжавендан кӀошт",
        "name:de" : "Xocavənd",
        "name:en" : "Khojavend District",
        "name:eo" : "Ĥoĝavend",
        "name:es" : "Xocavənd",
        "name:fa" : "شهرستان خواجه‌وند",
        "name:fi" : "Xocavəndin piirikunta",
        "name:fr" : "Khojavend",
        "name:he" : "חוג'אבנד",
        "name:hr" : "Hodžavendski rajon",
        "name:hu" : "Xocavəndi járás",
        "name:hy" : "Աղդամի շրջան",
        "name:id" : "Khojavend",
        "name:it" : "Distretto di Xocavənd",
        "name:ja" : "アグダム県",
        "name:ka" : "ხოჯავენდის რაიონი",
        "name:ko" : "호자벤트구",
        "name:mk" : "Хоџавенд",
        "name:ms" : "Daerah Khojavend",
        "name:nl" : "Xocavənd",
        "name:no" : "Xocavənd",
        "name:pl" : "Rejon Xocavənd",
        "name:pt" : "Khojavend",
        "name:ru" : "Ходжавендский район",
        "name:sq" : "Khojavend",
        "name:sr" : "Хоџавендски рејон",
        "name:su" : "Rayon Khojavend",
        "name:sv" : "Xocavənd Rayonu",
        "name:tl" : "Distrito ng Khojavend",
        "name:tr" : "Hocavend Rayonu",
        "name:uk" : "Ходжавендський район",
        "name:vi" : "Khojavend",
        "name:zh" : "霍賈文德區"
      },
      "parent_boundary_id" : "364110"
    },
    "geometry" : {
      "type" : "MultiPolygon",
      "coordinates" : [ [ [ [ 46.7746678, 39.4644838 ], [ 46.7666569, 39.5209575 ], [ 46.7675157, 39.5267165 ], [ 46.7540358, 39.534233 ], [ 46.736183, 39.5348949 ], [ 46.7231367, 39.5301287 ], [ 46.7006491, 39.5270834 ], [ 46.6891777, 39.5199653 ], [ 46.6913579, 39.5366305 ], [ 46.6952418, 39.5448897 ], [ 46.6929361, 39.5615653 ], [ 46.6937827, 39.5667278 ], [ 46.6972159, 39.56818339999999 ], [ 46.6982019, 39.5715291 ], [ 46.6884875, 39.5765142 ], [ 46.6816806, 39.5763872 ], [ 46.6781542, 39.5774124 ], [ 46.6751575, 39.5749979 ], [ 46.6619395, 39.5689112 ], [ 46.6537642, 39.572914 ], [ 46.6638279, 39.5824072 ], [ 46.663227, 39.5965619 ], [ 46.6716384, 39.6011252 ], [ 46.6839122, 39.5929243 ], [ 46.7112064, 39.6027785 ], [ 46.7210769, 39.6034398 ], [ 46.7290591, 39.6066802 ], [ 46.7428779, 39.6041741 ], [ 46.7421483, 39.6055891 ], [ 46.7501517, 39.6139912 ], [ 46.7480706, 39.6214416 ], [ 46.7514609, 39.6472044 ], [ 46.7599852, 39.6548393 ], [ 46.7746668, 39.6632613 ], [ 46.7695907, 39.6782419 ], [ 46.8066768, 39.6701648 ], [ 46.8566432, 39.6562477 ], [ 46.8557033, 39.6691209 ], [ 46.8668612, 39.6768901 ], [ 46.8702773, 39.6744921 ], [ 46.8729037, 39.6766655 ], [ 46.875658, 39.6831802 ], [ 46.880722, 39.6882662 ], [ 46.8809331, 39.6897211 ], [ 46.8757224, 39.6926583 ], [ 46.8736204, 39.695358 ], [ 46.8747749, 39.70024509999999 ], [ 46.8798637, 39.7063283 ], [ 46.883254, 39.7072362 ], [ 46.8894718, 39.7056486 ], [ 46.9049529, 39.7091728 ], [ 46.911682, 39.7092256 ], [ 46.9270629, 39.706109 ], [ 46.9299468, 39.7071126 ], [ 46.9303588, 39.7104933 ], [ 46.9160079, 39.7228527 ], [ 46.9133986, 39.7301933 ], [ 46.8963698, 39.7424963 ], [ 46.8946532, 39.7462977 ], [ 46.8935546, 39.7584395 ], [ 46.8834609, 39.7930054 ], [ 46.8770751, 39.7956433 ], [ 46.8717192, 39.7961709 ], [ 46.8658827, 39.7953268 ], [ 46.8626555, 39.7931109 ], [ 46.8595656, 39.7936385 ], [ 46.8591998, 39.8029195 ], [ 46.8617366, 39.8065559 ], [ 46.875535, 39.8088378 ], [ 46.8830279, 39.807105 ], [ 46.8909166, 39.8097933 ], [ 46.8940602, 39.8271959 ], [ 46.8893397, 39.8338806 ], [ 46.8961259, 39.8351975 ], [ 46.9043432, 39.843587 ], [ 46.9071723, 39.8441497 ], [ 46.9199271, 39.8547759 ], [ 46.926105, 39.8582324 ], [ 46.9317698, 39.85703 ], [ 46.9331056, 39.8551357 ], [ 46.9356853, 39.8550317 ], [ 46.9404173, 39.8524836 ], [ 46.9651365, 39.8540485 ], [ 46.9608664, 39.8642772 ], [ 46.9605225, 39.8749257 ], [ 46.9640438, 39.8908063 ], [ 46.9633162, 39.8945539 ], [ 46.9725608, 39.905358 ], [ 46.9880533, 39.9107896 ], [ 46.9971164, 39.9103532 ], [ 47.0062059, 39.904049 ], [ 47.0113729, 39.9022054 ], [ 47.030041, 39.906044 ], [ 47.0396713, 39.909303 ], [ 47.0434141, 39.9088145 ], [ 47.0460571, 39.9001972 ], [ 47.05186839999999, 39.9004197 ], [ 47.0522712, 39.8972274 ], [ 47.0770168, 39.8764476 ], [ 47.0821666, 39.8750973 ], [ 47.0910501, 39.870618 ], [ 47.096672, 39.8705521 ], [ 47.1081084, 39.8668775 ], [ 47.1198892, 39.8616255 ], [ 47.1305445, 39.8538719 ], [ 47.1346772, 39.85216530000001 ], [ 47.1596111, 39.8474341 ], [ 47.1608216, 39.8500268 ], [ 47.1864251, 39.8897701 ], [ 47.2228937, 39.8822478 ], [ 47.2475982, 39.8980437 ], [ 47.2657783, 39.8949646 ], [ 47.2687505, 39.8498426 ], [ 47.3226691, 39.8111464 ], [ 47.3489421, 39.8019585 ], [ 47.3532556, 39.7783053 ], [ 47.342668, 39.7531367 ], [ 47.3249171, 39.7309463 ], [ 47.2814581, 39.729473 ], [ 47.2582757, 39.7183229 ], [ 47.2604194, 39.7101713 ], [ 47.214704, 39.6967407 ], [ 47.2027853, 39.7017193 ], [ 47.1931076, 39.69802760000001 ], [ 47.1873278, 39.69832439999998 ], [ 47.1849932, 39.6999093 ], [ 47.1797747, 39.7166017 ], [ 47.1755862, 39.7185031 ], [ 47.1669344, 39.7173412 ], [ 47.1571154, 39.7144362 ], [ 47.1562914, 39.7129044 ], [ 47.15787069999999, 39.6935693 ], [ 47.1537508, 39.6893952 ], [ 47.116466, 39.686172 ], [ 47.115024, 39.6824202 ], [ 47.1140627, 39.6637637 ], [ 47.1118655, 39.6608565 ], [ 47.1070589, 39.6619137 ], [ 47.1034197, 39.6602221 ], [ 47.105617, 39.6543015 ], [ 47.1043124, 39.652874099999984 ], [ 47.1008105, 39.652874099999984 ], [ 47.0957979, 39.6562575 ], [ 47.092708, 39.6563632 ], [ 47.0883135, 39.6536142 ], [ 47.0842623, 39.6546187 ], [ 47.0704607, 39.6538257 ], [ 47.0564532, 39.6624423 ], [ 47.0534319, 39.6624423 ], [ 47.05096, 39.6609622 ], [ 47.0362658, 39.64267009999999 ], [ 47.0341372, 39.6387573 ], [ 47.0347552, 39.6364835 ], [ 47.0862119, 39.6313641 ], [ 47.1060694, 39.6260036 ], [ 47.1060634, 39.6251308 ], [ 47.1039348, 39.6242317 ], [ 47.0891033, 39.6244432 ], [ 47.0606075, 39.6223805 ], [ 47.0506512, 39.6201591 ], [ 47.0490719, 39.6189955 ], [ 47.0454326, 39.6038137 ], [ 47.0438534, 39.6022795 ], [ 47.0384289, 39.5995284 ], [ 47.0213314, 39.5948724 ], [ 47.0199581, 39.5918035 ], [ 47.0292965, 39.5759277 ], [ 47.0374676, 39.577145 ], [ 47.0620495, 39.5913802 ], [ 47.076881, 39.5914331 ], [ 47.0906826, 39.59619510000001 ], [ 47.0945965, 39.5998458 ], [ 47.0976864, 39.6075169 ], [ 47.0991283, 39.6083633 ], [ 47.1174618, 39.6103206 ], [ 47.1045528, 39.6055066 ], [ 47.1035915, 39.6021208 ], [ 47.1048961, 39.5943432 ], [ 47.1132732, 39.5927559 ], [ 47.1143719, 39.5906923 ], [ 47.1111446, 39.5744987 ], [ 47.1094967, 39.5731226 ], [ 47.1042095, 39.5734401 ], [ 47.1024929, 39.5769862 ], [ 47.097961, 39.57778 ], [ 47.0951458, 39.5757689 ], [ 47.0892048, 39.5646352 ], [ 47.0880733, 39.5598365 ], [ 47.089584, 39.5572955 ], [ 47.0951458, 39.55586610000001 ], [ 47.1006389, 39.5523719 ], [ 47.0993343, 39.5479245 ], [ 47.1056515, 39.5413059 ], [ 47.11087, 39.5409352 ], [ 47.1158138, 39.5423649 ], [ 47.1173244, 39.5407763 ], [ 47.1118313, 39.5328331 ], [ 47.0967937, 39.5267956 ], [ 47.1017376, 39.519592299999985 ], [ 47.099815, 39.5180562 ], [ 47.1000896, 39.5156725 ], [ 47.0945539, 39.5199755 ], [ 47.0917088, 39.5185431 ], [ 47.0819306, 39.5215162 ], [ 47.0774196, 39.5195174 ], [ 47.0775311, 39.516966 ], [ 47.0874361, 39.50427289999999 ], [ 47.1008219, 39.492947 ], [ 47.086306, 39.4872257 ], [ 47.0854936, 39.4848754 ], [ 47.0832629, 39.4856752 ], [ 47.0742891, 39.4771195 ], [ 47.065882, 39.4740488 ], [ 47.0602344, 39.4733929 ], [ 47.053664, 39.4745159 ], [ 47.0494111, 39.4773448 ], [ 47.0482438, 39.4819557 ], [ 47.0384934, 39.4820087 ], [ 47.0357469, 39.4745357 ], [ 47.0369828, 39.4597464 ], [ 47.0376695, 39.45762580000001 ], [ 47.0445359, 39.454975 ], [ 47.0472138, 39.4526422 ], [ 47.0473512, 39.4481354 ], [ 47.0469392, 39.4443707 ], [ 47.0382874, 39.4294689 ], [ 47.0384248, 39.4274535 ], [ 47.0461839, 39.42061119999999 ], [ 47.0470078, 39.4175876 ], [ 47.0459092, 39.4167919 ], [ 47.031215, 39.4164736 ], [ 47.0194734, 39.4330753 ], [ 47.0133622, 39.4337648 ], [ 47.0104783, 39.4321737 ], [ 47.0094483, 39.429681 ], [ 47.0137742, 39.4142489 ], [ 47.0131219, 39.4112019 ], [ 47.0075172, 39.4099452 ], [ 46.9943678, 39.4109963 ], [ 46.9843043, 39.409229 ], [ 46.9773685, 39.4116487 ], [ 46.971459, 39.4163705 ], [ 46.9673124, 39.416626 ], [ 46.9652616, 39.4184509 ], [ 46.9663957, 39.4233163 ], [ 46.9712708, 39.4307948 ], [ 46.9701035, 39.4321737 ], [ 46.9517701, 39.4363634 ], [ 46.9506028, 39.4380604 ], [ 46.9528001, 39.447181 ], [ 46.9484742, 39.4503093 ], [ 46.9434617, 39.4516348 ], [ 46.9303468, 39.4513697 ], [ 46.9249909, 39.449408 ], [ 46.9261582, 39.4566185 ], [ 46.9209397, 39.4607537 ], [ 46.9129746, 39.4631923 ], [ 46.9042542, 39.4857714 ], [ 46.900203, 39.4864603 ], [ 46.8937486, 39.4839696 ], [ 46.890178, 39.4844995 ], [ 46.8729432, 39.494091 ], [ 46.8620255, 39.4983299 ], [ 46.8509019, 39.494144 ], [ 46.847812, 39.4896929 ], [ 46.8456834, 39.481584699999985 ], [ 46.8502839, 39.4685462 ], [ 46.858249, 39.462821199999986 ], [ 46.8628495, 39.4476052 ], [ 46.8561204, 39.4417724 ], [ 46.8538545, 39.4309539 ], [ 46.8513139, 39.4279838 ], [ 46.8317445, 39.4294689 ], [ 46.8222688, 39.4288325 ], [ 46.8065446, 39.4251197 ], [ 46.8007081, 39.421672 ], [ 46.7912324, 39.4222555 ], [ 46.7803834, 39.4266579 ], [ 46.7734483, 39.4279308 ], [ 46.7667799, 39.4349433 ], [ 46.7481031, 39.4448421 ], [ 46.7444897, 39.44953309999999 ], [ 46.7492642, 39.4526431 ], [ 46.75413729999999, 39.452692 ], [ 46.7582682, 39.456552 ], [ 46.7688541, 39.45976979999999 ], [ 46.7746678, 39.4644838 ] ] ] ]
    }
  }, {
    "type" : "Feature",
    "properties" : {
      "osm_id" : "3764538",
      "admin_level" : "5",
      "country_code" : "AZ",
      "name" : "Ağdaş rayonu",
      "population" : "93100",
      "wikidata" : "Q275784",
      "wikipedia" : "de:Ağdaş (Rayon)",
      "name_props" : {
        "name:az" : "Ağdaş rayonu",
        "name:de" : "Ağdaş",
        "name:en" : "Agdash District",
        "name:es" : "Ağdaş",
        "name:fa" : "شهرستان آغ‌داش",
        "name:fr" : "Ağdaş",
        "name:ja" : "アグダシュ県",
        "name:ru" : "Агдашский район",
        "name:uk" : "Аґдаський район"
      },
      "parent_boundary_id" : "364110"
    },
    "geometry" : {
      "type" : "MultiPolygon",
      "coordinates" : [ [ [ [ 47.2265621, 40.5273633 ], [ 47.2167397, 40.5265108 ], [ 47.210516, 40.5282345 ], [ 47.210935, 40.5305669 ], [ 47.2181605, 40.5323102 ], [ 47.2222093, 40.5368507 ], [ 47.2224677, 40.5390513 ], [ 47.2197432, 40.5443656 ], [ 47.2089089, 40.5506907 ], [ 47.217059, 40.5597089 ], [ 47.226364, 40.566891 ], [ 47.2275985, 40.5855548 ], [ 47.2304291, 40.586897 ], [ 47.2406101, 40.5860317 ], [ 47.2476662, 40.5882111 ], [ 47.2670307, 40.5902129 ], [ 47.2781763, 40.6375779 ], [ 47.2364689, 40.6422662 ], [ 47.2465885, 40.6621265 ], [ 47.2524317, 40.6809096 ], [ 47.2969726, 40.7581525 ], [ 47.3089931, 40.8006259 ], [ 47.3518504, 40.7944174 ], [ 47.4349756, 40.77194379999999 ], [ 47.4392844, 40.7961138 ], [ 47.4617364, 40.7881672 ], [ 47.4791223, 40.7689458 ], [ 47.5153607, 40.7730996 ], [ 47.5310275, 40.7679715 ], [ 47.5359715, 40.7594234 ], [ 47.5483312, 40.747772 ], [ 47.5516271, 40.7397605 ], [ 47.5484177, 40.7158853 ], [ 47.5504955, 40.7138819 ], [ 47.5481361, 40.7110444 ], [ 47.5453588, 40.6979811 ], [ 47.5513808, 40.6973693 ], [ 47.5646405, 40.6920469 ], [ 47.6028125, 40.67408419999999 ], [ 47.6283151, 40.6660786 ], [ 47.6258979, 40.6030004 ], [ 47.6214557, 40.5864574 ], [ 47.6206224, 40.5675531 ], [ 47.594461, 40.5646279 ], [ 47.5806526, 40.5719225 ], [ 47.5659451, 40.5666158 ], [ 47.5630303, 40.5579722 ], [ 47.5251233, 40.5577814 ], [ 47.5073646, 40.5404837 ], [ 47.5008011, 40.5393608 ], [ 47.4879409, 40.5281127 ], [ 47.4836643, 40.5104953 ], [ 47.4677861, 40.5041375 ], [ 47.4718172, 40.4844471 ], [ 47.4655537, 40.4824596 ], [ 47.4651988, 40.460812 ], [ 47.4485096, 40.4535217 ], [ 47.4450969, 40.4371034 ], [ 47.4650149, 40.4101573 ], [ 47.5068165, 40.3841633 ], [ 47.5106162, 40.3808461 ], [ 47.510101, 40.3759448 ], [ 47.4952653, 40.3716026 ], [ 47.4749505, 40.3547229 ], [ 47.4704464, 40.3442848 ], [ 47.461438, 40.3383294 ], [ 47.4479556, 40.3203811 ], [ 47.4420279, 40.3277551 ], [ 47.4402147, 40.3284748 ], [ 47.4373716, 40.327522 ], [ 47.4358803, 40.3226306 ], [ 47.4338686, 40.3205938 ], [ 47.42712559999999, 40.3198903 ], [ 47.4164128, 40.3255426 ], [ 47.4118745, 40.3308467 ], [ 47.4127369, 40.3342291 ], [ 47.4176312, 40.3354929 ], [ 47.4220346, 40.3346439 ], [ 47.428611, 40.3290533 ], [ 47.4315162, 40.328666 ], [ 47.4340341, 40.3298147 ], [ 47.4353916, 40.33413370000001 ], [ 47.4330857, 40.3383403 ], [ 47.4304625, 40.3402003 ], [ 47.4195173, 40.3421919 ], [ 47.4166085, 40.3463241 ], [ 47.4170117, 40.3486566 ], [ 47.42193, 40.3509865 ], [ 47.4384861, 40.346746 ], [ 47.4395802, 40.3472847 ], [ 47.4398697, 40.3588414 ], [ 47.4381033, 40.3639435 ], [ 47.4359614, 40.3650108 ], [ 47.4225548, 40.3636881 ], [ 47.4194315, 40.3626165 ], [ 47.4165469, 40.3597351 ], [ 47.4145629, 40.3598109 ], [ 47.4133589, 40.3662401 ], [ 47.3997342, 40.3763733 ], [ 47.3956421, 40.3759528 ], [ 47.3934621, 40.3728709 ], [ 47.3937233, 40.370963 ], [ 47.4020035, 40.3609477 ], [ 47.4033626, 40.3558989 ], [ 47.4008577, 40.3526877 ], [ 47.395277, 40.3511312 ], [ 47.3904651, 40.3550762 ], [ 47.382735, 40.3580235 ], [ 47.3829389, 40.3655528 ], [ 47.3785722, 40.3708497 ], [ 47.3752785, 40.37049 ], [ 47.3728108, 40.36592060000001 ], [ 47.3701501, 40.3648661 ], [ 47.3649466, 40.3650132 ], [ 47.3615831, 40.3680378 ], [ 47.361449, 40.3727011 ], [ 47.3657727, 40.3765181 ], [ 47.3662984, 40.3798854 ], [ 47.3641741, 40.3830441 ], [ 47.356621, 40.38908330000001 ], [ 47.356224, 40.3909791 ], [ 47.3588097, 40.3935695 ], [ 47.3618889, 40.3941659 ], [ 47.365129, 40.3935368 ], [ 47.3690021, 40.3909301 ], [ 47.372607, 40.3912243 ], [ 47.3742861, 40.3941128 ], [ 47.3722207, 40.3975977 ], [ 47.3630422, 40.4049836 ], [ 47.355119, 40.4074591 ], [ 47.3507631, 40.4081371 ], [ 47.3357181, 40.4073643 ], [ 47.326709, 40.4098772 ], [ 47.3242038, 40.4120992 ], [ 47.3243701, 40.41847880000001 ], [ 47.3217495, 40.422727 ], [ 47.3251845, 40.4252863 ], [ 47.328028, 40.4258927 ], [ 47.350146, 40.4273968 ], [ 47.3509803, 40.4302392 ], [ 47.3445895, 40.433817 ], [ 47.3354791, 40.4342298 ], [ 47.3290004, 40.4318416 ], [ 47.3265298, 40.4332021 ], [ 47.3259083, 40.434991 ], [ 47.3308925, 40.4398594 ], [ 47.3402669, 40.4415057 ], [ 47.3518244, 40.4483175 ], [ 47.3534217, 40.4512475 ], [ 47.350696, 40.4548501 ], [ 47.3318514, 40.4500711 ], [ 47.3272714, 40.4476466 ], [ 47.3138658, 40.4350376 ], [ 47.3090664, 40.4340621 ], [ 47.3018718, 40.4361525 ], [ 47.2999942, 40.4443425 ], [ 47.3059166, 40.4462988 ], [ 47.3090494, 40.4487188 ], [ 47.3170638, 40.449968 ], [ 47.3191092, 40.452561 ], [ 47.3180249, 40.45478150000001 ], [ 47.3128515, 40.4577773 ], [ 47.2979665, 40.4608257 ], [ 47.2921774, 40.4641777 ], [ 47.2790458, 40.4812272 ], [ 47.2635698, 40.4931109 ], [ 47.2607495, 40.5037464 ], [ 47.2621534, 40.5053595 ], [ 47.2654401, 40.5049259 ], [ 47.2655563, 40.4977697 ], [ 47.2697156, 40.4953662 ], [ 47.2717198, 40.4973541 ], [ 47.274077, 40.5054902 ], [ 47.2826609, 40.5134754 ], [ 47.2827987, 40.5178435 ], [ 47.2769934, 40.5272514 ], [ 47.275241, 40.5350748 ], [ 47.2727824, 40.5384265 ], [ 47.2688865, 40.5374767 ], [ 47.2663449, 40.5346442 ], [ 47.2651814, 40.5246202 ], [ 47.2582066, 40.5176626 ], [ 47.2514818, 40.5167343 ], [ 47.2472187, 40.5181022 ], [ 47.2459848, 40.5206582 ], [ 47.2516979, 40.5286717 ], [ 47.2642797, 40.5361068 ], [ 47.264214, 40.53912239999999 ], [ 47.2557818, 40.5428462 ], [ 47.250872, 40.5430177 ], [ 47.2470089, 40.5412225 ], [ 47.2265621, 40.5273633 ] ] ] ]
    }
  }, {
    "type" : "Feature",
    "properties" : {
      "osm_id" : "11871222",
      "admin_level" : "5",
      "country_code" : "AZ",
      "name" : "Zəngilan Rayonu",
      "population" : null,
      "wikidata" : "Q249252",
      "wikipedia" : null,
      "name_props" : {
        "name:az" : "Zəngilan Rayonu",
        "name:en" : "Zangilan District",
        "name:fa" : "شهرستان زنگیلان",
        "name:ru" : "Зангиланский район",
        "name:uk" : "Зангеланський район"
      },
      "parent_boundary_id" : "364110"
    },
    "geometry" : {
      "type" : "MultiPolygon",
      "coordinates" : [ [ [ [ 46.4460647, 39.1992395 ], [ 46.4508066, 39.2010355 ], [ 46.4642354, 39.2004294 ], [ 46.4801033, 39.1925127 ], [ 46.4878644, 39.1903954 ], [ 46.4908733, 39.1871467 ], [ 46.5012895, 39.1829767 ], [ 46.5066583, 39.177827 ], [ 46.5097175, 39.178161 ], [ 46.5040962, 39.1844443 ], [ 46.5107658, 39.1896968 ], [ 46.5007455, 39.192765 ], [ 46.49862, 39.1955 ], [ 46.50227, 39.20132 ], [ 46.50694, 39.20394 ], [ 46.50919, 39.20816 ], [ 46.51503, 39.21258 ], [ 46.5183714, 39.2001287 ], [ 46.52235, 39.19659 ], [ 46.52834, 39.19571 ], [ 46.5321537, 39.1892595 ], [ 46.5319494, 39.1792084 ], [ 46.5353995, 39.171648 ], [ 46.5373395, 39.1589134 ], [ 46.5442658, 39.1651684 ], [ 46.5426932, 39.1708809 ], [ 46.5442129, 39.1757057 ], [ 46.5465666, 39.1780831 ], [ 46.553232, 39.1826365 ], [ 46.5618234, 39.1849616 ], [ 46.5669491, 39.188167 ], [ 46.5684635, 39.1986852 ], [ 46.5710887, 39.1993613 ], [ 46.5728398, 39.2022281 ], [ 46.5814915, 39.1993381 ], [ 46.5840306, 39.1994152 ], [ 46.58616, 39.2012973 ], [ 46.5846631, 39.2046851 ], [ 46.5716836, 39.2088854 ], [ 46.5735189, 39.215281 ], [ 46.5759489, 39.2169084 ], [ 46.5842274, 39.2167169 ], [ 46.5876047, 39.2182167 ], [ 46.5901185, 39.2211563 ], [ 46.5922602, 39.2215392 ], [ 46.598191, 39.2186675 ], [ 46.6011565, 39.221252 ], [ 46.6037924, 39.2204862 ], [ 46.6109177, 39.2226879 ], [ 46.612977, 39.2218264 ], [ 46.6135537, 39.222975 ], [ 46.6206378, 39.222975 ], [ 46.6256625, 39.2284309 ], [ 46.6313051, 39.2292604 ], [ 46.6333087, 39.2309119 ], [ 46.635129, 39.2293457 ], [ 46.637558, 39.2297646 ], [ 46.6380301, 39.2388127 ], [ 46.6408252, 39.2402972 ], [ 46.6641054, 39.2329691 ], [ 46.6643887, 39.2317326 ], [ 46.658638, 39.2261278 ], [ 46.6604697, 39.2203018 ], [ 46.659093, 39.2141254 ], [ 46.6618537, 39.2005999 ], [ 46.6680335, 39.1956778 ], [ 46.6562748, 39.1840361 ], [ 46.6627979, 39.17588580000001 ], [ 46.6661452, 39.1614791 ], [ 46.66327, 39.1512296 ], [ 46.6687202, 39.1403129 ], [ 46.6635819, 39.1323752 ], [ 46.677947, 39.1341548 ], [ 46.68768879999999, 39.13279 ], [ 46.6951246, 39.1355176 ], [ 46.7092323, 39.1377166 ], [ 46.7118501, 39.1393809 ], [ 46.7164635, 39.15509 ], [ 46.7037391, 39.1524942 ], [ 46.7021942, 39.1529934 ], [ 46.7018079, 39.1546906 ], [ 46.7080307, 39.1611464 ], [ 46.7261838, 39.1745551 ], [ 46.72420970000001, 39.1795452 ], [ 46.7133092, 39.1828386 ], [ 46.7133379, 39.1894361 ], [ 46.7222357, 39.1896742 ], [ 46.724993, 39.19455520000001 ], [ 46.7360544, 39.1947132 ], [ 46.7486286, 39.2014646 ], [ 46.7585021, 39.2001722 ], [ 46.7626189, 39.1978728 ], [ 46.7691421, 39.1987375 ], [ 46.7736911, 39.2027283 ], [ 46.7758369, 39.2113743 ], [ 46.7877673, 39.2187558 ], [ 46.7948054, 39.2250061 ], [ 46.8040752, 39.2285965 ], [ 46.8143748, 39.2300592 ], [ 46.8268202, 39.2362422 ], [ 46.8329339, 39.2374615 ], [ 46.8488882, 39.237979799999984 ], [ 46.8513974, 39.2318237 ], [ 46.8511962, 39.2269343 ], [ 46.8560027, 39.21895529999998 ], [ 46.8598603, 39.2166505 ], [ 46.8683575, 39.2159456 ], [ 46.8762196, 39.2049325 ], [ 46.8749713, 39.19847149999999 ], [ 46.8665599, 39.1891587 ], [ 46.8664741, 39.1863646 ], [ 46.8705719, 39.1770729 ], [ 46.869049, 39.1717937 ], [ 46.863345, 39.1656211 ], [ 46.8676757, 39.1446731 ], [ 46.8664708, 39.1407097 ], [ 46.8452627, 39.1395615 ], [ 46.8390194, 39.1374974 ], [ 46.8404835, 39.1334667 ], [ 46.8414717, 39.1304528 ], [ 46.8390088, 39.1233406 ], [ 46.8338894, 39.1202046 ], [ 46.8344832, 39.1155966 ], [ 46.8331208, 39.113403 ], [ 46.8305165, 39.1128693 ], [ 46.8269452, 39.1147576 ], [ 46.8227375, 39.1108147 ], [ 46.8155292, 39.1099205 ], [ 46.8157574, 39.1068268 ], [ 46.8199085, 39.1066481 ], [ 46.8211771, 39.1055312 ], [ 46.8179908, 39.1035204 ], [ 46.8119538, 39.1030956 ], [ 46.8111034, 39.1014421 ], [ 46.8133781, 39.0971634 ], [ 46.7974082, 39.0919786 ], [ 46.7957335, 39.0880824 ], [ 46.790686, 39.0871097 ], [ 46.78799, 39.0783271 ], [ 46.7819046, 39.0756975 ], [ 46.7757076, 39.069856 ], [ 46.7704519, 39.0715391 ], [ 46.7683432, 39.0704193 ], [ 46.7679346, 39.0588894 ], [ 46.7669087, 39.0579532 ], [ 46.761296, 39.0584633 ], [ 46.7584939, 39.057075 ], [ 46.7574493, 39.0494549 ], [ 46.761784, 39.0369011 ], [ 46.7530928, 39.025914 ], [ 46.7479451, 39.02856949999999 ], [ 46.7437876, 39.0263366 ], [ 46.7399777, 39.0200042 ], [ 46.7367822, 39.0176203 ], [ 46.7253955, 39.0158121 ], [ 46.7223576, 39.0145849 ], [ 46.7174075, 39.0145854 ], [ 46.7140226, 39.0128099 ], [ 46.707876, 39.0138459 ], [ 46.7060969, 39.0184937 ], [ 46.6969383, 39.0190302 ], [ 46.6914397, 39.012144 ], [ 46.6870776, 39.00813859999999 ], [ 46.6831597, 39.0063436 ], [ 46.6835176, 39.0048994 ], [ 46.6889914, 39.0015501 ], [ 46.6888772, 38.9964944 ], [ 46.6903284, 38.9949352 ], [ 46.6892893, 38.9935398 ], [ 46.683769, 38.9922933 ], [ 46.681183, 38.9900944 ], [ 46.6781039, 38.9847995 ], [ 46.6747571, 38.9833449 ], [ 46.6734554, 38.9778726 ], [ 46.6634131, 38.9707893 ], [ 46.6622646, 38.966546 ], [ 46.6565406, 38.96213070000001 ], [ 46.656581, 38.9571361 ], [ 46.6549773, 38.9540911 ], [ 46.6483008, 38.9516245 ], [ 46.6404129, 38.951116 ], [ 46.6387397, 38.9470519 ], [ 46.6406695, 38.94421040000001 ], [ 46.6367328, 38.9394547 ], [ 46.6323061, 38.9393082 ], [ 46.6281636, 38.9371325 ], [ 46.6268552, 38.9350177 ], [ 46.6274715, 38.930396 ], [ 46.6229779, 38.9282119 ], [ 46.6191232, 38.92345430000001 ], [ 46.6134121, 38.9206628 ], [ 46.607642, 38.9213736 ], [ 46.6078117, 38.9177536 ], [ 46.6041917, 38.9145456 ], [ 46.6034552, 38.9099154 ], [ 46.6009537, 38.9060612 ], [ 46.5983379, 38.9057576 ], [ 46.5745915, 38.8914114 ], [ 46.5684859, 38.8904363 ], [ 46.5661959, 38.888648 ], [ 46.5653437, 38.8856997 ], [ 46.5569798, 38.8853894 ], [ 46.5544482, 38.8842288 ], [ 46.5500033, 38.8793524 ], [ 46.5438043, 38.8769913 ], [ 46.5398256, 38.8706266 ], [ 46.5339832, 38.867172 ], [ 46.5329787, 38.8723689 ], [ 46.5345009, 38.8784654 ], [ 46.5336549, 38.8893288 ], [ 46.5321404, 38.8924116 ], [ 46.5332517, 38.8952153 ], [ 46.5373244, 38.8980783 ], [ 46.5372662, 38.9053309 ], [ 46.5342956, 38.9143957 ], [ 46.5302765, 38.9202418 ], [ 46.5299246, 38.9231557 ], [ 46.5197103, 38.9283144 ], [ 46.5123379, 38.9361959 ], [ 46.5102373, 38.9427952 ], [ 46.5065305, 38.9482088 ], [ 46.5084573, 38.9528346 ], [ 46.5084556, 38.9616927 ], [ 46.514828, 38.9634263 ], [ 46.5236008, 38.9706634 ], [ 46.5213026, 38.9788201 ], [ 46.5181641, 38.9834388 ], [ 46.5192286, 38.9952598 ], [ 46.5349127, 38.9955626 ], [ 46.5464832, 39.0020864 ], [ 46.5366781, 39.0246948 ], [ 46.5381197, 39.0310619 ], [ 46.5358044, 39.0374257 ], [ 46.540127, 39.0452524 ], [ 46.5468768, 39.0469834 ], [ 46.5499706, 39.0491548 ], [ 46.5540906, 39.0571606 ], [ 46.5515959, 39.05834 ], [ 46.5498991, 39.0610422 ], [ 46.5443915, 39.0612248 ], [ 46.5407465, 39.0628717 ], [ 46.5369367, 39.0618164 ], [ 46.5306146, 39.0626479 ], [ 46.5205444, 39.0615446 ], [ 46.5161378, 39.0629383 ], [ 46.5163231, 39.06658379999998 ], [ 46.5222334, 39.0711565 ], [ 46.5244575, 39.0719239 ], [ 46.5299017, 39.0708069 ], [ 46.5304096, 39.0744797 ], [ 46.534212, 39.0778836 ], [ 46.5366583, 39.0837841 ], [ 46.5308337, 39.094589 ], [ 46.5279853, 39.0964053 ], [ 46.5159794, 39.0991901 ], [ 46.5137468, 39.1029297 ], [ 46.5032387, 39.1047535 ], [ 46.501621, 39.1061735 ], [ 46.5052031, 39.1165343 ], [ 46.5046206, 39.1237871 ], [ 46.4998444, 39.1252557 ], [ 46.4996987, 39.1271083 ], [ 46.4988833, 39.1275375 ], [ 46.4955155, 39.1237048 ], [ 46.4927972, 39.1321715 ], [ 46.4837361, 39.133737 ], [ 46.48291239999999, 39.1365483 ], [ 46.486252, 39.1385408 ], [ 46.4967541, 39.1411665 ], [ 46.4955009, 39.1510895 ], [ 46.4850395, 39.15241489999999 ], [ 46.4697716, 39.1470899 ], [ 46.463017, 39.1485273 ], [ 46.4571358, 39.1517883 ], [ 46.4596397, 39.1593224 ], [ 46.4516907, 39.1588115 ], [ 46.4410056, 39.1545509 ], [ 46.4398471, 39.155162 ], [ 46.4396829, 39.1608378 ], [ 46.4382676, 39.162289499999986 ], [ 46.4392511, 39.1699062 ], [ 46.4357209, 39.1721235 ], [ 46.4316546, 39.1876961 ], [ 46.4460647, 39.1992395 ] ] ] ]
    }
  }, {
    "type" : "Feature",
    "properties" : {
      "osm_id" : "3764539",
      "admin_level" : "5",
      "country_code" : "AZ",
      "name" : "Ağstafa rayonu",
      "population" : null,
      "wikidata" : "Q275744",
      "wikipedia" : "az:Ağstafa rayonu",
      "name_props" : {
        "name:az" : "Ağstafa rayonu",
        "name:de" : "Ağstafa",
        "name:en" : "Aghstafa District",
        "name:es" : "Ağstafa",
        "name:fr" : "Aghstafa",
        "name:ja" : "アグスタファ県",
        "name:ru" : "Акстафинский район",
        "name:uk" : "Аґстафинський район"
      },
      "parent_boundary_id" : "364110"
    },
    "geometry" : {
      "type" : "MultiPolygon",
      "coordinates" : [ [ [ [ 45.092025, 41.3391635 ], [ 45.0957959, 41.3415472 ], [ 45.1017511, 41.3476286 ], [ 45.1350068, 41.37859229999999 ], [ 45.1723983, 41.4123222 ], [ 45.1733335, 41.4153964 ], [ 45.1719028, 41.4193989 ], [ 45.1746345, 41.422671399999984 ], [ 45.178448, 41.4237977 ], [ 45.1938465, 41.4172251 ], [ 45.1963755, 41.4167625 ], [ 45.2025736, 41.4212781 ], [ 45.2328278, 41.4357673 ], [ 45.249072, 41.446324 ], [ 45.256634, 41.458849 ], [ 45.259407, 41.467336 ], [ 45.28815989999999, 41.4627876 ], [ 45.3073804, 41.4720164 ], [ 45.310199, 41.472944 ], [ 45.3356666, 41.4633679 ], [ 45.341601, 41.4599559 ], [ 45.3639732, 41.453662 ], [ 45.3832571, 41.435366 ], [ 45.3847945, 41.4304984 ], [ 45.391266, 41.42738 ], [ 45.4092842, 41.4273804 ], [ 45.4276479, 41.4301871 ], [ 45.4317461, 41.43355360000001 ], [ 45.4342745, 41.44023769999998 ], [ 45.439608, 41.4460188 ], [ 45.4439123, 41.4478241 ], [ 45.4543687, 41.4555036 ], [ 45.4611039, 41.4558505 ], [ 45.469804, 41.448685 ], [ 45.4942981, 41.4353543 ], [ 45.516659, 41.420549 ], [ 45.52729, 41.419617 ], [ 45.5360267, 41.41681 ], [ 45.5504599, 41.4112396 ], [ 45.564103, 41.407136 ], [ 45.580952, 41.389057 ], [ 45.576732, 41.375977 ], [ 45.601101, 41.373733 ], [ 45.607067, 41.376528 ], [ 45.617231, 41.376709 ], [ 45.628511, 41.379121 ], [ 45.6461082, 41.3789346 ], [ 45.652522, 41.372393 ], [ 45.658368, 41.37077 ], [ 45.667424, 41.362003 ], [ 45.682905, 41.355163 ], [ 45.701432, 41.355758 ], [ 45.706958, 41.360906 ], [ 45.708911, 41.360894 ], [ 45.729363, 41.358705 ], [ 45.760773, 41.351429 ], [ 45.755942, 41.339096 ], [ 45.749471, 41.340316 ], [ 45.741862, 41.344487 ], [ 45.740528, 41.344024 ], [ 45.729305, 41.332496 ], [ 45.700654, 41.297772 ], [ 45.710021, 41.290354 ], [ 45.712157, 41.285807 ], [ 45.725651, 41.277715 ], [ 45.72764, 41.274111 ], [ 45.735765, 41.267876 ], [ 45.741317, 41.258493 ], [ 45.749476, 41.2553368 ], [ 45.7533709, 41.2534469 ], [ 45.756634, 41.253418 ], [ 45.746304, 41.2218788 ], [ 45.6386699, 41.1617659 ], [ 45.6459515, 41.13711 ], [ 45.6296095, 41.1270169 ], [ 45.61296629999999, 41.1281048 ], [ 45.5713343, 41.1504714 ], [ 45.5670371, 41.1405806 ], [ 45.5767602, 41.1214187 ], [ 45.5808448, 41.10226620000001 ], [ 45.5959379, 41.0612436 ], [ 45.5909578, 41.0498796 ], [ 45.5736274, 41.0432044 ], [ 45.5792074, 41.0250953 ], [ 45.5442918, 41.0109223 ], [ 45.5106862, 40.9892155 ], [ 45.4942544, 40.9805721 ], [ 45.4604237, 40.9739964 ], [ 45.4537581, 40.970696 ], [ 45.4458877, 40.965284 ], [ 45.43232, 40.9645509 ], [ 45.4306352, 40.9613788 ], [ 45.4259623, 40.9596921 ], [ 45.4209356, 40.9609909 ], [ 45.4189782, 40.9639671 ], [ 45.4164194, 40.9790904 ], [ 45.4077602, 40.9862052 ], [ 45.4076228, 40.9878538 ], [ 45.4138112, 40.9920806 ], [ 45.4182876, 40.9991307 ], [ 45.4357797, 41.0110823 ], [ 45.4390739, 41.012039 ], [ 45.4400969, 41.016453 ], [ 45.4258556, 41.02154680000001 ], [ 45.4055754, 41.0210766 ], [ 45.3988234, 41.0245729 ], [ 45.3967326, 41.0245706 ], [ 45.3943978, 41.01374 ], [ 45.3895267, 41.0124014 ], [ 45.3888258, 41.0133845 ], [ 45.3839818, 41.0134007 ], [ 45.3779075, 41.0115773 ], [ 45.3697455, 41.0220537 ], [ 45.3809979, 41.0741627 ], [ 45.3843517, 41.0813723 ], [ 45.3826794, 41.089383 ], [ 45.3850989, 41.091189 ], [ 45.3822635, 41.0933468 ], [ 45.3888721, 41.0969877 ], [ 45.3872905, 41.0990662 ], [ 45.3883813, 41.1020904 ], [ 45.3866467, 41.1026895 ], [ 45.3907042, 41.1080683 ], [ 45.3892008, 41.1132169 ], [ 45.3805329, 41.1137611 ], [ 45.3770496, 41.1087913 ], [ 45.3700231, 41.1088631 ], [ 45.3639821, 41.1044074 ], [ 45.3540501, 41.1049353 ], [ 45.3547099, 41.1131353 ], [ 45.3657401, 41.1301282 ], [ 45.364284, 41.1409832 ], [ 45.3463313, 41.1618209 ], [ 45.3443233, 41.1766365 ], [ 45.3569336, 41.1795493 ], [ 45.348118, 41.216581 ], [ 45.365638, 41.225775 ], [ 45.3667056, 41.2329228 ], [ 45.3508765, 41.2462862 ], [ 45.3472335, 41.2469688 ], [ 45.3419711, 41.2509617 ], [ 45.332256, 41.248566 ], [ 45.3259475, 41.2482918 ], [ 45.3240271, 41.2456055 ], [ 45.3130086, 41.2447262 ], [ 45.306539, 41.2503567 ], [ 45.2932568, 41.254777 ], [ 45.2874846, 41.2583742 ], [ 45.278966, 41.25955170000001 ], [ 45.2751036, 41.2634954 ], [ 45.2707958, 41.2600334 ], [ 45.2669926, 41.2603824 ], [ 45.2603192, 41.2619067 ], [ 45.253957, 41.2668987 ], [ 45.2441295, 41.2662696 ], [ 45.2308043, 41.2676406 ], [ 45.22824, 41.2707936 ], [ 45.2298279, 41.2750028 ], [ 45.2289481, 41.2768896 ], [ 45.2249356, 41.2788247 ], [ 45.2190776, 41.2797921 ], [ 45.2152367, 41.2857905 ], [ 45.1956673, 41.2870804 ], [ 45.1919818, 41.2917942 ], [ 45.1748478, 41.2921489 ], [ 45.1660877, 41.2962962 ], [ 45.1609969, 41.2960826 ], [ 45.1580036, 41.2978237 ], [ 45.1487875, 41.3000644 ], [ 45.1385844, 41.3053436 ], [ 45.1302695, 41.3129756 ], [ 45.1223381, 41.3165615 ], [ 45.1215176, 41.3178104 ], [ 45.1232099, 41.3210337 ], [ 45.1219439, 41.3230158 ], [ 45.1159358, 41.3251187 ], [ 45.1136505, 41.3272377 ], [ 45.1018703, 41.3302106 ], [ 45.092025, 41.3391635 ] ] ] ]
    }
  }, {
    "type" : "Feature",
    "properties" : {
      "osm_id" : "11871224",
      "admin_level" : "5",
      "country_code" : "AZ",
      "name" : "Laçın rayonu",
      "population" : null,
      "wikidata" : "Q301832",
      "wikipedia" : null,
      "name_props" : {
        "name:az" : "Laçın rayonu",
        "name:en" : "Lachin District",
        "name:fa" : "شهرستان لاچین",
        "name:hy" : "Լաչինի շրջան",
        "name:ru" : "Лачинский район",
        "name:uk" : "Лачинський район",
        "name:zh" : "拉欽區"
      },
      "parent_boundary_id" : "364110"
    },
    "geometry" : {
      "type" : "MultiPolygon",
      "coordinates" : [ [ [ [ 45.8878506, 39.8097373 ], [ 45.8922124, 39.8167687 ], [ 45.8951464, 39.8185444 ], [ 45.9020657, 39.8189872 ], [ 45.906555, 39.8211067 ], [ 45.9111924, 39.828071 ], [ 45.9732302, 39.84911060000001 ], [ 45.9890108, 39.8572279 ], [ 46.006037, 39.8698683 ], [ 46.0152321, 39.8826648 ], [ 46.0163923, 39.9001333 ], [ 46.0418695, 39.9103519 ], [ 46.046705, 39.910921 ], [ 46.0616086, 39.9086816 ], [ 46.0939672, 39.9078597 ], [ 46.1029676, 39.8901042 ], [ 46.1117537, 39.8812248 ], [ 46.1224685, 39.8792514 ], [ 46.1346833, 39.8851713 ], [ 46.1655418, 39.8864868 ], [ 46.2101723, 39.9199074 ], [ 46.2344582, 39.924555 ], [ 46.2454739, 39.9213376 ], [ 46.2600193, 39.9227962 ], [ 46.2782292, 39.9311597 ], [ 46.2958155, 39.9269588 ], [ 46.3161476, 39.9446194 ], [ 46.3296918, 39.9456357 ], [ 46.334856, 39.9530001 ], [ 46.3361467, 39.9551078 ], [ 46.3357576, 39.9596868 ], [ 46.3302873, 39.9679143 ], [ 46.3301065, 39.9773822 ], [ 46.3354285, 39.9776989 ], [ 46.354574, 39.9837837 ], [ 46.3676889, 39.9765754 ], [ 46.3796366, 39.9764175 ], [ 46.3915155, 39.9782065 ], [ 46.3972919, 39.9813832 ], [ 46.3996909, 39.9805644 ], [ 46.4038312, 39.9823198 ], [ 46.4137195, 39.9736261 ], [ 46.4129708, 39.9710079 ], [ 46.4160245, 39.9686559 ], [ 46.4224368, 39.9691162 ], [ 46.426644, 39.9717857 ], [ 46.4407693, 39.9695432 ], [ 46.447589, 39.9520333 ], [ 46.4579529, 39.95338 ], [ 46.4601674, 39.951243799999986 ], [ 46.4576395, 39.9355209 ], [ 46.4615249, 39.9244164 ], [ 46.4671039, 39.9185579 ], [ 46.4779185, 39.9101313 ], [ 46.4856433, 39.9067736 ], [ 46.4913081, 39.9050617 ], [ 46.5003203, 39.9051934 ], [ 46.5046977, 39.9003868 ], [ 46.5155981, 39.8806303 ], [ 46.5228079, 39.8707498 ], [ 46.5452955, 39.8595502 ], [ 46.54855709999999, 39.8536203 ], [ 46.5549086, 39.8497985 ], [ 46.5476988, 39.8318729 ], [ 46.5439223, 39.8281817 ], [ 46.5437507, 39.8242266 ], [ 46.5456388, 39.822381 ], [ 46.5607452, 39.8186233 ], [ 46.5612601, 39.809591 ], [ 46.5641783, 39.8028656 ], [ 46.5725525, 39.7939086 ], [ 46.5656375, 39.7913251 ], [ 46.5654658, 39.7859829 ], [ 46.5729886, 39.7750682 ], [ 46.5713882, 39.7675129 ], [ 46.5727614, 39.7603874 ], [ 46.5662297, 39.7470152 ], [ 46.5752707, 39.7256818 ], [ 46.5925024, 39.7153742 ], [ 46.5775173, 39.7017238 ], [ 46.5679548, 39.6987343 ], [ 46.5561636, 39.6849413 ], [ 46.5597581, 39.6704966 ], [ 46.5690278, 39.6630637 ], [ 46.5649509, 39.6535816 ], [ 46.5588569, 39.6454529 ], [ 46.5627622, 39.6374886 ], [ 46.5631914, 39.6315395 ], [ 46.56705379999999, 39.6284656 ], [ 46.5746069, 39.6302836 ], [ 46.5818274, 39.6303248 ], [ 46.594305, 39.6354395 ], [ 46.5983915, 39.6355213 ], [ 46.6007852, 39.6333408 ], [ 46.6019868, 39.6297712 ], [ 46.5995566, 39.6225708 ], [ 46.6020298, 39.6202018 ], [ 46.60151470000001, 39.6148133 ], [ 46.6111575, 39.6106741 ], [ 46.6128676, 39.6022227 ], [ 46.6167086, 39.6009671 ], [ 46.6263426, 39.6066261 ], [ 46.6477346, 39.6104162 ], [ 46.6534285, 39.6194951 ], [ 46.6576403, 39.63296539999999 ], [ 46.6602111, 39.6358726 ], [ 46.6575784, 39.6426172 ], [ 46.6632133, 39.6480449 ], [ 46.6642356, 39.6558118 ], [ 46.6689459, 39.66141659999999 ], [ 46.6665675, 39.6661175 ], [ 46.6711557, 39.6661774 ], [ 46.6742982, 39.6690258 ], [ 46.6851139, 39.66854759999999 ], [ 46.6919373, 39.6705957 ], [ 46.7082881, 39.6671602 ], [ 46.7182445, 39.6620066 ], [ 46.7154979, 39.658901 ], [ 46.7148112, 39.6558119 ], [ 46.7275141, 39.6435695 ], [ 46.7269133, 39.634382 ], [ 46.7363547, 39.6288293 ], [ 46.7392944, 39.6235076 ], [ 46.7480706, 39.6214416 ], [ 46.7501517, 39.6139912 ], [ 46.7421483, 39.6055891 ], [ 46.7428779, 39.6041741 ], [ 46.7290591, 39.6066802 ], [ 46.7210769, 39.6034398 ], [ 46.7112064, 39.6027785 ], [ 46.6839122, 39.5929243 ], [ 46.6716384, 39.6011252 ], [ 46.663227, 39.5965619 ], [ 46.6638279, 39.5824072 ], [ 46.6537642, 39.572914 ], [ 46.6619395, 39.5689112 ], [ 46.6751575, 39.5749979 ], [ 46.6781542, 39.5774124 ], [ 46.6816806, 39.5763872 ], [ 46.6884875, 39.5765142 ], [ 46.6982019, 39.5715291 ], [ 46.6972159, 39.56818339999999 ], [ 46.6937827, 39.5667278 ], [ 46.6929361, 39.5615653 ], [ 46.6952418, 39.5448897 ], [ 46.6913579, 39.5366305 ], [ 46.6891777, 39.5199653 ], [ 46.6802197, 39.5120416 ], [ 46.668806, 39.5134441 ], [ 46.6615172, 39.5105517 ], [ 46.6579484, 39.5127157 ], [ 46.6524123, 39.511888 ], [ 46.6509961, 39.5095372 ], [ 46.6483354, 39.5099345 ], [ 46.6450309, 39.5066235 ], [ 46.6375102, 39.506307 ], [ 46.6326284, 39.5040407 ], [ 46.6305751, 39.5000022 ], [ 46.6319846, 39.4935764 ], [ 46.6364478, 39.4886748 ], [ 46.6308689, 39.4819842 ], [ 46.6200609, 39.47652 ], [ 46.6201897, 39.460598 ], [ 46.608757, 39.4576425 ], [ 46.5994272, 39.4631194 ], [ 46.5684509, 39.4569588 ], [ 46.5588378, 39.4563756 ], [ 46.5491561, 39.4573299 ], [ 46.5344202, 39.4676602 ], [ 46.5401866, 39.47328069999999 ], [ 46.5327893, 39.4802045 ], [ 46.5340125, 39.4823624 ], [ 46.5323233, 39.48550920000001 ], [ 46.5199168, 39.487667 ], [ 46.5184023, 39.4910383 ], [ 46.5136902, 39.4949717 ], [ 46.5122075, 39.5022814 ], [ 46.50775929999999, 39.5033937 ], [ 46.5066061, 39.5047284 ], [ 46.5101893, 39.5080015 ], [ 46.5100477, 39.5096458 ], [ 46.4992264, 39.5163206 ], [ 46.5003379, 39.5193529 ], [ 46.5082772, 39.521845 ], [ 46.5101522, 39.5249367 ], [ 46.5206316, 39.528237 ], [ 46.5323492, 39.5301521 ], [ 46.5448251, 39.536592 ], [ 46.5459949, 39.5405538 ], [ 46.5417519, 39.5430898 ], [ 46.5423217, 39.5449665 ], [ 46.5481343, 39.5463942 ], [ 46.5611386, 39.542859 ], [ 46.5736711, 39.5410686 ], [ 46.5806939, 39.5302779 ], [ 46.5860009, 39.5280929 ], [ 46.5887129, 39.528504 ], [ 46.5873883, 39.5319385 ], [ 46.581183, 39.5387682 ], [ 46.5829201, 39.5407749 ], [ 46.5803683, 39.5438679 ], [ 46.582099, 39.54984420000001 ], [ 46.5797216, 39.5520442 ], [ 46.5801269, 39.5535616 ], [ 46.575669, 39.5545315 ], [ 46.57579779999999, 39.5566615 ], [ 46.5718871, 39.559325 ], [ 46.5723691, 39.5636521 ], [ 46.5689582, 39.5684232 ], [ 46.5671021, 39.56851 ], [ 46.5662776, 39.5719979 ], [ 46.5644427, 39.5723638 ], [ 46.5579294, 39.5698788 ], [ 46.55307890000001, 39.5707839 ], [ 46.5456622, 39.5738808 ], [ 46.5429783, 39.5733451 ], [ 46.5324847, 39.5763387 ], [ 46.5277112, 39.5790962 ], [ 46.5239358, 39.5794077 ], [ 46.5247165, 39.5818369 ], [ 46.521218, 39.5842454 ], [ 46.5076446, 39.5826114 ], [ 46.5061901, 39.5835794 ], [ 46.5035107, 39.5853525 ], [ 46.4854871, 39.5865113 ], [ 46.4789296, 39.5850429 ], [ 46.4581715, 39.573265699999986 ], [ 46.4549222, 39.5733401 ], [ 46.4461652, 39.579424 ], [ 46.4409004, 39.5785471 ], [ 46.4365938, 39.57669210000001 ], [ 46.4338526, 39.5689392 ], [ 46.4304982, 39.5689458 ], [ 46.4253086, 39.5745334 ], [ 46.4157533, 39.5778984 ], [ 46.4128703, 39.5803745 ], [ 46.4141059, 39.5864056 ], [ 46.4192954, 39.5918013 ], [ 46.4213547, 39.5973236 ], [ 46.4164947, 39.6054476 ], [ 46.41633, 39.6168703 ], [ 46.4134469, 39.6202967 ], [ 46.4126896, 39.6307873 ], [ 46.4078162, 39.6318082 ], [ 46.3923114, 39.6188289 ], [ 46.387709, 39.6179679 ], [ 46.3784008, 39.6197446 ], [ 46.3710696, 39.6195543 ], [ 46.3725523, 39.6229171 ], [ 46.3768358, 39.6267874 ], [ 46.3764239, 39.6307209 ], [ 46.3715639, 39.6361132 ], [ 46.3570662, 39.638714 ], [ 46.3527004, 39.6342101 ], [ 46.3482522, 39.6335122 ], [ 46.3414152, 39.6360498 ], [ 46.3345783, 39.6360498 ], [ 46.3269067, 39.6317555 ], [ 46.3254316, 39.6291889 ], [ 46.3208339, 39.6278255 ], [ 46.3173622, 39.6305305 ], [ 46.3153471, 39.63031139999999 ], [ 46.3107156, 39.6253965 ], [ 46.3047462, 39.6244794 ], [ 46.290068, 39.6194544 ], [ 46.2835444, 39.6116471 ], [ 46.2619777, 39.6063001 ], [ 46.2554763, 39.6053741 ], [ 46.2495074, 39.6008648 ], [ 46.199827, 39.6021215 ], [ 46.1966364, 39.6022897 ], [ 46.1943393, 39.6009183 ], [ 46.1933909, 39.5929895 ], [ 46.1918826, 39.590476299999985 ], [ 46.1855215, 39.5873714 ], [ 46.1812052, 39.579899099999984 ], [ 46.1776631, 39.5792643 ], [ 46.1756862, 39.5863746 ], [ 46.174533, 39.6005297 ], [ 46.1707438, 39.6036396 ], [ 46.1726384, 39.6080821 ], [ 46.1714851, 39.6148723 ], [ 46.1647305, 39.6184892 ], [ 46.1648125, 39.62466649999999 ], [ 46.1717576, 39.6332358 ], [ 46.1614217, 39.6385631 ], [ 46.1551311, 39.6507625 ], [ 46.1309004, 39.6554265 ], [ 46.1241438, 39.6633185 ], [ 46.1131934, 39.6694163 ], [ 46.1045149, 39.6818176 ], [ 46.0955975, 39.6870097 ], [ 46.0801093, 39.6850171 ], [ 46.0774976, 39.6785272 ], [ 46.0794501, 39.6766013 ], [ 46.075498, 39.6780493 ], [ 46.0661236, 39.6848993 ], [ 46.0655871, 39.6873019 ], [ 46.0630063, 39.6892057 ], [ 46.0603365, 39.6890384 ], [ 46.0575099, 39.6907555 ], [ 46.0567798, 39.6925619 ], [ 46.0584415, 39.69434 ], [ 46.0654312, 39.6946986 ], [ 46.0691743, 39.699619 ], [ 46.0635709, 39.7067245 ], [ 46.0535528, 39.7158121 ], [ 46.0354936, 39.7252477 ], [ 46.0273422, 39.7442031 ], [ 46.0057752, 39.7521501 ], [ 46.0026462, 39.7617986 ], [ 45.9907844, 39.7691434 ], [ 45.9822179, 39.7827884 ], [ 45.9777694, 39.7868692 ], [ 45.9713443, 39.7896542 ], [ 45.9688731, 39.7919961 ], [ 45.954596, 39.79057190000001 ], [ 45.940908, 39.7874836 ], [ 45.9349668, 39.7884683 ], [ 45.9204052, 39.7947341 ], [ 45.9064842, 39.8031024 ], [ 45.9011255, 39.8031919 ], [ 45.88919949999999, 39.8079575 ], [ 45.8878506, 39.8097373 ] ] ] ]
    }
  }, {
    "type" : "Feature",
    "properties" : {
      "osm_id" : "11905590",
      "admin_level" : "5",
      "country_code" : "AZ",
      "name" : "Şuşa rayonu",
      "population" : null,
      "wikidata" : "Q388960",
      "wikipedia" : null,
      "name_props" : {
        "name:az" : "Şuşa rayonu",
        "name:en" : "Shusha District",
        "name:fa" : "شهرستان شوشا",
        "name:hy" : "Շուշիի շրջան",
        "name:ru" : "Шушинский район",
        "name:tr" : "Şuşa Bölgesi",
        "name:uk" : "Шушинський район",
        "name:zh" : "舒沙區"
      },
      "parent_boundary_id" : "364110"
    },
    "geometry" : {
      "type" : "MultiPolygon",
      "coordinates" : [ [ [ [ 46.5725525, 39.7939086 ], [ 46.5862369, 39.7993047 ], [ 46.5823978, 39.8086359 ], [ 46.5890693, 39.810646 ], [ 46.6081666, 39.8043326 ], [ 46.6111673, 39.7960195 ], [ 46.6279328, 39.7907824 ], [ 46.6326347, 39.7930726 ], [ 46.6527737, 39.7869522 ], [ 46.6964308, 39.7909786 ], [ 46.7323858, 39.7841408 ], [ 46.7318487, 39.7817451 ], [ 46.7346167, 39.7810525 ], [ 46.7339805, 39.7777192 ], [ 46.7386293, 39.7768309 ], [ 46.7440795, 39.7825696 ], [ 46.7570183, 39.7780862 ], [ 46.7735934, 39.7772724 ], [ 46.7725773, 39.7721726 ], [ 46.7698222, 39.7709774 ], [ 46.7704424, 39.7685725 ], [ 46.7686057, 39.7661438 ], [ 46.7664096, 39.7655043 ], [ 46.7668689, 39.7614261 ], [ 46.7642339, 39.76142320000001 ], [ 46.7637319, 39.7543736 ], [ 46.7600692, 39.7459704 ], [ 46.7521485, 39.7410381 ], [ 46.7575331, 39.7376106 ], [ 46.7591424, 39.7305668 ], [ 46.7850207, 39.7221082 ], [ 46.785879, 39.7175528 ], [ 46.7823738, 39.7133167 ], [ 46.7682224, 39.70342 ], [ 46.7642067, 39.6938967 ], [ 46.7726396, 39.6828665 ], [ 46.7695907, 39.6782419 ], [ 46.7746668, 39.6632613 ], [ 46.7599852, 39.6548393 ], [ 46.7514609, 39.6472044 ], [ 46.7480706, 39.6214416 ], [ 46.7392944, 39.6235076 ], [ 46.7363547, 39.6288293 ], [ 46.7269133, 39.634382 ], [ 46.7275141, 39.6435695 ], [ 46.7148112, 39.6558119 ], [ 46.7154979, 39.658901 ], [ 46.7182445, 39.6620066 ], [ 46.7082881, 39.6671602 ], [ 46.6919373, 39.6705957 ], [ 46.6851139, 39.66854759999999 ], [ 46.6742982, 39.6690258 ], [ 46.6711557, 39.6661774 ], [ 46.6665675, 39.6661175 ], [ 46.6689459, 39.66141659999999 ], [ 46.6642356, 39.6558118 ], [ 46.6632133, 39.6480449 ], [ 46.6575784, 39.6426172 ], [ 46.6602111, 39.6358726 ], [ 46.6576403, 39.63296539999999 ], [ 46.6534285, 39.6194951 ], [ 46.6477346, 39.6104162 ], [ 46.6263426, 39.6066261 ], [ 46.6167086, 39.6009671 ], [ 46.6128676, 39.6022227 ], [ 46.6111575, 39.6106741 ], [ 46.60151470000001, 39.6148133 ], [ 46.6020298, 39.6202018 ], [ 46.5995566, 39.6225708 ], [ 46.6019868, 39.6297712 ], [ 46.6007852, 39.6333408 ], [ 46.5983915, 39.6355213 ], [ 46.594305, 39.6354395 ], [ 46.5818274, 39.6303248 ], [ 46.5746069, 39.6302836 ], [ 46.56705379999999, 39.6284656 ], [ 46.5631914, 39.6315395 ], [ 46.5627622, 39.6374886 ], [ 46.5588569, 39.6454529 ], [ 46.5649509, 39.6535816 ], [ 46.5690278, 39.6630637 ], [ 46.5597581, 39.6704966 ], [ 46.5561636, 39.6849413 ], [ 46.5679548, 39.6987343 ], [ 46.5775173, 39.7017238 ], [ 46.5925024, 39.7153742 ], [ 46.5752707, 39.7256818 ], [ 46.5662297, 39.7470152 ], [ 46.5727614, 39.7603874 ], [ 46.5713882, 39.7675129 ], [ 46.5729886, 39.7750682 ], [ 46.5654658, 39.7859829 ], [ 46.5656375, 39.7913251 ], [ 46.5725525, 39.7939086 ] ] ] ]
    }
  }, {
    "type" : "Feature",
    "properties" : {
      "osm_id" : "11905734",
      "admin_level" : "5",
      "country_code" : "AZ",
      "name" : "Xocalı rayonu",
      "population" : null,
      "wikidata" : "Q330790",
      "wikipedia" : "az:Xocalı rayonu",
      "name_props" : {
        "name:az" : "Xocalı rayonu",
        "name:en" : "Khojaly District",
        "name:hy" : "Ասկերանի մարզ",
        "name:ja" : "アスケラン",
        "name:pl" : "Rejon Askeran",
        "name:ru" : "Ходжалинский район",
        "name:uk" : "Ходжалинський район",
        "name:zh" : "霍賈雷區"
      },
      "parent_boundary_id" : "364110"
    },
    "geometry" : {
      "type" : "MultiPolygon",
      "coordinates" : [ [ [ [ 46.4492684, 39.9811437 ], [ 46.4586756, 39.9803664 ], [ 46.4619105, 39.9756342 ], [ 46.4751496, 39.9682178 ], [ 46.4943219, 39.97196910000001 ], [ 46.5075301, 39.978041 ], [ 46.5132164, 39.9875607 ], [ 46.537485, 39.996849 ], [ 46.5440076, 39.9954047 ], [ 46.5570544, 39.998164 ], [ 46.5682096, 40.0101426 ], [ 46.5786036, 40.0076085 ], [ 46.580071, 39.9935253 ], [ 46.5870836, 39.992102 ], [ 46.6022567, 39.9919281 ], [ 46.6179225, 40.0000107 ], [ 46.6238223, 40.0070048 ], [ 46.6376709, 40.0189589 ], [ 46.6434822, 40.0206462 ], [ 46.6466993, 40.0235888 ], [ 46.6467798, 40.0251826 ], [ 46.6531696, 40.025954699999986 ], [ 46.6602364, 40.0291096 ], [ 46.6689134, 40.0295245 ], [ 46.6741168, 40.0326051 ], [ 46.6846794, 40.0338702 ], [ 46.6864979, 40.03175490000001 ], [ 46.7050146, 40.0365444 ], [ 46.7148756, 40.0377352 ], [ 46.737441, 40.0328509 ], [ 46.7401313, 40.0287975 ], [ 46.74060329999999, 40.0249691 ], [ 46.7430384, 40.0239536 ], [ 46.7458606, 40.0253141 ], [ 46.7479645, 40.0300393 ], [ 46.7507354, 40.0315353 ], [ 46.7629194, 40.0303748 ], [ 46.7713492, 40.0329892 ], [ 46.7778315, 40.0328029 ], [ 46.7794856, 40.0338944 ], [ 46.7841299, 40.033583 ], [ 46.7934418, 40.029816 ], [ 46.7991347, 40.0291214 ], [ 46.8092332, 40.0334213 ], [ 46.8113, 40.0326537 ], [ 46.8112429, 40.0346171 ], [ 46.8152761, 40.0328228 ], [ 46.8178952, 40.0345114 ], [ 46.8178939, 40.0320014 ], [ 46.8210874, 40.0313268 ], [ 46.8240316, 40.0349953 ], [ 46.8361961, 40.0226319 ], [ 46.8396516, 40.0235702 ], [ 46.8554556, 40.022184 ], [ 46.8498982, 40.0125458 ], [ 46.8394234, 40.0102015 ], [ 46.8463498, 40.0052834 ], [ 46.8447523, 39.99970720000001 ], [ 46.8461759, 39.9954657 ], [ 46.8574958, 39.9930905 ], [ 46.8642866, 39.9874046 ], [ 46.8627054, 39.9822344 ], [ 46.8642639, 39.9792824 ], [ 46.8676736, 39.9769158 ], [ 46.8740389, 39.9764755 ], [ 46.8749498, 39.9746783 ], [ 46.8685769, 39.9721707 ], [ 46.86741459999999, 39.9699403 ], [ 46.8706155, 39.967599 ], [ 46.8736221, 39.9685358 ], [ 46.8763253, 39.9674199 ], [ 46.8774854, 39.960962 ], [ 46.8718147, 39.953075 ], [ 46.864768, 39.9507305 ], [ 46.8635337, 39.9490533 ], [ 46.8641138, 39.9452461 ], [ 46.871061, 39.9433912 ], [ 46.8888116, 39.9424165 ], [ 46.8911183, 39.940615 ], [ 46.8902922, 39.9388053 ], [ 46.8931246, 39.9369216 ], [ 46.9060313, 39.936247 ], [ 46.9084759, 39.9371497 ], [ 46.9091534, 39.9423013 ], [ 46.9078231, 39.9453941 ], [ 46.8984031, 39.9488158 ], [ 46.8978452, 39.9500989 ], [ 46.9014501, 39.9529775 ], [ 46.9058919, 39.9517274 ], [ 46.908381, 39.9534545 ], [ 46.9179296, 39.950543 ], [ 46.9207621, 39.9440698 ], [ 46.9228756, 39.9453119 ], [ 46.9239271, 39.944514 ], [ 46.9223714, 39.9424 ], [ 46.9291949, 39.9400146 ], [ 46.9282614, 39.9336803 ], [ 46.932714, 39.9326519 ], [ 46.9322419, 39.9316071 ], [ 46.9333362, 39.9313374 ], [ 46.9316462, 39.9281645 ], [ 46.9253003, 39.9231328 ], [ 46.9331001, 39.9142872 ], [ 46.932714, 39.9117278 ], [ 46.9172888, 39.8876846 ], [ 46.9148759, 39.8768936 ], [ 46.9128557, 39.8744516 ], [ 46.904945, 39.8737942 ], [ 46.8984814, 39.8652742 ], [ 46.8935515, 39.8624444 ], [ 46.8872237, 39.8553169 ], [ 46.8845505, 39.8551321 ], [ 46.882697, 39.8521389 ], [ 46.8893397, 39.8338806 ], [ 46.8940602, 39.8271959 ], [ 46.8909166, 39.8097933 ], [ 46.8830279, 39.807105 ], [ 46.875535, 39.8088378 ], [ 46.8617366, 39.8065559 ], [ 46.8591998, 39.8029195 ], [ 46.8595656, 39.7936385 ], [ 46.8626555, 39.7931109 ], [ 46.8658827, 39.7953268 ], [ 46.8717192, 39.7961709 ], [ 46.8770751, 39.7956433 ], [ 46.8834609, 39.7930054 ], [ 46.8935546, 39.7584395 ], [ 46.8946532, 39.7462977 ], [ 46.8963698, 39.7424963 ], [ 46.9133986, 39.7301933 ], [ 46.9160079, 39.7228527 ], [ 46.9303588, 39.7104933 ], [ 46.9299468, 39.7071126 ], [ 46.9270629, 39.706109 ], [ 46.911682, 39.7092256 ], [ 46.9049529, 39.7091728 ], [ 46.8894718, 39.7056486 ], [ 46.883254, 39.7072362 ], [ 46.8798637, 39.7063283 ], [ 46.8747749, 39.70024509999999 ], [ 46.8736204, 39.695358 ], [ 46.8757224, 39.6926583 ], [ 46.8809331, 39.6897211 ], [ 46.880722, 39.6882662 ], [ 46.875658, 39.6831802 ], [ 46.8729037, 39.6766655 ], [ 46.8702773, 39.6744921 ], [ 46.8668612, 39.6768901 ], [ 46.8557033, 39.6691209 ], [ 46.8566432, 39.6562477 ], [ 46.8066768, 39.6701648 ], [ 46.7695907, 39.6782419 ], [ 46.7726396, 39.6828665 ], [ 46.7642067, 39.6938967 ], [ 46.7682224, 39.70342 ], [ 46.7823738, 39.7133167 ], [ 46.785879, 39.7175528 ], [ 46.7850207, 39.7221082 ], [ 46.7591424, 39.7305668 ], [ 46.7575331, 39.7376106 ], [ 46.7521485, 39.7410381 ], [ 46.7600692, 39.7459704 ], [ 46.7637319, 39.7543736 ], [ 46.7642339, 39.76142320000001 ], [ 46.7668689, 39.7614261 ], [ 46.7664096, 39.7655043 ], [ 46.7686057, 39.7661438 ], [ 46.7704424, 39.7685725 ], [ 46.7698222, 39.7709774 ], [ 46.7725773, 39.7721726 ], [ 46.7735934, 39.7772724 ], [ 46.7570183, 39.7780862 ], [ 46.7440795, 39.7825696 ], [ 46.7386293, 39.7768309 ], [ 46.7339805, 39.7777192 ], [ 46.7346167, 39.7810525 ], [ 46.7318487, 39.7817451 ], [ 46.7323858, 39.7841408 ], [ 46.6964308, 39.7909786 ], [ 46.6527737, 39.7869522 ], [ 46.6326347, 39.7930726 ], [ 46.6279328, 39.7907824 ], [ 46.6111673, 39.7960195 ], [ 46.6081666, 39.8043326 ], [ 46.5890693, 39.810646 ], [ 46.5823978, 39.8086359 ], [ 46.5862369, 39.7993047 ], [ 46.5725525, 39.7939086 ], [ 46.5641783, 39.8028656 ], [ 46.5612601, 39.809591 ], [ 46.5607452, 39.8186233 ], [ 46.5456388, 39.822381 ], [ 46.5437507, 39.8242266 ], [ 46.5439223, 39.8281817 ], [ 46.5476988, 39.8318729 ], [ 46.5549086, 39.8497985 ], [ 46.54855709999999, 39.8536203 ], [ 46.5452955, 39.8595502 ], [ 46.5228079, 39.8707498 ], [ 46.5155981, 39.8806303 ], [ 46.5046977, 39.9003868 ], [ 46.5003203, 39.9051934 ], [ 46.4913081, 39.9050617 ], [ 46.4856433, 39.9067736 ], [ 46.4779185, 39.9101313 ], [ 46.4671039, 39.9185579 ], [ 46.4615249, 39.9244164 ], [ 46.4576395, 39.9355209 ], [ 46.4601674, 39.951243799999986 ], [ 46.4579529, 39.95338 ], [ 46.447589, 39.9520333 ], [ 46.4407693, 39.9695432 ], [ 46.4492684, 39.9811437 ] ], [ [ 46.7775197, 39.8300768 ], [ 46.776191, 39.8338933 ], [ 46.7780435, 39.8364073 ], [ 46.7759394, 39.8412723 ], [ 46.7767692, 39.8446154 ], [ 46.7749464, 39.8450539 ], [ 46.7756156, 39.850233 ], [ 46.7783903, 39.8536102 ], [ 46.777411, 39.8553787 ], [ 46.7791089, 39.8581591 ], [ 46.7772301, 39.862526 ], [ 46.7729403, 39.8622218 ], [ 46.7685098, 39.8590949 ], [ 46.7610131, 39.8493034 ], [ 46.7475354, 39.8416174 ], [ 46.7393386, 39.8325058 ], [ 46.7241513, 39.8298164 ], [ 46.72203789999999, 39.8261358 ], [ 46.7232036, 39.8224273 ], [ 46.7273008, 39.8223547 ], [ 46.7278373, 39.8201299 ], [ 46.7317211, 39.8166359 ], [ 46.7352567, 39.80896 ], [ 46.7303908, 39.805889 ], [ 46.7272861, 39.8060161 ], [ 46.7253209, 39.8043638 ], [ 46.7305522, 39.7993709 ], [ 46.7384547, 39.7967405 ], [ 46.7382023, 39.7953125 ], [ 46.745239, 39.7938002 ], [ 46.7525935, 39.7976269 ], [ 46.7574826, 39.797863 ], [ 46.7681122, 39.7925753 ], [ 46.7689293, 39.789641 ], [ 46.774766, 39.7912525 ], [ 46.7762887, 39.79584530000001 ], [ 46.7733894, 39.79804210000001 ], [ 46.7705528, 39.7978716 ], [ 46.7686822, 39.8028632 ], [ 46.7710104, 39.806773 ], [ 46.7701067, 39.8098131 ], [ 46.7736744, 39.8122808 ], [ 46.7734954, 39.818306 ], [ 46.777025, 39.8213919 ], [ 46.7813797, 39.8214182 ], [ 46.7768466, 39.8266024 ], [ 46.7775197, 39.8300768 ] ] ] ]
    }
  }, {
    "type" : "Feature",
    "properties" : {
      "osm_id" : "3764533",
      "admin_level" : "5",
      "country_code" : "AZ",
      "name" : "Abşeron rayonu",
      "population" : null,
      "wikidata" : "Q179538",
      "wikipedia" : "az:Abşeron rayonu",
      "name_props" : {
        "name:ar" : "مقاطعة آبشوران",
        "name:az" : "Abşeron rayonu",
        "name:de" : "Abşeron",
        "name:en" : "Absheron District",
        "name:es" : "Abşeron",
        "name:fa" : "شهرستان آب‌شوران",
        "name:fr" : "Abşeron",
        "name:ja" : "アブシェロン県",
        "name:pl" : "Rejon Apszeron",
        "name:ru" : "Апшеронский район",
        "name:uk" : "Апшеронський район",
        "name:ur" : "آب شیرون ضلع",
        "name:azb" : "آبشرون رایونو",
        "name:pnb" : "ضلع ابشیرون"
      },
      "parent_boundary_id" : "364110"
    },
    "geometry" : {
      "type" : "MultiPolygon",
      "coordinates" : [ [ [ [ 48.9445306, 40.2936837 ], [ 48.9713633, 40.3206776 ], [ 48.9825259, 40.3490406 ], [ 49.0188362, 40.3521696 ], [ 49.0302027, 40.3595509 ], [ 49.0287343, 40.3695503 ], [ 49.0644736, 40.3805398 ], [ 49.1184961, 40.4079629 ], [ 49.1437127, 40.4259929 ], [ 49.1404061, 40.4445849 ], [ 49.1686321, 40.454331 ], [ 49.1920928, 40.44949829999999 ], [ 49.2194382, 40.4675844 ], [ 49.2422094, 40.4623385 ], [ 49.2425723, 40.4789029 ], [ 49.2943349, 40.4788396 ], [ 49.3073605, 40.5142512 ], [ 49.3671141, 40.5215321 ], [ 49.39958149999999, 40.5285006 ], [ 49.431564, 40.5425689 ], [ 49.4392698, 40.594978 ], [ 49.4581083, 40.5948335 ], [ 49.463246, 40.600035 ], [ 49.4596405, 40.619567 ], [ 49.4612805, 40.6419512 ], [ 49.4991964, 40.6565604 ], [ 49.4990527, 40.6591316 ], [ 49.4912314, 40.6667817 ], [ 49.5020783, 40.6726896 ], [ 49.4957482, 40.680867 ], [ 49.5020722, 40.6835784 ], [ 49.5173272, 40.6650187 ], [ 49.5145884, 40.6638057 ], [ 49.5192899, 40.6565985 ], [ 49.5264292, 40.63058439999999 ], [ 49.5220089, 40.6138477 ], [ 49.5492011, 40.5767653 ], [ 49.5823393, 40.5812478 ], [ 49.5894225, 40.5729686 ], [ 49.6032787, 40.5650608 ], [ 49.5991286, 40.5458794 ], [ 49.61983, 40.543878099999986 ], [ 49.6231424, 40.5473054 ], [ 49.6281785, 40.5458214 ], [ 49.6324529, 40.5423189 ], [ 49.6331009, 40.5348568 ], [ 49.6443825, 40.5396721 ], [ 49.6498488, 40.53557150000001 ], [ 49.6549913, 40.535553 ], [ 49.6557024, 40.5358935 ], [ 49.6552966, 40.5376055 ], [ 49.6548498, 40.5415442 ], [ 49.6617691, 40.5477088 ], [ 49.6878035, 40.5502248 ], [ 49.6950374, 40.5491721 ], [ 49.6989579, 40.5499863 ], [ 49.7003715, 40.5523698 ], [ 49.7104359, 40.5527417 ], [ 49.7155153, 40.5541548 ], [ 49.7331346, 40.5603408 ], [ 49.7552454, 40.5584416 ], [ 49.7646399, 40.5550986 ], [ 49.780009, 40.5564032 ], [ 49.7929885, 40.5575146 ], [ 49.8072584, 40.5561916 ], [ 49.8076797, 40.5588463 ], [ 49.82776, 40.5553537 ], [ 49.8325148, 40.5520737 ], [ 49.8403449, 40.5507106 ], [ 49.8551076, 40.5505668 ], [ 49.8552918, 40.544412 ], [ 49.8639844, 40.5442456 ], [ 49.8688515, 40.532091 ], [ 49.8649247, 40.5279941 ], [ 49.865252, 40.5202987 ], [ 49.9277649, 40.5232886 ], [ 49.9347389, 40.5101368 ], [ 49.9302381, 40.5085135 ], [ 49.9311111, 40.5027969 ], [ 49.9254262, 40.5003394 ], [ 49.9253002, 40.4992121 ], [ 49.9086571, 40.4920665 ], [ 49.9064362, 40.4892678 ], [ 49.9016411, 40.4884163 ], [ 49.897975, 40.4984854 ], [ 49.8953014, 40.4984104 ], [ 49.893529, 40.4858027 ], [ 49.8988849, 40.4807107 ], [ 49.8878184, 40.4800139 ], [ 49.876993, 40.4797037 ], [ 49.8631695, 40.4852001 ], [ 49.8547601, 40.4800753 ], [ 49.851957, 40.4830342 ], [ 49.8367907, 40.4810885 ], [ 49.8318221, 40.4851583 ], [ 49.8259797, 40.4860107 ], [ 49.8178945, 40.4851294 ], [ 49.8072231, 40.4806983 ], [ 49.793673, 40.4811512 ], [ 49.7887869, 40.4796589 ], [ 49.7891913, 40.4740213 ], [ 49.7877934, 40.4716715 ], [ 49.791953, 40.4694083 ], [ 49.7947916, 40.4657061 ], [ 49.8005082, 40.4635636 ], [ 49.8007236, 40.4627919 ], [ 49.7963154, 40.4619338 ], [ 49.7896072, 40.4554766 ], [ 49.779345, 40.4507956 ], [ 49.7729963, 40.4436995 ], [ 49.7730075, 40.4412657 ], [ 49.785556, 40.4310492 ], [ 49.7747451, 40.435343 ], [ 49.7446992, 40.4418429 ], [ 49.7234505, 40.4430605 ], [ 49.7012847, 40.446738 ], [ 49.6416995, 40.4643079 ], [ 49.6084388, 40.4765938 ], [ 49.5956296, 40.4787538 ], [ 49.5671372, 40.4834398 ], [ 49.5610554, 40.4764391 ], [ 49.5099699, 40.4441708 ], [ 49.4743065, 40.4489387 ], [ 49.4420166, 40.4445375 ], [ 49.439125, 40.3656354 ], [ 49.4429805, 40.30906250000001 ], [ 49.4261126, 40.2785523 ], [ 49.4293888, 40.2673007 ], [ 49.4199407, 40.2277191 ], [ 49.416152, 40.21801 ], [ 49.3887162, 40.2032501 ], [ 49.3991241, 40.1814162 ], [ 49.3909311, 40.1512168 ], [ 49.3470747, 40.1261632 ], [ 49.3470747, 40.1011003 ], [ 49.3297249, 40.0520537 ], [ 49.2951484, 39.9913656 ], [ 49.2722963, 39.9978641 ], [ 49.2305488, 40.0475924 ], [ 49.1880417, 40.1117643 ], [ 49.1212729, 40.170901 ], [ 49.0086074, 40.1812243 ], [ 48.9564779, 40.2123263 ], [ 48.9511667, 40.2631823 ], [ 48.8922755, 40.2784554 ], [ 48.8654869, 40.3128556 ], [ 48.8740268, 40.3233392 ], [ 48.8865764, 40.3197248 ], [ 48.9445306, 40.2936837 ] ], [ [ 49.2493758, 40.2858958 ], [ 49.2212233, 40.2770431 ], [ 49.2187514, 40.2709137 ], [ 49.2203993, 40.26536 ], [ 49.2260298, 40.2557186 ], [ 49.2285018, 40.2476482 ], [ 49.2285704, 40.2423547 ], [ 49.231317, 40.239996 ], [ 49.2366728, 40.2398912 ], [ 49.2462172, 40.2425119 ], [ 49.2626967, 40.2523124 ], [ 49.2694258, 40.2652028 ], [ 49.275125, 40.2701802 ], [ 49.2996382, 40.2772003 ], [ 49.3014235, 40.27877190000001 ], [ 49.3011489, 40.2866815 ], [ 49.2989516, 40.2925476 ], [ 49.2927718, 40.29658029999999 ], [ 49.2846007, 40.2959519 ], [ 49.2602248, 40.2906621 ], [ 49.2493758, 40.2858958 ] ] ], [ [ [ 49.6535757, 40.4356027 ], [ 49.6634363, 40.4294622 ], [ 49.668868, 40.4281762 ], [ 49.6928777, 40.4281414 ], [ 49.6996254, 40.4261761 ], [ 49.7031798, 40.4276664 ], [ 49.705701, 40.4311934 ], [ 49.7100194, 40.429801 ], [ 49.7135129, 40.43206820000001 ], [ 49.7433128, 40.4405108 ], [ 49.7422236, 40.4286044 ], [ 49.7436434, 40.4285849 ], [ 49.7432918, 40.427384 ], [ 49.7484952, 40.4214974 ], [ 49.748735, 40.4146493 ], [ 49.7616598, 40.382584 ], [ 49.7445485, 40.3762249 ], [ 49.7507981, 40.3553129 ], [ 49.7330341, 40.3496085 ], [ 49.722208, 40.3508146 ], [ 49.7087627, 40.3695196 ], [ 49.6937026, 40.3771488 ], [ 49.6900301, 40.3754587 ], [ 49.6879058, 40.3704319 ], [ 49.6826101, 40.3649828 ], [ 49.6762028, 40.3618028 ], [ 49.6655404, 40.365815 ], [ 49.6568394, 40.3579833 ], [ 49.6491489, 40.34798880000001 ], [ 49.6437931, 40.3451629 ], [ 49.6361027, 40.3451629 ], [ 49.6265583, 40.3393536 ], [ 49.6174259, 40.3394583 ], [ 49.6144047, 40.3453722 ], [ 49.615366, 40.3506053 ], [ 49.6188679, 40.3601808 ], [ 49.6319828, 40.3783863 ], [ 49.6335256, 40.3838947 ], [ 49.6335256, 40.4149034 ], [ 49.6301611, 40.4214902 ], [ 49.6310537, 40.4278151 ], [ 49.6343496, 40.4358118 ], [ 49.63888149999999, 40.4395746 ], [ 49.6319464, 40.4430759 ], [ 49.6361098, 40.4456734 ], [ 49.6441686, 40.43915650000001 ], [ 49.6535757, 40.4356027 ] ] ] ]
    }
  }, {
    "type" : "Feature",
    "properties" : {
      "osm_id" : "17092684",
      "admin_level" : "5",
      "country_code" : "AZ",
      "name" : "Ağdərə rayonu",
      "population" : null,
      "wikidata" : "Q2025789",
      "wikipedia" : "az:Ağdərə rayonu",
      "name_props" : {
        "name:az" : "Ağdərə rayonu",
        "name:en" : "Agdere District",
        "name:ru" : "Агдеринский район",
        "name:uk" : "Аґдеринський район",
        "name:zh" : "阿格達拉區"
      },
      "parent_boundary_id" : "364110"
    },
    "geometry" : {
      "type" : "MultiPolygon",
      "coordinates" : [ [ [ [ 46.7431565, 40.0365809 ], [ 46.7549914, 40.0381211 ], [ 46.7639601, 40.0374394 ], [ 46.766063, 40.0354023 ], [ 46.7646413, 40.0330167 ], [ 46.7594274, 40.0321768 ], [ 46.7494499, 40.0341002 ], [ 46.7432797, 40.0357124 ], [ 46.7431565, 40.0365809 ] ] ], [ [ [ 46.4213382, 39.9798385 ], [ 46.4168867, 39.9850318 ], [ 46.4181298, 39.98897920000001 ], [ 46.4038655, 39.99769650000001 ], [ 46.3983909, 39.9976899 ], [ 46.3978088, 40.0003606 ], [ 46.403333, 40.0054448 ], [ 46.4024417, 40.0073946 ], [ 46.3954779, 40.0117177 ], [ 46.391713, 40.0175898 ], [ 46.3913095, 40.0324849 ], [ 46.3805866, 40.0395094 ], [ 46.3738488, 40.0374395 ], [ 46.3638496, 40.0412837 ], [ 46.3549232, 40.041875 ], [ 46.3523509, 40.0449875 ], [ 46.3545053, 40.0468896 ], [ 46.3551233, 40.049728 ], [ 46.350277, 40.0625609 ], [ 46.3627338, 40.08122379999999 ], [ 46.3679694, 40.0928467 ], [ 46.3700294, 40.09783680000001 ], [ 46.3704585, 40.1091286 ], [ 46.3664245, 40.11306719999999 ], [ 46.3465976, 40.1102446 ], [ 46.3420486, 40.1142487 ], [ 46.3296889, 40.1151677 ], [ 46.3219642, 40.1173994 ], [ 46.3174152, 40.1225189 ], [ 46.3163852, 40.1277036 ], [ 46.3179301, 40.1330848 ], [ 46.3229084, 40.1411558 ], [ 46.3279724, 40.1444692 ], [ 46.3316201, 40.1558025 ], [ 46.3167135, 40.1634084 ], [ 46.3135957, 40.1674291 ], [ 46.3081884, 40.1678718 ], [ 46.3012949, 40.1634816 ], [ 46.2965154, 40.1550317 ], [ 46.2968587, 40.1532933 ], [ 46.3067293, 40.1491274 ], [ 46.3069186, 40.144464 ], [ 46.2974918, 40.1460684 ], [ 46.2951636, 40.1449449 ], [ 46.2879216, 40.14597 ], [ 46.2879109, 40.1484795 ], [ 46.2865055, 40.14948 ], [ 46.2881661, 40.1522788 ], [ 46.2851335, 40.1539221 ], [ 46.2853692, 40.1568475 ], [ 46.2907219, 40.1615587 ], [ 46.2915372, 40.1657566 ], [ 46.2948203, 40.1681997 ], [ 46.2954425, 40.1736926 ], [ 46.3025236, 40.1857259 ], [ 46.3097497, 40.19246 ], [ 46.3157278, 40.2011368 ], [ 46.3179036, 40.2084034 ], [ 46.3188743, 40.2233859 ], [ 46.3115787, 40.2289889 ], [ 46.3100243, 40.2316497 ], [ 46.3089179, 40.2418641 ], [ 46.3134669, 40.2437641 ], [ 46.3149261, 40.2541802 ], [ 46.3269423, 40.2627608 ], [ 46.3350962, 40.2610251 ], [ 46.3436363, 40.2624333 ], [ 46.3478851, 40.2644308 ], [ 46.3561248, 40.2770374 ], [ 46.358571, 40.2788218 ], [ 46.37208, 40.2708044 ], [ 46.3815307, 40.2728136 ], [ 46.3836336, 40.2746309 ], [ 46.4134672, 40.2678107 ], [ 46.4321574, 40.2651119 ], [ 46.4456999, 40.2613279 ], [ 46.4516115, 40.2619747 ], [ 46.4575553, 40.26619920000001 ], [ 46.4621043, 40.2669523 ], [ 46.4661598, 40.2704888 ], [ 46.4682841, 40.2742871 ], [ 46.4732623, 40.2744344 ], [ 46.4759016, 40.2769064 ], [ 46.4891104, 40.2807576 ], [ 46.489023, 40.2875141 ], [ 46.4922689, 40.2907734 ], [ 46.5114113, 40.2969412 ], [ 46.5088047, 40.3033717 ], [ 46.5092284, 40.3114062 ], [ 46.5180174, 40.3332365 ], [ 46.5523497, 40.3391509 ], [ 46.5754897, 40.3372144 ], [ 46.5875059, 40.3378948 ], [ 46.5921065, 40.3413491 ], [ 46.6004836, 40.3448555 ], [ 46.6090666, 40.3553738 ], [ 46.6219755, 40.3665704 ], [ 46.6346785, 40.3670936 ], [ 46.6728276, 40.3742906 ], [ 46.6804892, 40.3705339 ], [ 46.6859104, 40.3743555 ], [ 46.6850715, 40.3795274 ], [ 46.69322, 40.3854648 ], [ 46.7099341, 40.3842475 ], [ 46.7227484, 40.4018613 ], [ 46.7591685, 40.4143374 ], [ 46.7667194, 40.4190199 ], [ 46.7725754, 40.4202921 ], [ 46.7821669, 40.4182175 ], [ 46.8076394, 40.4196105 ], [ 46.8099335, 40.4230124 ], [ 46.8152152, 40.4257372 ], [ 46.8221939, 40.4381328 ], [ 46.8379356, 40.438416 ], [ 46.8433739, 40.4311374 ], [ 46.8375623, 40.4256133 ], [ 46.8347571, 40.424573 ], [ 46.8351506, 40.420458 ], [ 46.8331085, 40.4142872 ], [ 46.8372298, 40.4121948 ], [ 46.8361479, 40.4102301 ], [ 46.8372305, 40.4042345 ], [ 46.836684, 40.3897778 ], [ 46.8463711, 40.3715787 ], [ 46.8531273, 40.3704657 ], [ 46.8604386, 40.3708181 ], [ 46.8637376, 40.3680947 ], [ 46.8776811, 40.3683278 ], [ 46.8846016, 40.3753652 ], [ 46.9107408, 40.3917447 ], [ 46.9139804, 40.3743328 ], [ 46.9065707, 40.3699836 ], [ 46.904735, 40.3668469 ], [ 46.9141915, 40.35955 ], [ 46.905003, 40.3523976 ], [ 46.9027588, 40.343137 ], [ 46.9204497, 40.3256329 ], [ 46.9218923, 40.316502 ], [ 46.943119, 40.3134799 ], [ 46.9451364, 40.3035507 ], [ 46.925221, 40.304478 ], [ 46.9255051, 40.2990271 ], [ 46.9556453, 40.2859255 ], [ 46.9603629, 40.2564205 ], [ 46.9683849, 40.2532373 ], [ 46.9737624, 40.2538526 ], [ 46.9771219, 40.2556724 ], [ 46.9971496, 40.2520667 ], [ 47.0065497, 40.2381296 ], [ 47.0131587, 40.2356398 ], [ 47.0143797, 40.23211770000001 ], [ 47.0003134, 40.2248186 ], [ 46.9956064, 40.2280387 ], [ 46.9921946, 40.2283664 ], [ 46.9810283, 40.2237602 ], [ 46.9764675, 40.2241151 ], [ 46.9749094, 40.2251029 ], [ 46.9733762, 40.2351483 ], [ 46.968956, 40.2395055 ], [ 46.9637906, 40.2428937 ], [ 46.9556066, 40.2425526 ], [ 46.9472231, 40.2443749 ], [ 46.9450939, 40.2431635 ], [ 46.9497943, 40.2380968 ], [ 46.950674, 40.2346569 ], [ 46.95241209999999, 40.2337723 ], [ 46.9559084, 40.2205171 ], [ 46.9588546, 40.2171636 ], [ 46.9595632, 40.2142142 ], [ 46.9591191, 40.209658 ], [ 46.9561392, 40.2057305 ], [ 46.9542789, 40.2066725 ], [ 46.9418335, 40.1978554 ], [ 46.938529, 40.1995599 ], [ 46.9365334, 40.19929770000001 ], [ 46.9337654, 40.1948068 ], [ 46.929903, 40.1934464 ], [ 46.9290446, 40.1905616 ], [ 46.9249248, 40.1899223 ], [ 46.9214915, 40.1872012 ], [ 46.9113635, 40.191332 ], [ 46.899948, 40.1848407 ], [ 46.8905067, 40.1830702 ], [ 46.8895093, 40.1978738 ], [ 46.8746624, 40.1960012 ], [ 46.8600863, 40.1898641 ], [ 46.851269, 40.1901483 ], [ 46.8416333, 40.1801706 ], [ 46.8355749, 40.1763815 ], [ 46.8167781, 40.1681178 ], [ 46.8155765, 40.1652975 ], [ 46.8324248, 40.1502734 ], [ 46.8266485, 40.1435835 ], [ 46.8264073, 40.1365153 ], [ 46.8287085, 40.1316412 ], [ 46.8314797, 40.1297414 ], [ 46.8197821, 40.1259973 ], [ 46.8136023, 40.1283599 ], [ 46.8075941, 40.1277037 ], [ 46.8069075, 40.135316 ], [ 46.8036888, 40.1389742 ], [ 46.7900846, 40.1347418 ], [ 46.7844306, 40.1284338 ], [ 46.7848919, 40.1182199 ], [ 46.8147807, 40.1171897 ], [ 46.8142288, 40.1153347 ], [ 46.8185534, 40.113953 ], [ 46.8218135, 40.1092706 ], [ 46.8173749, 40.1030589 ], [ 46.8245226, 40.1030382 ], [ 46.8296165, 40.101318 ], [ 46.8309785, 40.0963493 ], [ 46.8281086, 40.0904867 ], [ 46.8120702, 40.0812659 ], [ 46.806255, 40.0825707 ], [ 46.7937163, 40.0798872 ], [ 46.7816733, 40.0732114 ], [ 46.7772101, 40.0680882 ], [ 46.7535208, 40.060337 ], [ 46.7476843, 40.0563954 ], [ 46.7418259, 40.0575766 ], [ 46.736226, 40.063293 ], [ 46.7303896, 40.0650994 ], [ 46.7262391, 40.0648814 ], [ 46.7215061, 40.0614208 ], [ 46.7252826, 40.0492012 ], [ 46.7234158, 40.044339 ], [ 46.7081886, 40.042912 ], [ 46.6849529, 40.0375791 ], [ 46.6846794, 40.0338702 ], [ 46.6741168, 40.0326051 ], [ 46.6689134, 40.0295245 ], [ 46.6602364, 40.0291096 ], [ 46.6531696, 40.025954699999986 ], [ 46.6467798, 40.0251826 ], [ 46.6466993, 40.0235888 ], [ 46.6434822, 40.0206462 ], [ 46.6376709, 40.0189589 ], [ 46.6238223, 40.0070048 ], [ 46.6179225, 40.0000107 ], [ 46.6022567, 39.9919281 ], [ 46.5870836, 39.992102 ], [ 46.580071, 39.9935253 ], [ 46.5786036, 40.0076085 ], [ 46.5682096, 40.0101426 ], [ 46.5570544, 39.998164 ], [ 46.5440076, 39.9954047 ], [ 46.537485, 39.996849 ], [ 46.5132164, 39.9875607 ], [ 46.5075301, 39.978041 ], [ 46.4943219, 39.97196910000001 ], [ 46.4751496, 39.9682178 ], [ 46.4619105, 39.9756342 ], [ 46.4586756, 39.9803664 ], [ 46.4492684, 39.9811437 ], [ 46.4414498, 39.9853245 ], [ 46.4213382, 39.9798385 ] ], [ [ 46.3518333, 40.2020183 ], [ 46.3507604, 40.2059187 ], [ 46.3516187, 40.2077869 ], [ 46.3560819, 40.2104088 ], [ 46.3611459, 40.2100155 ], [ 46.3612747, 40.2110971 ], [ 46.3485288, 40.2147348 ], [ 46.3445806, 40.2108021 ], [ 46.3489151, 40.2092781 ], [ 46.3486146, 40.2085407 ], [ 46.3384866, 40.2065087 ], [ 46.3336801, 40.2099172 ], [ 46.3287019, 40.2104088 ], [ 46.3278436, 40.206607 ], [ 46.3312339, 40.2000844 ], [ 46.3377571, 40.1972981 ], [ 46.3389587, 40.1943151 ], [ 46.3419199, 40.19365950000001 ], [ 46.3429069, 40.1920532 ], [ 46.3401711, 40.181898 ], [ 46.3437116, 40.1756845 ], [ 46.3474345, 40.1832505 ], [ 46.3518333, 40.1836439 ], [ 46.357069, 40.1868078 ], [ 46.3612318, 40.1874635 ], [ 46.3654804, 40.1895289 ], [ 46.367712, 40.1924465 ], [ 46.3654804, 40.1953313 ], [ 46.3561463, 40.1987568 ], [ 46.3518333, 40.2020183 ] ] ] ]
    }
  }, {
    "type" : "Feature",
    "properties" : {
      "osm_id" : "2379535",
      "admin_level" : "5",
      "country_code" : "AZ",
      "name" : "Şahbuz rayonu",
      "population" : null,
      "wikidata" : "Q388081",
      "wikipedia" : "az:Şahbuz rayonu",
      "name_props" : {
        "name:az" : "Şahbuz rayonu",
        "name:cs" : "Šahbuzský rajón",
        "name:de" : "Şahbuz",
        "name:en" : "Shahbuz Rayon",
        "name:es" : "Shahbuz",
        "name:fa" : "شهرستان شاهبوز",
        "name:fr" : "Shakhbuz",
        "name:ja" : "シャフブズ地区",
        "name:ru" : "Шахбузский район",
        "name:uk" : "Шагбузький район"
      },
      "parent_boundary_id" : "364110"
    },
    "geometry" : {
      "type" : "MultiPolygon",
      "coordinates" : [ [ [ [ 45.5882195, 39.2745226 ], [ 45.5524616, 39.2731425 ], [ 45.5512833, 39.2862652 ], [ 45.57394, 39.3109856 ], [ 45.5636875, 39.3197026 ], [ 45.5135603, 39.3254736 ], [ 45.4858489, 39.3486319 ], [ 45.4808626, 39.35833740000001 ], [ 45.4215712, 39.3807988 ], [ 45.416335, 39.4046606 ], [ 45.4059079, 39.4181329 ], [ 45.393934, 39.426819 ], [ 45.3948772, 39.442972 ], [ 45.4109423, 39.4642001 ], [ 45.4190861, 39.4660853 ], [ 45.4332469, 39.4601925 ], [ 45.4408711, 39.4608187 ], [ 45.4640403, 39.4872303 ], [ 45.4680263, 39.4887352 ], [ 45.470463, 39.4933387 ], [ 45.4717939, 39.4907685 ], [ 45.4734456, 39.4904551 ], [ 45.4795788, 39.49777119999999 ], [ 45.4816972, 39.5027995 ], [ 45.4918485, 39.5114724 ], [ 45.498788, 39.513552 ], [ 45.5028677, 39.5166939 ], [ 45.5121223, 39.5181755 ], [ 45.5160509, 39.5208521 ], [ 45.5169112, 39.5245461 ], [ 45.5188611, 39.5260281 ], [ 45.5240802, 39.5259175 ], [ 45.5283815, 39.5277533 ], [ 45.5299904, 39.5322779 ], [ 45.533919, 39.5369886 ], [ 45.5354356, 39.5434929 ], [ 45.5375934, 39.54494719999999 ], [ 45.5465355, 39.5472613 ], [ 45.5507126, 39.5465108 ], [ 45.5566921, 39.5430283 ], [ 45.5618495, 39.5450664 ], [ 45.5725296, 39.5634535 ], [ 45.577867, 39.5678881 ], [ 45.590717, 39.5701857 ], [ 45.5955792, 39.5686639 ], [ 45.6006956, 39.5692916 ], [ 45.60443, 39.5683925 ], [ 45.6128378, 39.5618219 ], [ 45.6147957, 39.5631845 ], [ 45.6233051, 39.5632537 ], [ 45.6247094, 39.5681368 ], [ 45.6348866, 39.5689439 ], [ 45.6459652, 39.5745109 ], [ 45.6557072, 39.58229 ], [ 45.6747671, 39.585388 ], [ 45.6784162, 39.5916054 ], [ 45.6859734, 39.5957251 ], [ 45.6892782, 39.6004092 ], [ 45.6943344, 39.6035783 ], [ 45.7125466, 39.600674 ], [ 45.719183, 39.6025224 ], [ 45.7223091, 39.6014336 ], [ 45.7256868, 39.6024782 ], [ 45.7288192, 39.60073220000001 ], [ 45.7346386, 39.5919143 ], [ 45.7482447, 39.5943414 ], [ 45.7503374, 39.5935595 ], [ 45.7559178, 39.5869867 ], [ 45.7619288, 39.5855863 ], [ 45.7771203, 39.5855902 ], [ 45.78104110000001, 39.5844948 ], [ 45.7795884, 39.5773694 ], [ 45.7851848, 39.5702329 ], [ 45.7889421, 39.5691575 ], [ 45.7919543, 39.5706484 ], [ 45.7989119, 39.5712899 ], [ 45.805556, 39.5627489 ], [ 45.8046521, 39.5579771 ], [ 45.8062518, 39.5518218 ], [ 45.8155112, 39.538447 ], [ 45.8174355, 39.5333333 ], [ 45.8167467, 39.527918 ], [ 45.8204516, 39.5269317 ], [ 45.8206811, 39.5216713 ], [ 45.8186483, 39.5152218 ], [ 45.8255094, 39.5049857 ], [ 45.818645, 39.4938142 ], [ 45.8144948, 39.4908673 ], [ 45.8136424, 39.4844908 ], [ 45.8209599, 39.47968249999999 ], [ 45.8250997, 39.475038 ], [ 45.8308956, 39.4729979 ], [ 45.8378829, 39.46835429999999 ], [ 45.8410822, 39.4610459 ], [ 45.8397938, 39.4581551 ], [ 45.834147, 39.45580949999999 ], [ 45.832301, 39.4533567 ], [ 45.8288486, 39.452533 ], [ 45.8237835, 39.44128160000001 ], [ 45.8182543, 39.4378062 ], [ 45.8157094, 39.4296046 ], [ 45.8111054, 39.4285737 ], [ 45.8045811, 39.429265 ], [ 45.8040036, 39.427949 ], [ 45.8022391, 39.4169909 ], [ 45.7979401, 39.4124463 ], [ 45.7985591, 39.4061576 ], [ 45.7951733, 39.3947235 ], [ 45.7945903, 39.386439 ], [ 45.7903365, 39.3848657 ], [ 45.7888876, 39.3807665 ], [ 45.7927218, 39.3691193 ], [ 45.8026221, 39.3652259 ], [ 45.76936580000001, 39.3351103 ], [ 45.7435931, 39.3235785 ], [ 45.7337634, 39.2996305 ], [ 45.7243385, 39.2994097 ], [ 45.7177122, 39.3205317 ], [ 45.6947735, 39.3323961 ], [ 45.6874589, 39.33034869999999 ], [ 45.6797868, 39.3127457 ], [ 45.6364333, 39.2966587 ], [ 45.599771, 39.2889153 ], [ 45.5882195, 39.2745226 ] ] ] ]
    }
  }, {
    "type" : "Feature",
    "properties" : {
      "osm_id" : "3764540",
      "admin_level" : "5",
      "country_code" : "AZ",
      "name" : "Ağsu rayonu",
      "population" : null,
      "wikidata" : "Q330800",
      "wikipedia" : "de:Ağsu (Rayon)",
      "name_props" : {
        "name:az" : "Ağsu rayonu",
        "name:de" : "Ağsu region",
        "name:en" : "Agsu District",
        "name:es" : "Ağsu",
        "name:fr" : "Ağsu",
        "name:ja" : "アグス県",
        "name:ru" : "Ахсуинский район",
        "name:uk" : "Аґсуський район"
      },
      "parent_boundary_id" : "364110"
    },
    "geometry" : {
      "type" : "MultiPolygon",
      "coordinates" : [ [ [ [ 48.0876926, 40.5377888 ], [ 48.1184761, 40.5400669 ], [ 48.1355607, 40.5380122 ], [ 48.1474695, 40.5453244 ], [ 48.1612273, 40.5469649 ], [ 48.1687276, 40.5531943 ], [ 48.192481, 40.5537236 ], [ 48.1932059, 40.563535 ], [ 48.2001161, 40.57806079999999 ], [ 48.194655, 40.5849445 ], [ 48.1906827, 40.6100842 ], [ 48.1928224, 40.6118475 ], [ 48.196636, 40.6133319 ], [ 48.2050593, 40.6136232 ], [ 48.2208534, 40.6181366 ], [ 48.261406, 40.6128579 ], [ 48.2642282, 40.613799 ], [ 48.2660378, 40.6153913 ], [ 48.2593345, 40.63312229999999 ], [ 48.276233, 40.6493441 ], [ 48.3104165, 40.6567336 ], [ 48.3613147, 40.6772987 ], [ 48.3694488, 40.7001897 ], [ 48.4034471, 40.7116227 ], [ 48.4344217, 40.7094268 ], [ 48.442927, 40.7240835 ], [ 48.4636729, 40.749817 ], [ 48.4779079, 40.7513732 ], [ 48.4987534, 40.7693131 ], [ 48.50074140000001, 40.8048243 ], [ 48.5095936, 40.8077049 ], [ 48.5205126, 40.7802344 ], [ 48.5134149, 40.7702958 ], [ 48.5333729, 40.7599549 ], [ 48.5272086, 40.748791 ], [ 48.5419737, 40.7370219 ], [ 48.5269407, 40.7135771 ], [ 48.54595719999999, 40.7047453 ], [ 48.5534012, 40.7031166 ], [ 48.5535016, 40.6982343 ], [ 48.5395097, 40.6787139 ], [ 48.5184299, 40.6782724 ], [ 48.5052442, 40.6675962 ], [ 48.4752644, 40.6626946 ], [ 48.4641641, 40.6499064 ], [ 48.4577046, 40.6337441 ], [ 48.4377507, 40.637301 ], [ 48.4243494, 40.627209 ], [ 48.4465539, 40.6051455 ], [ 48.4266953, 40.5736294 ], [ 48.4451162, 40.5612429 ], [ 48.4547584, 40.579045 ], [ 48.4945323, 40.5710092 ], [ 48.5174276, 40.5553572 ], [ 48.5409434, 40.5476038 ], [ 48.5569386, 40.5535103 ], [ 48.5787674, 40.5476084 ], [ 48.6176939, 40.5334719 ], [ 48.6434117, 40.5001408 ], [ 48.6124893, 40.4814 ], [ 48.5442924, 40.4276429 ], [ 48.5475615, 40.418218 ], [ 48.5322525, 40.4026511 ], [ 48.5487853, 40.3746326 ], [ 48.5114741, 40.3493597 ], [ 48.4548645, 40.3072053 ], [ 48.4428526, 40.3116795 ], [ 48.4149807, 40.3440632 ], [ 48.3856475, 40.3727598 ], [ 48.3615368, 40.37521670000001 ], [ 48.3568385, 40.4472321 ], [ 48.3504438, 40.4487433 ], [ 48.3406033, 40.4484578 ], [ 48.3352874, 40.4538556 ], [ 48.3152918, 40.4473275 ], [ 48.2837728, 40.4485704 ], [ 48.2764907, 40.4647536 ], [ 48.253, 40.4668895 ], [ 48.204419, 40.4107594 ], [ 48.1955548, 40.4153892 ], [ 48.1842575, 40.4256654 ], [ 48.1772069, 40.4373593 ], [ 48.1913958, 40.462146 ], [ 48.1662705, 40.4686249 ], [ 48.1464498, 40.4569099 ], [ 48.1373317, 40.4390252 ], [ 48.125987, 40.4399524 ], [ 48.1201773, 40.4508479 ], [ 48.1001494, 40.456678 ], [ 48.0986691, 40.4764824 ], [ 48.1057116, 40.4965683 ], [ 48.103387, 40.5236118 ], [ 48.100353, 40.5280271 ], [ 48.0806866, 40.5277077 ], [ 48.0876926, 40.5377888 ] ] ], [ [ [ 48.4796285, 40.5887978 ], [ 48.473586, 40.5850433 ], [ 48.4690541, 40.5843132 ], [ 48.4614324, 40.5871291 ], [ 48.4539479, 40.5938034 ], [ 48.4586171, 40.5979223 ], [ 48.4538106, 40.6012589 ], [ 48.4533986, 40.6036049 ], [ 48.4553899, 40.607619 ], [ 48.4726934, 40.6058466 ], [ 48.4891042, 40.6078796 ], [ 48.4945973, 40.6065243 ], [ 48.4964513, 40.6028751 ], [ 48.4953526, 40.6005291 ], [ 48.4988545, 40.5970881 ], [ 48.5127934, 40.5916135 ], [ 48.5150594, 40.588537 ], [ 48.5141667, 40.5819666 ], [ 48.5029744, 40.5767515 ], [ 48.4890355, 40.5868684 ], [ 48.4796285, 40.5887978 ] ] ] ]
    }
  }, {
    "type" : "Feature",
    "properties" : {
      "osm_id" : "3764541",
      "admin_level" : "5",
      "country_code" : "AZ",
      "name" : "Bakı İnzibati Ərazisi",
      "population" : null,
      "wikidata" : "Q9248",
      "wikipedia" : "az:Bakı",
      "name_props" : {
        "name:ar" : "باكو",
        "name:az" : "Bakı İnzibati Ərazisi",
        "name:de" : "Baku",
        "name:en" : "Baku City",
        "name:es" : "Bakú",
        "name:fa" : "باکو",
        "name:fr" : "Bakou",
        "name:ja" : "バクー",
        "name:ru" : "Бакинская Администрация",
        "name:tr" : "Bakü",
        "name:uk" : "Баку",
        "name:ur" : "باکو",
        "name:zh" : "巴库"
      },
      "parent_boundary_id" : "364110"
    },
    "geometry" : {
      "type" : "MultiPolygon",
      "coordinates" : [ [ [ [ 49.3470747, 40.1011003 ], [ 49.3470747, 40.1261632 ], [ 49.3909311, 40.1512168 ], [ 49.3991241, 40.1814162 ], [ 49.3887162, 40.2032501 ], [ 49.416152, 40.21801 ], [ 49.4199407, 40.2277191 ], [ 49.4293888, 40.2673007 ], [ 49.4261126, 40.2785523 ], [ 49.4429805, 40.30906250000001 ], [ 49.439125, 40.3656354 ], [ 49.4420166, 40.4445375 ], [ 49.4743065, 40.4489387 ], [ 49.5099699, 40.4441708 ], [ 49.5610554, 40.4764391 ], [ 49.5671372, 40.4834398 ], [ 49.5956296, 40.4787538 ], [ 49.6084388, 40.4765938 ], [ 49.6416995, 40.4643079 ], [ 49.7012847, 40.446738 ], [ 49.7234505, 40.4430605 ], [ 49.7446992, 40.4418429 ], [ 49.7747451, 40.435343 ], [ 49.785556, 40.4310492 ], [ 49.7730075, 40.4412657 ], [ 49.7729963, 40.4436995 ], [ 49.779345, 40.4507956 ], [ 49.7896072, 40.4554766 ], [ 49.7963154, 40.4619338 ], [ 49.8007236, 40.4627919 ], [ 49.8005082, 40.4635636 ], [ 49.7947916, 40.4657061 ], [ 49.791953, 40.4694083 ], [ 49.7877934, 40.4716715 ], [ 49.7891913, 40.4740213 ], [ 49.7887869, 40.4796589 ], [ 49.793673, 40.4811512 ], [ 49.8072231, 40.4806983 ], [ 49.8178945, 40.4851294 ], [ 49.8259797, 40.4860107 ], [ 49.8318221, 40.4851583 ], [ 49.8367907, 40.4810885 ], [ 49.851957, 40.4830342 ], [ 49.8547601, 40.4800753 ], [ 49.8631695, 40.4852001 ], [ 49.876993, 40.4797037 ], [ 49.8878184, 40.4800139 ], [ 49.8988849, 40.4807107 ], [ 49.893529, 40.4858027 ], [ 49.8953014, 40.4984104 ], [ 49.897975, 40.4984854 ], [ 49.9016411, 40.4884163 ], [ 49.9064362, 40.4892678 ], [ 49.9086571, 40.4920665 ], [ 49.9253002, 40.4992121 ], [ 49.9254262, 40.5003394 ], [ 49.9311111, 40.5027969 ], [ 49.9302381, 40.5085135 ], [ 49.9347389, 40.5101368 ], [ 49.9277649, 40.5232886 ], [ 49.865252, 40.5202987 ], [ 49.8649247, 40.5279941 ], [ 49.8688515, 40.532091 ], [ 49.8639844, 40.5442456 ], [ 49.8552918, 40.544412 ], [ 49.8551076, 40.5505668 ], [ 49.8403449, 40.5507106 ], [ 49.8325148, 40.5520737 ], [ 49.82776, 40.5553537 ], [ 49.8076797, 40.5588463 ], [ 49.8072584, 40.5561916 ], [ 49.7929885, 40.5575146 ], [ 49.780009, 40.5564032 ], [ 49.7773241, 40.565927 ], [ 49.7713495, 40.57727459999999 ], [ 49.8635628, 40.7766632 ], [ 49.8965445, 40.7845903 ], [ 49.9277059, 40.7893167 ], [ 49.9765106, 40.7936328 ], [ 50.0166169, 40.7930643 ], [ 50.0421314, 40.7959348 ], [ 50.0650846, 40.79689 ], [ 50.0880599, 40.7963167 ], [ 50.1136829, 40.7938669 ], [ 50.1389233, 40.7894799 ], [ 50.1602863, 40.7841695 ], [ 50.1866921, 40.7754305 ], [ 50.2081316, 40.7662846 ], [ 50.23801189999999, 40.7497918 ], [ 50.2652006, 40.7534112 ], [ 50.2938499, 40.7548435 ], [ 50.3225337, 40.7538883 ], [ 50.3509079, 40.7505571 ], [ 50.3867152, 40.7427724 ], [ 50.4157246, 40.7331658 ], [ 50.445327, 40.7197877 ], [ 50.4723679, 40.7035778 ], [ 50.5029973, 40.6791923 ], [ 50.5235752, 40.6582006 ], [ 50.537844, 40.6392639 ], [ 50.5693047, 40.5878308 ], [ 50.5957021, 40.5776767 ], [ 50.6174165, 40.5669531 ], [ 50.6397097, 40.553255 ], [ 50.6565758, 40.5405684 ], [ 50.6923752, 40.5316959 ], [ 50.7282621, 40.51814670000001 ], [ 50.7631269, 40.4992518 ], [ 50.7904609, 40.478885 ], [ 50.8814603, 40.4599033 ], [ 50.9574982, 40.4363224 ], [ 50.9847425, 40.4311949 ], [ 51.0063021, 40.4253828 ], [ 51.0421326, 40.4118334 ], [ 51.076943, 40.3929381 ], [ 51.0997887, 40.3763202 ], [ 51.1179892, 40.3596845 ], [ 51.1404313, 40.3339032 ], [ 51.1535379, 40.3145091 ], [ 51.165502, 40.2899664 ], [ 51.1726842, 40.2667371 ], [ 51.1761928, 40.2427251 ], [ 51.1761128, 40.2208464 ], [ 51.1707562, 40.1901724 ], [ 51.1650382, 40.1732603 ], [ 51.1574237, 40.1567943 ], [ 51.1298806, 40.1146833 ], [ 51.1019887, 40.0838181 ], [ 51.0750552, 40.06133470000001 ], [ 51.0414233, 40.0408526 ], [ 51.0222482, 40.0313721 ], [ 51.0045543, 40.0242306 ], [ 50.9674993, 40.0131861 ], [ 50.9286991, 40.0065914 ], [ 50.8918902, 40.004575 ], [ 50.8543179, 40.0066289 ], [ 50.8213026, 40.0119691 ], [ 50.7891492, 40.0206362 ], [ 50.7636588, 40.0302687 ], [ 50.73593, 40.0428819 ], [ 50.7150171, 40.054516 ], [ 50.6918709, 40.0648143 ], [ 50.6706995, 40.0766029 ], [ 50.6364465, 40.0658888 ], [ 50.6034127, 40.0594033 ], [ 50.5695636, 40.0562765 ], [ 50.5356298, 40.0565536 ], [ 50.5093079, 40.0419097 ], [ 50.480124, 40.0296433 ], [ 50.4509099, 40.0207672 ], [ 50.4215635, 40.0147755 ], [ 50.3891283, 40.0112878 ], [ 50.3550608, 40.0110028 ], [ 50.3239944, 40.0137324 ], [ 50.2936436, 40.0193051 ], [ 50.2565853, 40.0303495 ], [ 50.2234598, 40.0448767 ], [ 50.1931061, 40.0631209 ], [ 50.1672164, 40.0838156 ], [ 50.1291252, 40.069224 ], [ 50.1022047, 40.0622245 ], [ 50.077295, 40.057871100000014 ], [ 50.0461752, 40.0551205 ], [ 50.0161173, 40.0550522 ], [ 49.9878691, 40.0574225 ], [ 49.9601212, 40.0621351 ], [ 49.9332008, 40.0691346 ], [ 49.9124742, 40.07632610000001 ], [ 49.8861073, 40.0877455 ], [ 49.896205, 40.0715283 ], [ 49.9041567, 40.0551595 ], [ 49.9102182, 40.0383201 ], [ 49.9143446, 40.0211385 ], [ 49.9165061, 40.00374569999999 ], [ 49.9166876, 39.98627409999999 ], [ 49.9118994, 39.9543015 ], [ 49.9076492, 39.9394991 ], [ 49.9001682, 39.9210274 ], [ 49.8907428, 39.9036603 ], [ 49.8807496, 39.8889817 ], [ 49.8675345, 39.8728182 ], [ 49.8545933, 39.8596716 ], [ 49.8262858, 39.8371093 ], [ 49.8369424, 39.8147288 ], [ 49.843608, 39.7934467 ], [ 49.8672952, 39.7812583 ], [ 49.8846955, 39.7704162 ], [ 49.9030804, 39.7566709 ], [ 49.9177811, 39.7433843 ], [ 49.9309202, 39.7291577 ], [ 49.9423982, 39.7140998 ], [ 49.9521285, 39.6983258 ], [ 49.9617236, 39.67778529999999 ], [ 49.9672756, 39.6608472 ], [ 49.971452, 39.6395927 ], [ 49.9726841, 39.6203735 ], [ 49.9718582, 39.60289190000001 ], [ 49.968655, 39.5835355 ], [ 49.9633769, 39.5658806 ], [ 49.9565021, 39.5492409 ], [ 49.9465596, 39.5311636 ], [ 49.3214178, 39.6352634 ], [ 49.3212076, 39.6671485 ], [ 49.3353686, 39.7162338 ], [ 49.342813, 39.84191340000001 ], [ 49.344687, 39.8662278 ], [ 49.3158624, 39.9350654 ], [ 49.2907509, 39.949391 ], [ 49.2885701, 39.9776392 ], [ 49.2951484, 39.9913656 ], [ 49.3297249, 40.0520537 ], [ 49.3470747, 40.1011003 ] ], [ [ 49.6319464, 40.4430759 ], [ 49.63888149999999, 40.4395746 ], [ 49.6343496, 40.4358118 ], [ 49.6310537, 40.4278151 ], [ 49.6301611, 40.4214902 ], [ 49.6335256, 40.4149034 ], [ 49.6335256, 40.3838947 ], [ 49.6319828, 40.3783863 ], [ 49.6188679, 40.3601808 ], [ 49.615366, 40.3506053 ], [ 49.6144047, 40.3453722 ], [ 49.6174259, 40.3394583 ], [ 49.6265583, 40.3393536 ], [ 49.6361027, 40.3451629 ], [ 49.6437931, 40.3451629 ], [ 49.6491489, 40.34798880000001 ], [ 49.6568394, 40.3579833 ], [ 49.6655404, 40.365815 ], [ 49.6762028, 40.3618028 ], [ 49.6826101, 40.3649828 ], [ 49.6879058, 40.3704319 ], [ 49.6900301, 40.3754587 ], [ 49.6937026, 40.3771488 ], [ 49.7087627, 40.3695196 ], [ 49.722208, 40.3508146 ], [ 49.7330341, 40.3496085 ], [ 49.7507981, 40.3553129 ], [ 49.7445485, 40.3762249 ], [ 49.7616598, 40.382584 ], [ 49.748735, 40.4146493 ], [ 49.7484952, 40.4214974 ], [ 49.7432918, 40.427384 ], [ 49.7436434, 40.4285849 ], [ 49.7422236, 40.4286044 ], [ 49.7433128, 40.4405108 ], [ 49.7135129, 40.43206820000001 ], [ 49.7100194, 40.429801 ], [ 49.705701, 40.4311934 ], [ 49.7031798, 40.4276664 ], [ 49.6996254, 40.4261761 ], [ 49.6928777, 40.4281414 ], [ 49.668868, 40.4281762 ], [ 49.6634363, 40.4294622 ], [ 49.6535757, 40.4356027 ], [ 49.6441686, 40.43915650000001 ], [ 49.6361098, 40.4456734 ], [ 49.6319464, 40.4430759 ] ] ], [ [ [ 49.2927718, 40.29658029999999 ], [ 49.2989516, 40.2925476 ], [ 49.3011489, 40.2866815 ], [ 49.3014235, 40.27877190000001 ], [ 49.2996382, 40.2772003 ], [ 49.275125, 40.2701802 ], [ 49.2694258, 40.2652028 ], [ 49.2626967, 40.2523124 ], [ 49.2462172, 40.2425119 ], [ 49.2366728, 40.2398912 ], [ 49.231317, 40.239996 ], [ 49.2285704, 40.2423547 ], [ 49.2285018, 40.2476482 ], [ 49.2260298, 40.2557186 ], [ 49.2203993, 40.26536 ], [ 49.2187514, 40.2709137 ], [ 49.2212233, 40.2770431 ], [ 49.2493758, 40.2858958 ], [ 49.2602248, 40.2906621 ], [ 49.2846007, 40.2959519 ], [ 49.2927718, 40.29658029999999 ] ] ] ]
    }
  }, {
    "type" : "Feature",
    "properties" : {
      "osm_id" : "3764542",
      "admin_level" : "5",
      "country_code" : "AZ",
      "name" : "Balakən rayonu",
      "population" : null,
      "wikidata" : "Q330850",
      "wikipedia" : "de:Balakən (Rayon)",
      "name_props" : {
        "name:az" : "Balakən rayonu",
        "name:de" : "Balakan",
        "name:en" : "Balakan District",
        "name:es" : "Balakan",
        "name:fr" : "Balakan",
        "name:ja" : "バラキャン県",
        "name:ru" : "Белоканский район",
        "name:uk" : "Балакенський район"
      },
      "parent_boundary_id" : "364110"
    },
    "geometry" : {
      "type" : "MultiPolygon",
      "coordinates" : [ [ [ [ 46.3446122, 41.570091 ], [ 46.3427443, 41.5731861 ], [ 46.338232, 41.5718607 ], [ 46.3359546, 41.5725634 ], [ 46.3348357, 41.5755641 ], [ 46.3375789, 41.577158 ], [ 46.3409566, 41.5762415 ], [ 46.338036, 41.5816487 ], [ 46.3412244, 41.5836893 ], [ 46.3377395, 41.5868131 ], [ 46.3385116, 41.5895119 ], [ 46.341483, 41.5909634 ], [ 46.3410187, 41.591856 ], [ 46.3305688, 41.5991334 ], [ 46.3275969, 41.5974646 ], [ 46.3265776, 41.5950335 ], [ 46.3250541, 41.5952983 ], [ 46.321578, 41.6006498 ], [ 46.3244421, 41.6065237 ], [ 46.3224641, 41.6087189 ], [ 46.3189125, 41.6083313 ], [ 46.3145407, 41.6111732 ], [ 46.3113593, 41.6075398 ], [ 46.3068374, 41.6099828 ], [ 46.3035454, 41.6096882 ], [ 46.3033427, 41.6085884 ], [ 46.3069224, 41.6068913 ], [ 46.3069224, 41.6046771 ], [ 46.3030556, 41.6057328 ], [ 46.3004575, 41.6051762 ], [ 46.3030974, 41.5974466 ], [ 46.2984283, 41.5964424 ], [ 46.2952548, 41.5993816 ], [ 46.2907005, 41.5988999 ], [ 46.2886144, 41.6014076 ], [ 46.2807636, 41.5995479 ], [ 46.2666528, 41.6071267 ], [ 46.2665838, 41.608731 ], [ 46.2684492, 41.6094761 ], [ 46.2764022, 41.606214 ], [ 46.278074, 41.6082908 ], [ 46.2736364, 41.6088357 ], [ 46.2719531, 41.6117807 ], [ 46.2785577, 41.6112748 ], [ 46.279829, 41.6120367 ], [ 46.2775787, 41.6173835 ], [ 46.2776765, 41.6210177 ], [ 46.2741727, 41.6236416 ], [ 46.2721817, 41.6277956 ], [ 46.2678871, 41.6300283 ], [ 46.2652231, 41.6351961 ], [ 46.2627055, 41.6343283 ], [ 46.2649266, 41.6312573 ], [ 46.2619779, 41.6253994 ], [ 46.2636889, 41.6242075 ], [ 46.2668687, 41.6259093 ], [ 46.2683341, 41.6253235 ], [ 46.2664387, 41.6207714 ], [ 46.2593268, 41.6214291 ], [ 46.2536784, 41.6235278 ], [ 46.2506445, 41.6190713 ], [ 46.2526346, 41.6138347 ], [ 46.2561405, 41.6113587 ], [ 46.2561749, 41.6098365 ], [ 46.2521223, 41.6089391 ], [ 46.2468407, 41.6141776 ], [ 46.2429645, 41.6136622 ], [ 46.243134, 41.6123169 ], [ 46.2479448, 41.6107736 ], [ 46.2488876, 41.6075129 ], [ 46.2469928, 41.6041074 ], [ 46.2505281, 41.6014387 ], [ 46.2480349, 41.597946 ], [ 46.2430163, 41.5954142 ], [ 46.2383448, 41.5963396 ], [ 46.2370023, 41.6015281 ], [ 46.2424024, 41.6030783 ], [ 46.2423805, 41.6046913 ], [ 46.2362052, 41.6035023 ], [ 46.2329319, 41.60537819999998 ], [ 46.2277885, 41.6051135 ], [ 46.2204395, 41.6078322 ], [ 46.2203333, 41.6095596 ], [ 46.2228913, 41.6114987 ], [ 46.2224684, 41.613029 ], [ 46.2208954, 41.6134865 ], [ 46.2154959, 41.6112928 ], [ 46.2138309, 41.6121295 ], [ 46.215629, 41.613791 ], [ 46.2149236, 41.615197 ], [ 46.2073614, 41.6139206 ], [ 46.2034998, 41.6156213 ], [ 46.203946, 41.6200683 ], [ 46.2074915, 41.6219982 ], [ 46.2026009, 41.6252954 ], [ 46.2025685, 41.626882 ], [ 46.2119223, 41.626016 ], [ 46.2134191, 41.626592 ], [ 46.2134219, 41.6280255 ], [ 46.2060162, 41.6282108 ], [ 46.2049226, 41.6311285 ], [ 46.2030809, 41.6317247 ], [ 46.1978803, 41.6264634 ], [ 46.1937164, 41.625362 ], [ 46.1924587, 41.627593 ], [ 46.1955336, 41.6297614 ], [ 46.196711, 41.6325935 ], [ 46.2022297, 41.6377296 ], [ 46.1991405, 41.6401512 ], [ 46.200659, 41.6405403 ], [ 46.2005648, 41.6422987 ], [ 46.1938431, 41.6430829 ], [ 46.1942679, 41.6460332 ], [ 46.1967417, 41.6465374 ], [ 46.1950425, 41.6487407 ], [ 46.2019391, 41.6508505 ], [ 46.2071365, 41.6509252 ], [ 46.2077112, 41.6532963 ], [ 46.2043879, 41.6577583 ], [ 46.2086682, 41.6611626 ], [ 46.2066435, 41.6651117 ], [ 46.2038663, 41.6640339 ], [ 46.1990215, 41.667893599999985 ], [ 46.1986045, 41.6720792 ], [ 46.1951734, 41.6737544 ], [ 46.1902296, 41.6786408 ], [ 46.190569, 41.680177 ], [ 46.1888598, 41.6815385 ], [ 46.1865371, 41.6878197 ], [ 46.1889928, 41.6903847 ], [ 46.18765, 41.6933929 ], [ 46.1884981, 41.6963746 ], [ 46.1837275, 41.6984327 ], [ 46.1819253, 41.700992 ], [ 46.1846109, 41.70249589999999 ], [ 46.1835559, 41.7043629 ], [ 46.1841534, 41.7092072 ], [ 46.1805118, 41.708722 ], [ 46.1781441, 41.7135759 ], [ 46.1795577, 41.7143673 ], [ 46.1802291, 41.7214364 ], [ 46.1820666, 41.7219639 ], [ 46.1806531, 41.7265003 ], [ 46.183251, 41.7399636 ], [ 46.1889596, 41.7434862 ], [ 46.1887279, 41.7453321 ], [ 46.1959327, 41.7477868 ], [ 46.1986035, 41.7499712 ], [ 46.2016952, 41.7606655 ], [ 46.2017664, 41.7698223 ], [ 46.2046163, 41.7727968 ], [ 46.2164071, 41.7633536 ], [ 46.2419184, 41.7562534 ], [ 46.2527208, 41.7700508 ], [ 46.2682436, 41.7709994 ], [ 46.3044494, 41.7756693 ], [ 46.3029235, 41.7860402 ], [ 46.3047521, 41.7883368 ], [ 46.3085128, 41.7887319 ], [ 46.3093411, 41.7905551 ], [ 46.3111991, 41.7924182 ], [ 46.3154417, 41.7924582 ], [ 46.3251115, 41.7968015 ], [ 46.3379687, 41.80965 ], [ 46.3606578, 41.8247329 ], [ 46.3745816, 41.8278088 ], [ 46.3803301, 41.8343973 ], [ 46.3926334, 41.8400173 ], [ 46.4000165, 41.8452876 ], [ 46.4038166, 41.8536946 ], [ 46.4023822, 41.8568698 ], [ 46.4043423, 41.8611472 ], [ 46.4065424, 41.8615387 ], [ 46.4158989, 41.8714019 ], [ 46.4165343, 41.8763695 ], [ 46.4141854, 41.8799598 ], [ 46.4144992, 41.88222240000001 ], [ 46.4115911, 41.8829316 ], [ 46.4114558, 41.8853071 ], [ 46.4091361, 41.8865169 ], [ 46.4087188, 41.8891252 ], [ 46.4135286, 41.8962137 ], [ 46.4186913, 41.8996421 ], [ 46.4220692, 41.9080428 ], [ 46.4219178, 41.8996409 ], [ 46.4237456, 41.8947035 ], [ 46.4279481, 41.8946809 ], [ 46.4326404, 41.8912626 ], [ 46.4412684, 41.8784218 ], [ 46.4392766, 41.8757672 ], [ 46.4384539, 41.87098910000001 ], [ 46.43940159999999, 41.8678107 ], [ 46.4429456, 41.8637844 ], [ 46.4485321, 41.863165399999986 ], [ 46.4579533, 41.8685207 ], [ 46.4611773, 41.8683204 ], [ 46.4636735, 41.865622 ], [ 46.4689562, 41.8741835 ], [ 46.4782461, 41.8809101 ], [ 46.4802482, 41.8812678 ], [ 46.4987974, 41.8867685 ], [ 46.5087402, 41.8897219 ], [ 46.5123509, 41.8875108 ], [ 46.5188748, 41.8883614 ], [ 46.5370359, 41.8804545 ], [ 46.5374822, 41.8738507 ], [ 46.5418052, 41.8691208 ], [ 46.5475123, 41.8687026 ], [ 46.5515978, 41.8671492 ], [ 46.551355, 41.8640021 ], [ 46.5545395, 41.8569469 ], [ 46.5502152, 41.8484969 ], [ 46.5517912, 41.8471215 ], [ 46.5506423, 41.844864 ], [ 46.5519832, 41.8369461 ], [ 46.5508886, 41.8339185 ], [ 46.5536289, 41.829211 ], [ 46.5547354, 41.8226604 ], [ 46.5564531, 41.820621 ], [ 46.5634015, 41.8201152 ], [ 46.5668539, 41.8130381 ], [ 46.5736882, 41.8125992 ], [ 46.5757884, 41.8085382 ], [ 46.5811944, 41.8059336 ], [ 46.5826663, 41.8034949 ], [ 46.5853267, 41.8027586 ], [ 46.597138, 41.8110229 ], [ 46.6050233, 41.8118381 ], [ 46.6133257, 41.8171874 ], [ 46.6214833, 41.8242407 ], [ 46.6180324, 41.8288748 ], [ 46.6245884, 41.83432289999999 ], [ 46.6284481, 41.8347002 ], [ 46.6313232, 41.8340027 ], [ 46.6362688, 41.8305569 ], [ 46.6456489, 41.8286014 ], [ 46.6469772, 41.8284551 ], [ 46.6510681, 41.8316472 ], [ 46.6707106, 41.8355434 ], [ 46.6742215, 41.8351358 ], [ 46.6775958, 41.8332222 ], [ 46.6821681, 41.8329977 ], [ 46.6917484, 41.8353784 ], [ 46.6985793, 41.8326303 ], [ 46.7010288, 41.8331594 ], [ 46.7040493, 41.8300857 ], [ 46.7068523, 41.829597 ], [ 46.7100632, 41.8269915 ], [ 46.7149891, 41.8284363 ], [ 46.7203774, 41.8279882 ], [ 46.722691, 41.8304915 ], [ 46.71591440000001, 41.8391034 ], [ 46.7162985, 41.8474674 ], [ 46.7243562, 41.8492786 ], [ 46.7345329, 41.856236 ], [ 46.750569, 41.8579852 ], [ 46.7584929, 41.8625508 ], [ 46.7474862, 41.8438848 ], [ 46.7476863, 41.8265154 ], [ 46.7399283, 41.8058116 ], [ 46.7228231, 41.7924518 ], [ 46.7053783, 41.7689819 ], [ 46.6926372, 41.7606325 ], [ 46.6690383, 41.752922 ], [ 46.6490468, 41.7350649 ], [ 46.6378352, 41.7315835 ], [ 46.6197641, 41.7322904 ], [ 46.6137457, 41.7292091 ], [ 46.6098381, 41.7292703 ], [ 46.6087031, 41.7234599 ], [ 46.6063482, 41.7190295 ], [ 46.6042936, 41.7179824 ], [ 46.6019064, 41.7124965 ], [ 46.5947402, 41.7081305 ], [ 46.5785416, 41.692225 ], [ 46.5749202, 41.6849978 ], [ 46.5708904, 41.6554909 ], [ 46.5585643, 41.635063 ], [ 46.5324653, 41.6207951 ], [ 46.5268778, 41.6195209 ], [ 46.5194105, 41.6182119 ], [ 46.5148271, 41.6186739 ], [ 46.5006651, 41.6145158 ], [ 46.4845461, 41.6144773 ], [ 46.4803747, 41.6123597 ], [ 46.4751734, 41.6117051 ], [ 46.4668306, 41.6123597 ], [ 46.4511751, 41.610396 ], [ 46.4468492, 41.6108195 ], [ 46.4402059, 41.6077777 ], [ 46.4352621, 41.6073541 ], [ 46.4288248, 41.6090483 ], [ 46.4297003, 41.6103575 ], [ 46.4332536, 41.6123597 ], [ 46.4369615, 41.6117821 ], [ 46.4399999, 41.6142463 ], [ 46.4411844, 41.6140153 ], [ 46.446405, 41.6177419 ], [ 46.4461282, 41.6193284 ], [ 46.4426264, 41.6236016 ], [ 46.4335111, 41.6303381 ], [ 46.4260847, 41.6327904 ], [ 46.4252027, 41.6304504 ], [ 46.420585, 41.6269892 ], [ 46.4135446, 41.6161663 ], [ 46.4133386, 41.6127781 ], [ 46.4116906, 41.611084 ], [ 46.4081373, 41.6103139 ], [ 46.4067983, 41.611161 ], [ 46.4054078, 41.6090432 ], [ 46.3992795, 41.6052311 ], [ 46.3968076, 41.6051926 ], [ 46.3972196, 41.6011877 ], [ 46.3936147, 41.5985305 ], [ 46.3947992, 41.5976833 ], [ 46.4084462, 41.5998399 ], [ 46.4134653, 41.5911312 ], [ 46.390909, 41.5770714 ], [ 46.3858622, 41.5728721 ], [ 46.3823088, 41.5668232 ], [ 46.37839490000001, 41.5701752 ], [ 46.3765925, 41.5701367 ], [ 46.3774164, 41.5683258 ], [ 46.3764895, 41.5677479 ], [ 46.3725756, 41.5716393 ], [ 46.3707731, 41.5712925 ], [ 46.3684042, 41.5689038 ], [ 46.3698977, 41.5673626 ], [ 46.3686617, 41.5654746 ], [ 46.3698462, 41.5639719 ], [ 46.3678377, 41.5602727 ], [ 46.3641814, 41.5592323 ], [ 46.3618639, 41.5564577 ], [ 46.3446122, 41.570091 ] ] ] ]
    }
  }, {
    "type" : "Feature",
    "properties" : {
      "osm_id" : "3764543",
      "admin_level" : "5",
      "country_code" : "AZ",
      "name" : "Beyləqan rayonu",
      "population" : null,
      "wikidata" : "Q330807",
      "wikipedia" : "de:Beyləqan (Rayon)",
      "name_props" : {
        "name:az" : "Beyləqan rayonu",
        "name:de" : "Beyləqan",
        "name:en" : "Beylagan District",
        "name:es" : "Beyləqan",
        "name:fa" : "شهرستان بیلقان",
        "name:fr" : "Beyləqan",
        "name:ru" : "Бейлаганский район",
        "name:uk" : "Бейлаґанський район"
      },
      "parent_boundary_id" : "364110"
    },
    "geometry" : {
      "type" : "MultiPolygon",
      "coordinates" : [ [ [ [ 47.6624943, 39.5720186 ], [ 47.6583294, 39.5766087 ], [ 47.6469906, 39.5820519 ], [ 47.6630729, 39.6006417 ], [ 47.6589137, 39.6102552 ], [ 47.6738869, 39.621576 ], [ 47.5848795, 39.6753778 ], [ 47.5762838, 39.6918089 ], [ 47.5523126, 39.6959707 ], [ 47.5327789, 39.7199399 ], [ 47.5277595, 39.7323365 ], [ 47.4794685, 39.7855031 ], [ 47.4402541, 39.804485 ], [ 47.4844082, 39.8342549 ], [ 47.4510127, 39.8566825 ], [ 47.4956968, 39.889818 ], [ 47.5894686, 39.9166124 ], [ 47.603375, 39.9058689 ], [ 47.6296744, 39.8957676 ], [ 47.63644450000001, 39.8957124 ], [ 47.639012, 39.8915834 ], [ 47.6543566, 39.8930967 ], [ 47.6920627, 39.9629585 ], [ 47.7014903, 40.0048132 ], [ 47.6953901, 40.0536465 ], [ 47.7059268, 40.10117240000001 ], [ 47.7552829, 40.1312832 ], [ 47.7673368, 40.1415502 ], [ 47.7740106, 40.1388381 ], [ 47.7866288, 40.1389061 ], [ 47.7905256, 40.1377405 ], [ 47.7905899, 40.13565709999999 ], [ 47.7852363, 40.1290046 ], [ 47.7761918, 40.1218592 ], [ 47.7791745, 40.1207188 ], [ 47.7890665, 40.1248176 ], [ 47.7896387, 40.1191034 ], [ 47.7872783, 40.1147057 ], [ 47.7847678, 40.1132288 ], [ 47.7782446, 40.1130155 ], [ 47.7766568, 40.1118996 ], [ 47.796292, 40.048604 ], [ 47.8105512, 40.0501748 ], [ 47.8292857, 40.0252664 ], [ 47.8224366, 40.0116902 ], [ 47.8109037, 40.013656 ], [ 47.8157468, 39.9603961 ], [ 47.8453752, 39.9582125 ], [ 47.8188806, 39.9208609 ], [ 47.7903918, 39.9324399 ], [ 47.756775, 39.8928885 ], [ 47.8524974, 39.8428157 ], [ 47.8490787, 39.8329718 ], [ 47.8920968, 39.8106536 ], [ 47.9129501, 39.7965593 ], [ 47.9245312, 39.7952706 ], [ 47.9391047, 39.7996413 ], [ 47.9486772, 39.7953081 ], [ 47.8536247, 39.7319032 ], [ 47.8704847, 39.6672874 ], [ 47.8670816, 39.6648693 ], [ 47.86378, 39.6645415 ], [ 47.8564645, 39.6684205 ], [ 47.8531618, 39.6642648 ], [ 47.8475559, 39.6659795 ], [ 47.8456992, 39.66548130000001 ], [ 47.8376276, 39.66163 ], [ 47.8369262, 39.6588828 ], [ 47.8309258, 39.6611635 ], [ 47.8265281, 39.6606127 ], [ 47.8217986, 39.66149630000001 ], [ 47.8213265, 39.660229 ], [ 47.8211375, 39.65787859999999 ], [ 47.8166913, 39.6560128 ], [ 47.8126504, 39.6589767 ], [ 47.8073216, 39.6591904 ], [ 47.80604309999999, 39.657497 ], [ 47.8091634, 39.6532848 ], [ 47.8081522, 39.6512128 ], [ 47.8064087, 39.6505589 ], [ 47.8009623, 39.6516644 ], [ 47.7939968, 39.648295 ], [ 47.7953469, 39.6445095 ], [ 47.7943419, 39.6422899 ], [ 47.790225, 39.6415683 ], [ 47.7858912, 39.6430749 ], [ 47.7832698, 39.6389851 ], [ 47.7859763, 39.6343092 ], [ 47.7822949, 39.6306698 ], [ 47.7818056, 39.6254238 ], [ 47.7751207, 39.624463 ], [ 47.7724422, 39.6267149 ], [ 47.7703036, 39.6265627 ], [ 47.7667662, 39.6232932 ], [ 47.7626791, 39.6216049 ], [ 47.7623779, 39.6170823 ], [ 47.757694, 39.6123114 ], [ 47.752969, 39.606023 ], [ 47.7488031, 39.6048321 ], [ 47.7382045, 39.5978525 ], [ 47.7267626, 39.5965523 ], [ 47.7260488, 39.5948568 ], [ 47.7158801, 39.5894546 ], [ 47.7110735, 39.5919417 ], [ 47.70623, 39.589799599999985 ], [ 47.7043418, 39.585312899999984 ], [ 47.7000315, 39.5849335 ], [ 47.690822, 39.5875997 ], [ 47.688767, 39.5871823 ], [ 47.6872097, 39.5833106 ], [ 47.683929, 39.582163 ], [ 47.6798198, 39.5781003 ], [ 47.6764872, 39.577494 ], [ 47.6713732, 39.578646 ], [ 47.6624943, 39.5720186 ] ] ] ]
    }
  }, {
    "type" : "Feature",
    "properties" : {
      "osm_id" : "3764546",
      "admin_level" : "5",
      "country_code" : "AZ",
      "name" : "Bərdə rayonu",
      "population" : null,
      "wikidata" : "Q330857",
      "wikipedia" : "az:Bərdə rayonu",
      "name_props" : {
        "name:ar" : "مقاطعة بردعة",
        "name:az" : "Bərdə rayonu",
        "name:de" : "Bərdə",
        "name:en" : "Barda District",
        "name:es" : "Bərdə",
        "name:fa" : "شهرستان بردع",
        "name:fr" : "Bərdə",
        "name:ja" : "バルダ県",
        "name:ru" : "Бардинский район",
        "name:uk" : "Бардинський район",
        "name:ur" : "بردع ضلع",
        "name:azb" : "برده رایونو",
        "name:pnb" : "ضلع بردع"
      },
      "parent_boundary_id" : "364110"
    },
    "geometry" : {
      "type" : "MultiPolygon",
      "coordinates" : [ [ [ [ 47.0242571, 40.4628261 ], [ 47.0289566, 40.4695349 ], [ 47.0319895, 40.4716042 ], [ 47.0407675, 40.473682 ], [ 47.042994, 40.4770015 ], [ 47.0346449, 40.484917 ], [ 47.0374963, 40.4870785 ], [ 47.0221039, 40.4899505 ], [ 47.0216187, 40.4930081 ], [ 47.0331258, 40.4985432 ], [ 47.0399886, 40.4962765 ], [ 47.0449796, 40.4969618 ], [ 47.0783227, 40.4913739 ], [ 47.0810955, 40.4884743 ], [ 47.0915629, 40.4897396 ], [ 47.0906618, 40.4758202 ], [ 47.096762, 40.4674355 ], [ 47.1050111, 40.4668026 ], [ 47.110626, 40.4575201 ], [ 47.1298278, 40.4663807 ], [ 47.1350219, 40.5043669 ], [ 47.1524906, 40.518702 ], [ 47.1793422, 40.5308845 ], [ 47.1841947, 40.5457407 ], [ 47.1916813, 40.5507447 ], [ 47.2089089, 40.5506907 ], [ 47.2197432, 40.5443656 ], [ 47.2224677, 40.5390513 ], [ 47.2222093, 40.5368507 ], [ 47.2181605, 40.5323102 ], [ 47.210935, 40.5305669 ], [ 47.210516, 40.5282345 ], [ 47.2167397, 40.5265108 ], [ 47.2265621, 40.5273633 ], [ 47.2470089, 40.5412225 ], [ 47.250872, 40.5430177 ], [ 47.2557818, 40.5428462 ], [ 47.264214, 40.53912239999999 ], [ 47.2642797, 40.5361068 ], [ 47.2516979, 40.5286717 ], [ 47.2459848, 40.5206582 ], [ 47.2472187, 40.5181022 ], [ 47.2514818, 40.5167343 ], [ 47.2582066, 40.5176626 ], [ 47.2651814, 40.5246202 ], [ 47.2663449, 40.5346442 ], [ 47.2688865, 40.5374767 ], [ 47.2727824, 40.5384265 ], [ 47.275241, 40.5350748 ], [ 47.2769934, 40.5272514 ], [ 47.2827987, 40.5178435 ], [ 47.2826609, 40.5134754 ], [ 47.274077, 40.5054902 ], [ 47.2717198, 40.4973541 ], [ 47.2697156, 40.4953662 ], [ 47.2655563, 40.4977697 ], [ 47.2654401, 40.5049259 ], [ 47.2621534, 40.5053595 ], [ 47.2607495, 40.5037464 ], [ 47.2635698, 40.4931109 ], [ 47.2790458, 40.4812272 ], [ 47.2921774, 40.4641777 ], [ 47.2979665, 40.4608257 ], [ 47.3128515, 40.4577773 ], [ 47.3180249, 40.45478150000001 ], [ 47.3191092, 40.452561 ], [ 47.3170638, 40.449968 ], [ 47.3090494, 40.4487188 ], [ 47.3059166, 40.4462988 ], [ 47.2999942, 40.4443425 ], [ 47.3018718, 40.4361525 ], [ 47.3090664, 40.4340621 ], [ 47.3138658, 40.4350376 ], [ 47.3272714, 40.4476466 ], [ 47.3318514, 40.4500711 ], [ 47.350696, 40.4548501 ], [ 47.3534217, 40.4512475 ], [ 47.3518244, 40.4483175 ], [ 47.3402669, 40.4415057 ], [ 47.3308925, 40.4398594 ], [ 47.3259083, 40.434991 ], [ 47.3265298, 40.4332021 ], [ 47.3290004, 40.4318416 ], [ 47.3354791, 40.4342298 ], [ 47.3445895, 40.433817 ], [ 47.3509803, 40.4302392 ], [ 47.350146, 40.4273968 ], [ 47.328028, 40.4258927 ], [ 47.3251845, 40.4252863 ], [ 47.3217495, 40.422727 ], [ 47.3243701, 40.41847880000001 ], [ 47.3242038, 40.4120992 ], [ 47.326709, 40.4098772 ], [ 47.3357181, 40.4073643 ], [ 47.3507631, 40.4081371 ], [ 47.355119, 40.4074591 ], [ 47.3630422, 40.4049836 ], [ 47.3722207, 40.3975977 ], [ 47.3742861, 40.3941128 ], [ 47.372607, 40.3912243 ], [ 47.3690021, 40.3909301 ], [ 47.365129, 40.3935368 ], [ 47.3618889, 40.3941659 ], [ 47.3588097, 40.3935695 ], [ 47.356224, 40.3909791 ], [ 47.356621, 40.38908330000001 ], [ 47.3641741, 40.3830441 ], [ 47.3662984, 40.3798854 ], [ 47.3657727, 40.3765181 ], [ 47.361449, 40.3727011 ], [ 47.3615831, 40.3680378 ], [ 47.3649466, 40.3650132 ], [ 47.3701501, 40.3648661 ], [ 47.3728108, 40.36592060000001 ], [ 47.3752785, 40.37049 ], [ 47.3785722, 40.3708497 ], [ 47.3829389, 40.3655528 ], [ 47.382735, 40.3580235 ], [ 47.3904651, 40.3550762 ], [ 47.395277, 40.3511312 ], [ 47.4008577, 40.3526877 ], [ 47.4033626, 40.3558989 ], [ 47.4020035, 40.3609477 ], [ 47.3937233, 40.370963 ], [ 47.3934621, 40.3728709 ], [ 47.3956421, 40.3759528 ], [ 47.3997342, 40.3763733 ], [ 47.4133589, 40.3662401 ], [ 47.4145629, 40.3598109 ], [ 47.4165469, 40.3597351 ], [ 47.4194315, 40.3626165 ], [ 47.4225548, 40.3636881 ], [ 47.4359614, 40.3650108 ], [ 47.4381033, 40.3639435 ], [ 47.4398697, 40.3588414 ], [ 47.4395802, 40.3472847 ], [ 47.4384861, 40.346746 ], [ 47.42193, 40.3509865 ], [ 47.4170117, 40.3486566 ], [ 47.4166085, 40.3463241 ], [ 47.4195173, 40.3421919 ], [ 47.4304625, 40.3402003 ], [ 47.4330857, 40.3383403 ], [ 47.4353916, 40.33413370000001 ], [ 47.4340341, 40.3298147 ], [ 47.4315162, 40.328666 ], [ 47.428611, 40.3290533 ], [ 47.4220346, 40.3346439 ], [ 47.4176312, 40.3354929 ], [ 47.4127369, 40.3342291 ], [ 47.4118745, 40.3308467 ], [ 47.4164128, 40.3255426 ], [ 47.42712559999999, 40.3198903 ], [ 47.4338686, 40.3205938 ], [ 47.4358803, 40.3226306 ], [ 47.4373716, 40.327522 ], [ 47.4402147, 40.3284748 ], [ 47.4420279, 40.3277551 ], [ 47.4479556, 40.3203811 ], [ 47.4485671, 40.3146221 ], [ 47.4405956, 40.2986677 ], [ 47.4405152, 40.2910697 ], [ 47.4424195, 40.2895025 ], [ 47.4457937, 40.2889337 ], [ 47.4612379, 40.2947481 ], [ 47.4675733, 40.2936966 ], [ 47.4691021, 40.2924159 ], [ 47.4692416, 40.2899444 ], [ 47.4647999, 40.2796403 ], [ 47.4655187, 40.2763293 ], [ 47.468276, 40.273579 ], [ 47.4732166, 40.2730142 ], [ 47.4774653, 40.2762025 ], [ 47.485308, 40.2771888 ], [ 47.4912894, 40.2801314 ], [ 47.4939417, 40.2841039 ], [ 47.4952054, 40.2925632 ], [ 47.4982309, 40.29537 ], [ 47.5035417, 40.2944208 ], [ 47.5086808, 40.2844692 ], [ 47.5085038, 40.2798081 ], [ 47.5068194, 40.2773361 ], [ 47.4978661, 40.2759897 ], [ 47.482996, 40.2630063 ], [ 47.4765479, 40.2601981 ], [ 47.4690056, 40.2592402 ], [ 47.4655107, 40.2566545 ], [ 47.4136404, 40.2342752 ], [ 47.377434, 40.2142406 ], [ 47.3603898, 40.2035835 ], [ 47.3591925, 40.2014491 ], [ 47.3554052, 40.2013706 ], [ 47.3453553, 40.1797106 ], [ 47.322411, 40.1713721 ], [ 47.3068805, 40.1752781 ], [ 47.2989987, 40.1807089 ], [ 47.2817395, 40.18697310000001 ], [ 47.2718609, 40.19497049999999 ], [ 47.2699742, 40.1983337 ], [ 47.2700643, 40.2057989 ], [ 47.2624224, 40.2090193 ], [ 47.25731, 40.2086156 ], [ 47.2548927, 40.20965849999999 ], [ 47.2521107, 40.2072094 ], [ 47.2502126, 40.2078426 ], [ 47.2481894, 40.2062994 ], [ 47.2432721, 40.2052142 ], [ 47.2417104, 40.2051186 ], [ 47.2416186, 40.2068962 ], [ 47.2396227, 40.2049287 ], [ 47.2364587, 40.2062642 ], [ 47.2370062, 40.2047669 ], [ 47.2349196, 40.2048131 ], [ 47.2345033, 40.2037899 ], [ 47.2323283, 40.20539320000001 ], [ 47.2326109, 40.2037282 ], [ 47.2283443, 40.202591199999986 ], [ 47.2267824, 40.2008645 ], [ 47.2276479, 40.2000166 ], [ 47.2254553, 40.2004058 ], [ 47.2241558, 40.199078 ], [ 47.2230885, 40.201194 ], [ 47.2173761, 40.1992438 ], [ 47.2153904, 40.2000859 ], [ 47.2151305, 40.1985326 ], [ 47.2130118, 40.1975784 ], [ 47.2104514, 40.1984413 ], [ 47.2085202, 40.1966302 ], [ 47.2054356, 40.1972162 ], [ 47.2042501, 40.1955198 ], [ 47.2002727, 40.1962954 ], [ 47.2001731, 40.19399339999999 ], [ 47.1981883, 40.194229 ], [ 47.196579, 40.1920367 ], [ 47.192789, 40.190291 ], [ 47.1906406, 40.1899878 ], [ 47.1888435, 40.1910574 ], [ 47.1863007, 40.1899017 ], [ 47.1841228, 40.1903074 ], [ 47.1839619, 40.1879142 ], [ 47.179091, 40.1863569 ], [ 47.1763819, 40.1835046 ], [ 47.1634805, 40.1850947 ], [ 47.1469688, 40.19234 ], [ 47.1400702, 40.1921351 ], [ 47.1315277, 40.1937221 ], [ 47.1263587, 40.19304480000001 ], [ 47.1252215, 40.1947658 ], [ 47.121579, 40.196075 ], [ 47.1079481, 40.1961918 ], [ 47.1023571, 40.2049123 ], [ 47.104298, 40.2110534 ], [ 47.1042831, 40.2215388 ], [ 47.0964404, 40.2258802 ], [ 47.0968325, 40.2300716 ], [ 47.1050674, 40.2320175 ], [ 47.1119297, 40.2460864 ], [ 47.1160472, 40.2505759 ], [ 47.1112834, 40.2563088 ], [ 47.121675, 40.2611342 ], [ 47.1202535, 40.271532 ], [ 47.0981021, 40.2816529 ], [ 47.0999738, 40.285619 ], [ 47.1246518, 40.2947137 ], [ 47.1200767, 40.3020626 ], [ 47.1085695, 40.3075077 ], [ 47.0948441, 40.3209863 ], [ 47.0687103, 40.3374741 ], [ 47.0662147, 40.340433 ], [ 47.0497165, 40.3456108 ], [ 47.041814, 40.3504713 ], [ 47.0368229, 40.3554898 ], [ 47.019978, 40.3571274 ], [ 47.020186, 40.3607721 ], [ 47.0254544, 40.3655258 ], [ 47.0333569, 40.3700151 ], [ 47.031, 40.3730782 ], [ 47.0222656, 40.3764581 ], [ 47.0240679, 40.3826364 ], [ 47.0150563, 40.3842733 ], [ 47.009372, 40.3814747 ], [ 47.0029252, 40.3816331 ], [ 47.004381, 40.3933547 ], [ 47.0088868, 40.4057605 ], [ 47.0095107, 40.4170556 ], [ 47.019252, 40.4265165 ], [ 47.0326054, 40.4318046 ], [ 47.0440086, 40.4349176 ], [ 47.0505247, 40.4424887 ], [ 47.0502999, 40.4471311 ], [ 47.0431599, 40.4517205 ], [ 47.040595, 40.4550436 ], [ 47.0313754, 40.4574172 ], [ 47.0301277, 40.4629024 ], [ 47.0242571, 40.4628261 ] ] ] ]
    }
  }, {
    "type" : "Feature",
    "properties" : {
      "osm_id" : "3764572",
      "admin_level" : "5",
      "country_code" : "AZ",
      "name" : "Qəbələ rayonu",
      "population" : null,
      "wikidata" : "Q593872",
      "wikipedia" : "de:Qəbələ (Rayon)",
      "name_props" : {
        "name:az" : "Qəbələ rayonu",
        "name:de" : "Qabala",
        "name:en" : "Qabala District",
        "name:es" : "Qabala",
        "name:fr" : "Qabala",
        "name:ja" : "ガバラ県",
        "name:ru" : "Габалинский район",
        "name:uk" : "Ґабалинський район"
      },
      "parent_boundary_id" : "364110"
    },
    "geometry" : {
      "type" : "MultiPolygon",
      "coordinates" : [ [ [ [ 47.6283151, 40.6660786 ], [ 47.6028125, 40.67408419999999 ], [ 47.5646405, 40.6920469 ], [ 47.5513808, 40.6973693 ], [ 47.5453588, 40.6979811 ], [ 47.5481361, 40.7110444 ], [ 47.5504955, 40.7138819 ], [ 47.5596525, 40.7205947 ], [ 47.5643088, 40.7258149 ], [ 47.5688578, 40.7353922 ], [ 47.574115, 40.7416679 ], [ 47.5766841, 40.744366 ], [ 47.5802948, 40.7454396 ], [ 47.5866033, 40.7496662 ], [ 47.6020314, 40.7682926 ], [ 47.6051428, 40.772989 ], [ 47.6103569, 40.7905853 ], [ 47.6084215, 40.7957396 ], [ 47.6090831, 40.797603 ], [ 47.6075138, 40.8024595 ], [ 47.6086523, 40.8040899 ], [ 47.6084326, 40.81003589999999 ], [ 47.6088831, 40.8137199 ], [ 47.6101138, 40.8144884 ], [ 47.60956, 40.8214276 ], [ 47.6109446, 40.8260262 ], [ 47.6091292, 40.82962329999999 ], [ 47.6098677, 40.8314858 ], [ 47.6083446, 40.8338023 ], [ 47.6029138, 40.8367006 ], [ 47.6024061, 40.8381206 ], [ 47.605483, 40.8408442 ], [ 47.6020061, 40.8432069 ], [ 47.6027292, 40.8460932 ], [ 47.6005292, 40.8477108 ], [ 47.6054677, 40.8514464 ], [ 47.6008061, 40.8537971 ], [ 47.6023526, 40.860338 ], [ 47.5978844, 40.8608698 ], [ 47.6002546, 40.8634942 ], [ 47.5988257, 40.8657241 ], [ 47.599869, 40.8688887 ], [ 47.5958545, 40.8688115 ], [ 47.5960586, 40.8709383 ], [ 47.5934276, 40.8723618 ], [ 47.5952307, 40.8731936 ], [ 47.5985308, 40.872722 ], [ 47.5978254, 40.8786364 ], [ 47.5955483, 40.8813396 ], [ 47.5985535, 40.8835689 ], [ 47.5974535, 40.8861067 ], [ 47.5952307, 40.8871098 ], [ 47.5921343, 40.8935579 ], [ 47.5943031, 40.8992148 ], [ 47.5961413, 40.8995167 ], [ 47.6010984, 40.9045643 ], [ 47.5988057, 40.9066717 ], [ 47.5996595, 40.9082535 ], [ 47.5978143, 40.9092838 ], [ 47.5967472, 40.9124837 ], [ 47.6007886, 40.9144764 ], [ 47.6053808, 40.9207298 ], [ 47.6043825, 40.925625 ], [ 47.6094772, 40.9328813 ], [ 47.6142071, 40.9363505 ], [ 47.6141585, 40.942349 ], [ 47.6208376, 40.9431714 ], [ 47.6243064, 40.9455184 ], [ 47.6241323, 40.9470561 ], [ 47.6277618, 40.9483509 ], [ 47.6251636, 40.9524072 ], [ 47.6306146, 40.9536008 ], [ 47.6359852, 40.9563116 ], [ 47.635262, 40.9573332 ], [ 47.6411951, 40.96252170000001 ], [ 47.6400299, 40.964514 ], [ 47.6417757, 40.9666843 ], [ 47.644011, 40.967244 ], [ 47.6444765, 40.97072330000001 ], [ 47.6475151, 40.9733867 ], [ 47.6496969, 40.9782509 ], [ 47.6541552, 40.980681 ], [ 47.6612506, 40.9957162 ], [ 47.6709815, 41.0070675 ], [ 47.662938, 41.0305249 ], [ 47.6554671, 41.0415423 ], [ 47.6778088, 41.0653103 ], [ 47.6861666, 41.0897115 ], [ 47.6940134, 41.0948287 ], [ 47.7063329, 41.1228411 ], [ 47.7217675, 41.1264246 ], [ 47.72028739999999, 41.1369351 ], [ 47.73135, 41.1439166 ], [ 47.7210705, 41.1678243 ], [ 47.7225683, 41.1769247 ], [ 47.7247682, 41.1812491 ], [ 47.7263049, 41.1935615 ], [ 47.7317027, 41.1916559 ], [ 47.7449021, 41.1898193 ], [ 47.749521, 41.1876643 ], [ 47.7524999, 41.1916146 ], [ 47.7551621, 41.1926802 ], [ 47.7623515, 41.1881463 ], [ 47.7780335, 41.1874569 ], [ 47.7832638, 41.1850968 ], [ 47.7904208, 41.1941589 ], [ 47.794275, 41.2047928 ], [ 47.800624, 41.2087558 ], [ 47.8076727, 41.2113929 ], [ 47.8105052, 41.2192389 ], [ 47.8203534, 41.2219088 ], [ 47.8277463, 41.2205954 ], [ 47.8396704, 41.2157415 ], [ 47.8416824, 41.2166165 ], [ 47.8447906, 41.2158973 ], [ 47.8491985, 41.2114951 ], [ 47.8511488, 41.2007101 ], [ 47.8701868, 41.1888183 ], [ 47.8716587, 41.1762658 ], [ 47.8903049, 41.1753326 ], [ 47.9052446, 41.1823948 ], [ 47.9247278, 41.1757364 ], [ 47.9395699, 41.1668524 ], [ 47.9808775, 41.1673908 ], [ 47.988988, 41.1629627 ], [ 47.9870371, 41.1531646 ], [ 47.9926471, 41.1378265 ], [ 47.985754, 41.125742 ], [ 47.9894586, 41.11444 ], [ 48.012029, 41.1039845 ], [ 48.0347708, 41.0885659 ], [ 48.0589059, 41.0831528 ], [ 48.0740841, 41.0777172 ], [ 48.0708779, 41.0654356 ], [ 48.0450234, 41.0558906 ], [ 48.0366317, 41.0394418 ], [ 48.0461763, 41.0146584 ], [ 48.0238721, 41.0061416 ], [ 48.0202563, 41.0212608 ], [ 47.9955683, 41.0169322 ], [ 47.9875701, 41.0032828 ], [ 47.9902659, 40.9944005 ], [ 48.0030369, 40.988674 ], [ 48.0173139, 40.9751739 ], [ 48.0150492, 40.9626121 ], [ 48.0197277, 40.9582197 ], [ 48.0164806, 40.9450556 ], [ 48.0332514, 40.9401573 ], [ 48.0223209, 40.9237815 ], [ 48.0240084, 40.9171544 ], [ 48.021321, 40.9126587 ], [ 48.030514, 40.9075677 ], [ 48.0222342, 40.9004021 ], [ 48.0050788, 40.88121969999999 ], [ 48.0140845, 40.874027 ], [ 48.0013755, 40.8620048 ], [ 47.9747715, 40.8433454 ], [ 47.9635892, 40.8338109 ], [ 47.9513229, 40.83089959999999 ], [ 47.9416966, 40.8315085 ], [ 47.9348389, 40.8303281 ], [ 47.9250923, 40.8223144 ], [ 47.9036291, 40.8161842 ], [ 47.8996826, 40.810242 ], [ 47.893278, 40.8042261 ], [ 47.8529744, 40.7843071 ], [ 47.8469702, 40.7754886 ], [ 47.8376831, 40.7692781 ], [ 47.8323578, 40.7621099 ], [ 47.8196796, 40.75739979999999 ], [ 47.8041653, 40.740993 ], [ 47.7947766, 40.7344756 ], [ 47.7859051, 40.7192395 ], [ 47.7702309, 40.7065097 ], [ 47.7670709, 40.6972496 ], [ 47.7627079, 40.689637 ], [ 47.748793, 40.6856182 ], [ 47.7116462, 40.6908421 ], [ 47.7073693, 40.6745765 ], [ 47.6936153, 40.6705502 ], [ 47.670692, 40.6729294 ], [ 47.6458382, 40.6725634 ], [ 47.6283151, 40.6660786 ] ] ] ]
    }
  }, {
    "type" : "Feature",
    "properties" : {
      "osm_id" : "3764547",
      "admin_level" : "5",
      "country_code" : "AZ",
      "name" : "Cəlilabad rayonu",
      "population" : null,
      "wikidata" : "Q372795",
      "wikipedia" : "az:Cəlilabad rayonu",
      "name_props" : {
        "name:ar" : "مقاطعة جليل‌ آباد",
        "name:az" : "Cəlilabad rayonu",
        "name:de" : "Cəlilabad",
        "name:en" : "Jalilabad District",
        "name:es" : "Cəlilabad",
        "name:fa" : "شهرستان جلیل‌آباد",
        "name:fr" : "Cəlilabad",
        "name:ja" : "ジャリラバド県",
        "name:ru" : "Джалилабадский район",
        "name:uk" : "Джалілабадський район"
      },
      "parent_boundary_id" : "364110"
    },
    "geometry" : {
      "type" : "MultiPolygon",
      "coordinates" : [ [ [ [ 48.1408753, 39.2084125 ], [ 48.1412105, 39.2111584 ], [ 48.1439341, 39.2116535 ], [ 48.1445813, 39.2130962 ], [ 48.1423056, 39.2148073 ], [ 48.1370815, 39.2155152 ], [ 48.1357784, 39.2179669 ], [ 48.1406251, 39.2209642 ], [ 48.1419872, 39.22436410000001 ], [ 48.139504, 39.2250376 ], [ 48.1376713, 39.2281318 ], [ 48.135752, 39.227261 ], [ 48.1345525, 39.2287016 ], [ 48.1356875, 39.2298571 ], [ 48.1330231, 39.2299514 ], [ 48.1336861, 39.2333203 ], [ 48.1359476, 39.23408040000001 ], [ 48.132674, 39.2354091 ], [ 48.1345813, 39.2381613 ], [ 48.1335795, 39.2392267 ], [ 48.1312959, 39.2384894 ], [ 48.1299803, 39.2411355 ], [ 48.1327911, 39.2424489 ], [ 48.1303421, 39.2439384 ], [ 48.1294711, 39.2463925 ], [ 48.1329808, 39.2469974 ], [ 48.1326195, 39.2483636 ], [ 48.1300603, 39.2483437 ], [ 48.1327053, 39.2525378 ], [ 48.1345071, 39.2528197 ], [ 48.133519, 39.2543103 ], [ 48.1359974, 39.2569215 ], [ 48.1366811, 39.2602979 ], [ 48.1315306, 39.26200379999999 ], [ 48.1333379, 39.2648405 ], [ 48.129801, 39.2649784 ], [ 48.1304583, 39.2690036 ], [ 48.1327705, 39.2699265 ], [ 48.1297734, 39.2713758 ], [ 48.1308032, 39.273709 ], [ 48.1359403, 39.2714675 ], [ 48.1369394, 39.2734971 ], [ 48.1414754, 39.2754491 ], [ 48.1415504, 39.2776676 ], [ 48.1437136, 39.2765639 ], [ 48.1469883, 39.2767059 ], [ 48.1463464, 39.2787001 ], [ 48.1425399, 39.2787996 ], [ 48.1420472, 39.2815727 ], [ 48.1436062, 39.2817664 ], [ 48.1442481, 39.2838501 ], [ 48.1479172, 39.2820132 ], [ 48.1521585, 39.2829811 ], [ 48.1504635, 39.2867282 ], [ 48.1539042, 39.2879156 ], [ 48.1540145, 39.2897911 ], [ 48.151838, 39.2900105 ], [ 48.153421, 39.2931518 ], [ 48.155792, 39.2951711 ], [ 48.1592744, 39.2949726 ], [ 48.1590555, 39.2961214 ], [ 48.1614469, 39.2953003 ], [ 48.1604547, 39.2978819 ], [ 48.1635974, 39.2963019 ], [ 48.1623977, 39.2998878 ], [ 48.1652642, 39.3009261 ], [ 48.1674186, 39.2997418 ], [ 48.1686692, 39.3021522 ], [ 48.1675955, 39.3025533 ], [ 48.1692013, 39.3032736 ], [ 48.1676306, 39.3044775 ], [ 48.1697517, 39.3053207 ], [ 48.1712193, 39.3037844 ], [ 48.1735052, 39.304077 ], [ 48.1736568, 39.306254 ], [ 48.1806848, 39.3062123 ], [ 48.1795952, 39.3078747 ], [ 48.1831692, 39.3086299 ], [ 48.1826907, 39.3100955 ], [ 48.1842416, 39.3107995 ], [ 48.1864327, 39.3095141 ], [ 48.186997, 39.3129134 ], [ 48.1887805, 39.3122404 ], [ 48.1887333, 39.3103523 ], [ 48.1925494, 39.3104198 ], [ 48.1943073, 39.3124778 ], [ 48.1955981, 39.3188784 ], [ 48.1981901, 39.3198889 ], [ 48.2008515, 39.3194441 ], [ 48.2012315, 39.3210486 ], [ 48.2036557, 39.3218566 ], [ 48.2027486, 39.32329 ], [ 48.2049, 39.3232952 ], [ 48.2058847, 39.3254714 ], [ 48.211001, 39.3291082 ], [ 48.2160689, 39.3296865 ], [ 48.2151546, 39.3286186 ], [ 48.2214804, 39.3278571 ], [ 48.2231478, 39.3288286 ], [ 48.2257168, 39.3274734 ], [ 48.2281058, 39.3309053 ], [ 48.2293351, 39.329869 ], [ 48.2303164, 39.3312962 ], [ 48.2328581, 39.3304746 ], [ 48.2339319, 39.3313073 ], [ 48.2313361, 39.3332587 ], [ 48.2323437, 39.3341869 ], [ 48.2357829, 39.33359870000001 ], [ 48.2356861, 39.3349421 ], [ 48.2400707, 39.3323041 ], [ 48.2437186, 39.3324452 ], [ 48.24601590000001, 39.3295356 ], [ 48.2478115, 39.3307088 ], [ 48.2500892, 39.3298723 ], [ 48.250331, 39.331646 ], [ 48.2552065, 39.3334862 ], [ 48.2551934, 39.3325176 ], [ 48.2584629, 39.3321262 ], [ 48.2587373, 39.3349629 ], [ 48.2632133, 39.3354359 ], [ 48.2653165, 39.3334445 ], [ 48.2673109, 39.3354359 ], [ 48.2614349, 39.3384431 ], [ 48.2624852, 39.3399 ], [ 48.2639923, 39.3383763 ], [ 48.2658679, 39.3404784 ], [ 48.2684237, 39.340527 ], [ 48.2687377, 39.3391256 ], [ 48.2725597, 39.339850699999985 ], [ 48.2732928, 39.3412642 ], [ 48.2767843, 39.3414108 ], [ 48.2773891, 39.3450171 ], [ 48.2783297, 39.3455311 ], [ 48.2807678, 39.3441005 ], [ 48.282066, 39.34590140000001 ], [ 48.2832937, 39.3452377 ], [ 48.2842912, 39.3467181 ], [ 48.2893222, 39.3476913 ], [ 48.2935039, 39.3506096 ], [ 48.2935795, 39.3524741 ], [ 48.2944371, 39.3510622 ], [ 48.2974003, 39.3502528 ], [ 48.2976788, 39.3528252 ], [ 48.2997339, 39.3516527 ], [ 48.3031311, 39.3552915 ], [ 48.3049512, 39.3539445 ], [ 48.3094313, 39.3580313 ], [ 48.3116695, 39.3579937 ], [ 48.3104015, 39.3602303 ], [ 48.3150508, 39.3622257 ], [ 48.3261793, 39.3632927 ], [ 48.3282683, 39.3494233 ], [ 48.3524933, 39.3414522 ], [ 48.3621219, 39.3442728 ], [ 48.3697502, 39.3386538 ], [ 48.39118, 39.3565993 ], [ 48.468477, 39.3789692 ], [ 48.4822044, 39.4072469 ], [ 48.503889, 39.4149818 ], [ 48.5556692, 39.4121464 ], [ 48.5491915, 39.3764692 ], [ 48.541993, 39.3531791 ], [ 48.5653345, 39.3406368 ], [ 48.6008555, 39.328616 ], [ 48.6233753, 39.324557 ], [ 48.6288161, 39.3253109 ], [ 48.6314635, 39.3274583 ], [ 48.6423267, 39.3582487 ], [ 48.6404974, 39.4052485 ], [ 48.6724758, 39.4444116 ], [ 48.7155411, 39.4289644 ], [ 48.7194104, 39.4187563 ], [ 48.7023824, 39.3898249 ], [ 48.6896032, 39.3449551 ], [ 48.69182150000001, 39.3250099 ], [ 48.7102607, 39.2969055 ], [ 48.7196883, 39.2770539 ], [ 48.7232929, 39.2481786 ], [ 48.7163836, 39.1940461 ], [ 48.7055469, 39.2023187 ], [ 48.6917251, 39.19611110000001 ], [ 48.69052210000001, 39.1851893 ], [ 48.6748449, 39.1753779 ], [ 48.6664157, 39.1789976 ], [ 48.6655246, 39.1822017 ], [ 48.6587387, 39.1830199 ], [ 48.6526465, 39.1856457 ], [ 48.6374445, 39.1843925 ], [ 48.6144328, 39.17745020000001 ], [ 48.6283137, 39.1493886 ], [ 48.6402559, 39.1361915 ], [ 48.6406565, 39.1325245 ], [ 48.6388253, 39.1320239 ], [ 48.640072, 39.1299635 ], [ 48.6296632, 39.1261972 ], [ 48.6156138, 39.1244378 ], [ 48.6197292, 39.10628 ], [ 48.6035639, 39.1016606 ], [ 48.5822316, 39.0933244 ], [ 48.5759639, 39.0873594 ], [ 48.5733839, 39.0832111 ], [ 48.5767498, 39.0787817 ], [ 48.581112, 39.0765096 ], [ 48.587169, 39.0573152 ], [ 48.5718864, 39.0583559 ], [ 48.5672843, 39.054215 ], [ 48.5609757, 39.0532669 ], [ 48.5620337, 39.0609224 ], [ 48.550559, 39.054673 ], [ 48.5420764, 39.0544667 ], [ 48.5385303, 39.0525364 ], [ 48.5361599, 39.0483531 ], [ 48.5318272, 39.0462873 ], [ 48.5211306, 39.037442 ], [ 48.5226247, 39.0335512 ], [ 48.5320926, 39.0385823 ], [ 48.5379557, 39.0382571 ], [ 48.5407693, 39.0370578 ], [ 48.5409906, 39.0356512 ], [ 48.5239514, 39.02770129999998 ], [ 48.5016493, 39.024436 ], [ 48.4821569, 39.0188534 ], [ 48.4566606, 39.019655 ], [ 48.451647, 39.0204943 ], [ 48.397799, 39.0542552 ], [ 48.3811515, 39.0681716 ], [ 48.3795696, 39.0732479 ], [ 48.3771169, 39.0745473 ], [ 48.3659886, 39.0729634 ], [ 48.357738, 39.068589 ], [ 48.3555889, 39.0661193 ], [ 48.3602091, 39.0622494 ], [ 48.3572952, 39.058206 ], [ 48.3498147, 39.0529247 ], [ 48.3467179, 39.0516135 ], [ 48.3360071, 39.05029469999999 ], [ 48.3324292, 39.0509497 ], [ 48.3309699, 39.0531113 ], [ 48.3279531, 39.05243 ], [ 48.3258756, 39.0534923 ], [ 48.3276891, 39.0566609 ], [ 48.3264673, 39.0577199 ], [ 48.3240566, 39.0573299 ], [ 48.3229835, 39.0601883 ], [ 48.3247732, 39.06008280000001 ], [ 48.3225857, 39.0674917 ], [ 48.3194553, 39.0681359 ], [ 48.3192445, 39.0722247 ], [ 48.3154117, 39.0785071 ], [ 48.3180867, 39.0791354 ], [ 48.3167452, 39.08513159999998 ], [ 48.3135982, 39.0883194 ], [ 48.3109847, 39.0873672 ], [ 48.3098113, 39.0885678 ], [ 48.3102913, 39.09117590000001 ], [ 48.3082908, 39.0903041 ], [ 48.3048509, 39.0911345 ], [ 48.3033041, 39.0958951 ], [ 48.3060776, 39.0958537 ], [ 48.3042108, 39.0979234 ], [ 48.304522, 39.09954 ], [ 48.3074111, 39.10197989999999 ], [ 48.3048509, 39.1028491 ], [ 48.3079377, 39.1044159 ], [ 48.3057062, 39.1055798 ], [ 48.3082693, 39.1068349 ], [ 48.3077928, 39.1085272 ], [ 48.3061037, 39.1077631 ], [ 48.3051189, 39.1089371 ], [ 48.3028825, 39.108973 ], [ 48.3029282, 39.1108302 ], [ 48.2995663, 39.1115028 ], [ 48.2991971, 39.1138995 ], [ 48.2965442, 39.1134519 ], [ 48.2892642, 39.1169153 ], [ 48.2858627, 39.1147686 ], [ 48.2841559, 39.1155549 ], [ 48.2860227, 39.1175413 ], [ 48.2830704, 39.1195745 ], [ 48.2793021, 39.1203552 ], [ 48.2799955, 39.1225897 ], [ 48.2758189, 39.1234284 ], [ 48.2746084, 39.12213449999999 ], [ 48.2722616, 39.12300349999999 ], [ 48.2728991, 39.1246744 ], [ 48.2677279, 39.124038 ], [ 48.2664147, 39.1259872 ], [ 48.265061, 39.124038 ], [ 48.2606873, 39.1232932 ], [ 48.2594605, 39.1252793 ], [ 48.2587138, 39.1238311 ], [ 48.2568038, 39.1237637 ], [ 48.2565056, 39.1256549 ], [ 48.2508732, 39.1256517 ], [ 48.2472462, 39.1285895 ], [ 48.2439612, 39.1275703 ], [ 48.2424992, 39.1299135 ], [ 48.2349786, 39.1296652 ], [ 48.2341369, 39.1306144 ], [ 48.2358853, 39.1315271 ], [ 48.2339118, 39.1335957 ], [ 48.2306589, 39.133771 ], [ 48.2289216, 39.1380616 ], [ 48.2292181, 39.1413734 ], [ 48.2258573, 39.1423763 ], [ 48.2250044, 39.1450137 ], [ 48.2270822, 39.14705 ], [ 48.2210042, 39.1485341 ], [ 48.2209985, 39.1512466 ], [ 48.2184972, 39.1535759 ], [ 48.2164704, 39.1601107 ], [ 48.2184151, 39.1627439 ], [ 48.2138379, 39.1632016 ], [ 48.2134918, 39.1667067 ], [ 48.2100165, 39.1672237 ], [ 48.203616, 39.1723513 ], [ 48.2033849, 39.1746353 ], [ 48.1987708, 39.1758662 ], [ 48.1942819, 39.1748323 ], [ 48.1931619, 39.1765276 ], [ 48.1900683, 39.1762381 ], [ 48.1906908, 39.178461699999986 ], [ 48.1860679, 39.180042 ], [ 48.185491, 39.1818007 ], [ 48.1778698, 39.1840991 ], [ 48.1749157, 39.1877112 ], [ 48.1703091, 39.1873122 ], [ 48.1699307, 39.1885123 ], [ 48.1716421, 39.1897558 ], [ 48.1689594, 39.1920887 ], [ 48.1665683, 39.188941 ], [ 48.1651093, 39.1906036 ], [ 48.1628377, 39.1892835 ], [ 48.1599867, 39.1929407 ], [ 48.1618712, 39.1940283 ], [ 48.1581544, 39.1948466 ], [ 48.1608555, 39.1969394 ], [ 48.1568789, 39.1985966 ], [ 48.1537987, 39.1976943 ], [ 48.1502833, 39.1982545 ], [ 48.1486109, 39.2000646 ], [ 48.1498555, 39.2009897 ], [ 48.1434817, 39.2052906 ], [ 48.144455, 39.2066397 ], [ 48.1421725, 39.2065809 ], [ 48.1421519, 39.208095 ], [ 48.1408753, 39.2084125 ] ] ] ]
    }
  }, {
    "type" : "Feature",
    "properties" : {
      "osm_id" : "3764553",
      "admin_level" : "5",
      "country_code" : "AZ",
      "name" : "Göyçay rayonu",
      "population" : "111400",
      "wikidata" : "Q477163",
      "wikipedia" : "az:Göyçay rayonu",
      "name_props" : {
        "name:az" : "Göyçay rayonu",
        "name:de" : "Göyçay",
        "name:en" : "Goychay District",
        "name:es" : "Göyçay",
        "name:fa" : "شهرستان گوی‌چای",
        "name:fr" : "Göyçay",
        "name:ja" : "ギョイチャイ県",
        "name:ru" : "Геокчайский район",
        "name:uk" : "Ґейчайський район"
      },
      "parent_boundary_id" : "364110"
    },
    "geometry" : {
      "type" : "MultiPolygon",
      "coordinates" : [ [ [ [ 48.0102483, 40.4610607 ], [ 47.9713689, 40.4509429 ], [ 47.9459873, 40.4511966 ], [ 47.8932762, 40.47344660000001 ], [ 47.8760391, 40.4686759 ], [ 47.8268321, 40.4874135 ], [ 47.8139321, 40.5030006 ], [ 47.794156, 40.5057524 ], [ 47.7783823, 40.4996705 ], [ 47.7618618, 40.5032436 ], [ 47.7490067, 40.5244346 ], [ 47.71417, 40.525397 ], [ 47.7146357, 40.5348882 ], [ 47.7084957, 40.542725 ], [ 47.6980648, 40.5461895 ], [ 47.6897959, 40.5377766 ], [ 47.6614184, 40.5381414 ], [ 47.642453, 40.5371172 ], [ 47.6393733, 40.5253405 ], [ 47.6311922, 40.5220407 ], [ 47.6238458, 40.5258481 ], [ 47.6191709, 40.5424713 ], [ 47.6130166, 40.5462707 ], [ 47.5991873, 40.5479645 ], [ 47.594461, 40.5646279 ], [ 47.6206224, 40.5675531 ], [ 47.6214557, 40.5864574 ], [ 47.6258979, 40.6030004 ], [ 47.6283151, 40.6660786 ], [ 47.6458382, 40.6725634 ], [ 47.670692, 40.6729294 ], [ 47.6936153, 40.6705502 ], [ 47.7073693, 40.6745765 ], [ 47.7116462, 40.6908421 ], [ 47.748793, 40.6856182 ], [ 47.7627079, 40.689637 ], [ 47.7696243, 40.6888494 ], [ 47.7885151, 40.6758813 ], [ 47.8145548, 40.6844139 ], [ 47.8635507, 40.6750653 ], [ 47.8551571, 40.656804 ], [ 47.8750636, 40.6506183 ], [ 47.8948002, 40.6621123 ], [ 47.9846223, 40.649177 ], [ 48.0022892, 40.6303327 ], [ 48.0248423, 40.62300659999999 ], [ 48.0379343, 40.632112 ], [ 48.0536324, 40.6302742 ], [ 48.0642864, 40.6271767 ], [ 48.0617543, 40.6154743 ], [ 48.0735813, 40.60570830000001 ], [ 48.069253, 40.5734523 ], [ 48.0530397, 40.5641078 ], [ 48.0307166, 40.5616041 ], [ 48.0363138, 40.5456416 ], [ 48.0545151, 40.5228901 ], [ 48.0556113, 40.4863116 ], [ 48.0463872, 40.4628542 ], [ 48.0266271, 40.4644732 ], [ 48.0102483, 40.4610607 ] ] ] ]
    }
  }, {
    "type" : "Feature",
    "properties" : {
      "osm_id" : "3764555",
      "admin_level" : "5",
      "country_code" : "AZ",
      "name" : "Gədəbəy rayonu",
      "population" : null,
      "wikidata" : "Q330749",
      "wikipedia" : "de:Gədəbəy (Rayon)",
      "name_props" : {
        "name:az" : "Gədəbəy rayonu",
        "name:de" : "Gədəbəy",
        "name:en" : "Gedebey District",
        "name:es" : "Gədəbəy",
        "name:fr" : "Gədəbəy",
        "name:ja" : "ガダバイ県",
        "name:ru" : "Кедабекский район",
        "name:uk" : "Ґадебейський район"
      },
      "parent_boundary_id" : "364110"
    },
    "geometry" : {
      "type" : "MultiPolygon",
      "coordinates" : [ [ [ [ 45.3632777, 40.6547812 ], [ 45.3672931, 40.6631455 ], [ 45.3674386, 40.6662718 ], [ 45.3767948, 40.6722606 ], [ 45.3756322, 40.6771408 ], [ 45.3787745, 40.6845764 ], [ 45.372631, 40.6906847 ], [ 45.379435, 40.6907912 ], [ 45.3796405, 40.7027634 ], [ 45.3757602, 40.70512930000001 ], [ 45.3790317, 40.7052712 ], [ 45.3776976, 40.7086277 ], [ 45.3785887, 40.7088244 ], [ 45.3821828, 40.7022003 ], [ 45.3856587, 40.7010371 ], [ 45.3914942, 40.6962656 ], [ 45.3961897, 40.6965847 ], [ 45.402919, 40.6998745 ], [ 45.4072787, 40.7093858 ], [ 45.3956988, 40.7154463 ], [ 45.4023324, 40.7200279 ], [ 45.4051096, 40.7281446 ], [ 45.4040734, 40.7309581 ], [ 45.417144, 40.7315101 ], [ 45.4228086, 40.7362005 ], [ 45.4233863, 40.740887 ], [ 45.4259526, 40.7424595 ], [ 45.4275378, 40.7395343 ], [ 45.4404461, 40.7354011 ], [ 45.4558003, 40.7271273 ], [ 45.4701556, 40.7283091 ], [ 45.4834178, 40.7209198 ], [ 45.4891244, 40.711548 ], [ 45.4830489, 40.7098232 ], [ 45.4782517, 40.700929 ], [ 45.4799135, 40.6763176 ], [ 45.4882816, 40.6697529 ], [ 45.4997946, 40.6651141 ], [ 45.5103005, 40.66588560000001 ], [ 45.51006, 40.6671195 ], [ 45.5142308, 40.6681476 ], [ 45.534664, 40.6685844 ], [ 45.5372305, 40.6627256 ], [ 45.5405431, 40.6620882 ], [ 45.5454566, 40.6586809 ], [ 45.5536245, 40.6590737 ], [ 45.5751809, 40.6667316 ], [ 45.597037, 40.6559057 ], [ 45.6069113, 40.6547675 ], [ 45.6151068, 40.6425787 ], [ 45.6139018, 40.6319774 ], [ 45.6157209, 40.6245334 ], [ 45.6284225, 40.6211288 ], [ 45.6369416, 40.6271511 ], [ 45.6439455, 40.63778520000001 ], [ 45.65475, 40.6396647 ], [ 45.6620867, 40.6365433 ], [ 45.6767119, 40.6165987 ], [ 45.6855466, 40.6131101 ], [ 45.7052686, 40.6129169 ], [ 45.7127482, 40.6140689 ], [ 45.7149388, 40.6193881 ], [ 45.7131993, 40.6248287 ], [ 45.7003063, 40.6329081 ], [ 45.7009062, 40.6355732 ], [ 45.7092131, 40.6366739 ], [ 45.7137937, 40.6398602 ], [ 45.7046324, 40.6537621 ], [ 45.7040907, 40.6605244 ], [ 45.7076463, 40.6717401 ], [ 45.6786887, 40.6781805 ], [ 45.6791326, 40.68472830000001 ], [ 45.7130689, 40.7033987 ], [ 45.7162548, 40.7112829 ], [ 45.7359333, 40.7168638 ], [ 45.7383851, 40.7232188 ], [ 45.7272935, 40.7343718 ], [ 45.7337236, 40.7498092 ], [ 45.7237953, 40.7703089 ], [ 45.7152334, 40.7742316 ], [ 45.7167328, 40.7827672 ], [ 45.7219726, 40.7874655 ], [ 45.7351243, 40.788535 ], [ 45.7747533, 40.7801592 ], [ 45.7907996, 40.7613621 ], [ 45.8069988, 40.7390019 ], [ 45.7922424, 40.7224211 ], [ 45.803606, 40.7169136 ], [ 45.8163836, 40.7237492 ], [ 45.8411316, 40.7128812 ], [ 45.8579991, 40.69776259999998 ], [ 45.8734719, 40.700399 ], [ 45.8770004, 40.685495 ], [ 45.8608562, 40.6867518 ], [ 45.8551097, 40.6720723 ], [ 45.8587643, 40.6626859 ], [ 45.8729877, 40.6636506 ], [ 45.8750237, 40.6524067 ], [ 45.8802924, 40.6508539 ], [ 45.8918509, 40.6590125 ], [ 45.9117825, 40.6505347 ], [ 45.9052003, 40.6408211 ], [ 45.9081409, 40.6343163 ], [ 45.9186407, 40.6300029 ], [ 45.9221505, 40.6224812 ], [ 45.9172922, 40.6152583 ], [ 45.9153417, 40.5999905 ], [ 45.9069349, 40.5982913 ], [ 45.9116063, 40.577908 ], [ 45.8999564, 40.54762310000001 ], [ 45.8831395, 40.530086 ], [ 45.8512535, 40.5132184 ], [ 45.8311212, 40.4929189 ], [ 45.8326913, 40.4696091 ], [ 45.8441717, 40.4304504 ], [ 45.8381671, 40.4027664 ], [ 45.850639, 40.387664 ], [ 45.8530763, 40.3648265 ], [ 45.8597006, 40.3482449 ], [ 45.8447993, 40.3281595 ], [ 45.8231375, 40.3214612 ], [ 45.820981, 40.3234933 ], [ 45.8148247, 40.3227454 ], [ 45.8096023, 40.3240163 ], [ 45.806287, 40.3278442 ], [ 45.7985019, 40.326951 ], [ 45.7856063, 40.3287839 ], [ 45.7839374, 40.3344834 ], [ 45.7820454, 40.3353931 ], [ 45.770618, 40.3360027 ], [ 45.7627611, 40.3403685 ], [ 45.754586, 40.3428546 ], [ 45.7543665, 40.3454699 ], [ 45.74969629999999, 40.3498184 ], [ 45.7366759, 40.3537605 ], [ 45.725042, 40.351866 ], [ 45.7196373, 40.3551776 ], [ 45.7089074, 40.35650239999999 ], [ 45.6979071, 40.3620615 ], [ 45.697233, 40.365953 ], [ 45.6959114, 40.3666946 ], [ 45.6901001, 40.3659759 ], [ 45.6856506, 40.3674476 ], [ 45.6808392, 40.36506 ], [ 45.6655823, 40.3664315 ], [ 45.6505585, 40.3667975 ], [ 45.6473419, 40.3708382 ], [ 45.6470031, 40.3771986 ], [ 45.6389982, 40.3813092 ], [ 45.6373888, 40.3834494 ], [ 45.6348944, 40.391838 ], [ 45.63732, 40.3958757 ], [ 45.6236726, 40.4012995 ], [ 45.613444, 40.4092623 ], [ 45.6091333, 40.4103653 ], [ 45.6037305, 40.4139634 ], [ 45.5996523, 40.4235144 ], [ 45.5897362, 40.4306721 ], [ 45.5821683, 40.4304634 ], [ 45.5791441, 40.4291835 ], [ 45.5750763, 40.4302605 ], [ 45.5662674, 40.4269314 ], [ 45.5593969, 40.4284001 ], [ 45.5416828, 40.4381315 ], [ 45.5372268, 40.4419685 ], [ 45.5239708, 40.4477573 ], [ 45.5202212, 40.4568667 ], [ 45.5174319, 40.4578226 ], [ 45.5117732, 40.4554296 ], [ 45.5061287, 40.4645532 ], [ 45.5051427, 40.4656432 ], [ 45.5067809, 40.4678256 ], [ 45.5034098, 40.4723862 ], [ 45.5010725, 40.4727774 ], [ 45.4912141, 40.4805503 ], [ 45.4887808, 40.4861473 ], [ 45.4802802, 40.49132440000001 ], [ 45.4673486, 40.4904751 ], [ 45.4528335, 40.4996071 ], [ 45.4515236, 40.5112518 ], [ 45.4436298, 40.5175896 ], [ 45.4386742, 40.5197504 ], [ 45.4363214, 40.5295782 ], [ 45.436771, 40.535033 ], [ 45.4315711, 40.5392384 ], [ 45.4307686, 40.541294599999986 ], [ 45.4363442, 40.5473975 ], [ 45.4475397, 40.5475752 ], [ 45.4501511, 40.550103 ], [ 45.4501242, 40.552512 ], [ 45.4437397, 40.5563093 ], [ 45.4375284, 40.5625849 ], [ 45.4435381, 40.566524 ], [ 45.4451189, 40.5693227 ], [ 45.4552649, 40.5736962 ], [ 45.4618647, 40.5797982 ], [ 45.4563895, 40.5829548 ], [ 45.4414269, 40.5927195 ], [ 45.4367156, 40.593184399999984 ], [ 45.43515, 40.5956574 ], [ 45.43490280000001, 40.595902 ], [ 45.4301305, 40.5967501 ], [ 45.4279261, 40.5997517 ], [ 45.4236224, 40.6016136 ], [ 45.4204399, 40.6002751 ], [ 45.4146323, 40.6008511 ], [ 45.411003, 40.5987161 ], [ 45.4052168, 40.5987051 ], [ 45.3929229, 40.609817 ], [ 45.3889232, 40.6169684 ], [ 45.3984533, 40.6291317 ], [ 45.3786283, 40.6399406 ], [ 45.376177, 40.6450867 ], [ 45.3703756, 40.6478765 ], [ 45.3632777, 40.6547812 ] ] ] ]
    }
  }, {
    "type" : "Feature",
    "properties" : {
      "osm_id" : "3764556",
      "admin_level" : "5",
      "country_code" : "AZ",
      "name" : "Gəncə İnzibati Ərazisi",
      "population" : null,
      "wikidata" : "Q131290",
      "wikipedia" : "de:Gəncə",
      "name_props" : {
        "name:ar" : "رقعة المدينة كنجه",
        "name:az" : "Gəncə İnzibati Ərazisi",
        "name:de" : "Verwaltungsgebiet Gandscha",
        "name:en" : "Ganja City",
        "name:es" : "Ganja",
        "name:fr" : "Ganja",
        "name:ja" : "ギャンジャ",
        "name:ru" : "Гянджинская Администрация",
        "name:tr" : "Gence",
        "name:uk" : "Ґанджа"
      },
      "parent_boundary_id" : "364110"
    },
    "geometry" : {
      "type" : "MultiPolygon",
      "coordinates" : [ [ [ [ 46.3178009, 40.60893140000001 ], [ 46.3161002, 40.6094025 ], [ 46.3129597, 40.6054036 ], [ 46.308751, 40.6053811 ], [ 46.3026757, 40.6078082 ], [ 46.297511, 40.6186112 ], [ 46.2514487, 40.6346792 ], [ 46.254434, 40.6447779 ], [ 46.2739168, 40.6619568 ], [ 46.2788892, 40.6683722 ], [ 46.285032, 40.6838998 ], [ 46.2854734, 40.6895227 ], [ 46.2834528, 40.6954012 ], [ 46.2864812, 40.7062872 ], [ 46.2884235, 40.7288018 ], [ 46.2937442, 40.7361797 ], [ 46.2973276, 40.7389601 ], [ 46.3043582, 40.7547832 ], [ 46.3054409, 40.7556134 ], [ 46.3347012, 40.739229 ], [ 46.3444597, 40.7291009 ], [ 46.3508989, 40.7345044 ], [ 46.35543470000001, 40.7331084 ], [ 46.3605247, 40.7438157 ], [ 46.380945, 40.7317995 ], [ 46.3874944, 40.729398 ], [ 46.3896829, 40.7303171 ], [ 46.395687, 40.7294824 ], [ 46.3984792, 40.7249038 ], [ 46.3995315, 40.725126399999986 ], [ 46.4119416, 40.7162626 ], [ 46.4145997, 40.714338 ], [ 46.4188751, 40.7143704 ], [ 46.4156511, 40.7106825 ], [ 46.4204266, 40.7073988 ], [ 46.4329517, 40.7010575 ], [ 46.4502495, 40.6986418 ], [ 46.4599892, 40.6939246 ], [ 46.4625533, 40.6883613 ], [ 46.4878621, 40.6908631 ], [ 46.4914977, 40.689804 ], [ 46.5088704, 40.6896719 ], [ 46.5089005, 40.6840352 ], [ 46.4887123, 40.6795876 ], [ 46.4871299, 40.6758138 ], [ 46.4748993, 40.6796421 ], [ 46.4370927, 40.6467337 ], [ 46.4045608, 40.6355251 ], [ 46.3782912, 40.622163 ], [ 46.351879, 40.6104828 ], [ 46.3428479, 40.6028507 ], [ 46.3306251, 40.6031867 ], [ 46.3178009, 40.60893140000001 ] ] ] ]
    }
  }, {
    "type" : "Feature",
    "properties" : {
      "osm_id" : "3764557",
      "admin_level" : "5",
      "country_code" : "AZ",
      "name" : "Hacıqabul rayonu",
      "population" : null,
      "wikidata" : "Q476690",
      "wikipedia" : "az:Hacıqabul rayonu",
      "name_props" : {
        "name:az" : "Hacıqabul rayonu",
        "name:de" : "Hacıqabul",
        "name:en" : "Hajigabul District",
        "name:es" : "Hacıqabul",
        "name:fa" : "شهرستان حاجی‌قبول",
        "name:fr" : "Hacıqabul",
        "name:ja" : "ハジュガブル県",
        "name:pl" : "Rejon Hacıqabul",
        "name:ru" : "Аджигабульский район",
        "name:uk" : "Аджикабульський район"
      },
      "parent_boundary_id" : "364110"
    },
    "geometry" : {
      "type" : "MultiPolygon",
      "coordinates" : [ [ [ [ 48.8825387, 39.941396 ], [ 48.8812459, 39.9435467 ], [ 48.881506686575555, 39.945160958746605 ], [ 48.8826102, 39.9414253 ], [ 48.8863116, 39.9395374 ], [ 48.8964701, 39.940856 ], [ 48.8862796, 39.93948 ], [ 48.8825387, 39.941396 ] ] ], [ [ [ 48.8813066, 39.9458383 ], [ 48.881695180002076, 39.94632772571603 ], [ 48.881506686575555, 39.945160958746605 ], [ 48.8813066, 39.9458383 ] ] ], [ [ [ 48.8819392, 39.9478382 ], [ 48.884720545322615, 39.95013824499232 ], [ 48.881695180002076, 39.94632772571603 ], [ 48.8819392, 39.9478382 ] ] ], [ [ [ 48.888722162843294, 39.955178377036965 ], [ 48.8872037, 39.9521917 ], [ 48.884720545322615, 39.95013824499232 ], [ 48.888722162843294, 39.955178377036965 ] ] ], [ [ [ 48.8781234, 39.9626997 ], [ 48.8684565, 39.9595856 ], [ 48.8633143, 39.9597309 ], [ 48.8620865, 39.9618062 ], [ 48.8646426, 39.9706164 ], [ 48.8603057, 39.9735346 ], [ 48.8414423, 39.97994 ], [ 48.8384159, 39.9866895 ], [ 48.8448554, 39.9892314 ], [ 48.8480397, 39.9918278 ], [ 48.8478895, 39.9945896 ], [ 48.8455507, 39.9965622 ], [ 48.8393065, 39.9955102 ], [ 48.8297793, 39.9881453 ], [ 48.82611, 39.9874548 ], [ 48.8250586, 39.9886056 ], [ 48.8257452, 39.99047980000001 ], [ 48.8308481, 39.996572 ], [ 48.8301226, 40.0011484 ], [ 48.822076, 40.005159 ], [ 48.8010474, 40.0091857 ], [ 48.793666, 40.0137217 ], [ 48.7902328, 40.0178959 ], [ 48.7754525, 40.0172174 ], [ 48.7637755, 40.0214618 ], [ 48.7321898, 40.0236637 ], [ 48.722212, 40.022497 ], [ 48.7163969, 40.0196214 ], [ 48.7139937, 40.0212975 ], [ 48.7130495, 40.0246167 ], [ 48.7172767, 40.0343107 ], [ 48.7129422, 40.0425248 ], [ 48.7104102, 40.0425413 ], [ 48.7080714, 40.0410299 ], [ 48.7060329, 40.0365122 ], [ 48.7061616, 40.0318791 ], [ 48.7030288, 40.0314848 ], [ 48.6845183, 40.0436655 ], [ 48.6822117, 40.0553337 ], [ 48.6765683, 40.0601704 ], [ 48.6672557, 40.0593328 ], [ 48.6591447, 40.0534202 ], [ 48.656205, 40.0526318 ], [ 48.6521066, 40.0538801 ], [ 48.6491025, 40.0568529 ], [ 48.648963, 40.0614842 ], [ 48.654703, 40.0766571 ], [ 48.6598299, 40.0827154 ], [ 48.6589404, 40.0875342 ], [ 48.6613988, 40.0947219 ], [ 48.6560601, 40.152822 ], [ 48.5701829, 40.171555 ], [ 48.5035696, 40.1606214 ], [ 48.4768747, 40.1644973 ], [ 48.4866058, 40.1812098 ], [ 48.4740845, 40.2269461 ], [ 48.4757137, 40.2329533 ], [ 48.4810763, 40.2411385 ], [ 48.4849668, 40.2872848 ], [ 48.4548645, 40.3072053 ], [ 48.5114741, 40.3493597 ], [ 48.5268927, 40.3313967 ], [ 48.5524104, 40.3053826 ], [ 48.5952394, 40.3132526 ], [ 48.6073352, 40.3042349 ], [ 48.6106293, 40.2749802 ], [ 48.7220449, 40.2367188 ], [ 48.7625678, 40.2566283 ], [ 48.794219, 40.2988166 ], [ 48.7868453, 40.3481003 ], [ 48.8600739, 40.35499020000001 ], [ 48.8740268, 40.3233392 ], [ 48.8654869, 40.3128556 ], [ 48.8922755, 40.2784554 ], [ 48.9511667, 40.2631823 ], [ 48.9564779, 40.2123263 ], [ 49.0086074, 40.1812243 ], [ 49.1212729, 40.170901 ], [ 49.1880417, 40.1117643 ], [ 49.2305488, 40.0475924 ], [ 49.2722963, 39.9978641 ], [ 49.2951484, 39.9913656 ], [ 49.2885701, 39.9776392 ], [ 49.2907509, 39.949391 ], [ 49.3158624, 39.9350654 ], [ 49.344687, 39.8662278 ], [ 49.342813, 39.84191340000001 ], [ 49.3333339, 39.8437523 ], [ 49.3347054, 39.8589599 ], [ 49.3012517, 39.9008539 ], [ 49.2714071, 39.8920568 ], [ 49.1859532, 39.8873503 ], [ 49.1579994, 39.889042 ], [ 49.0513987, 39.9135989 ], [ 48.9855408, 39.9318982 ], [ 48.9760565, 39.9372289 ], [ 48.9898033, 39.9470249 ], [ 48.9622828, 39.9963093 ], [ 48.909145, 40.0040678 ], [ 48.9054028, 40.00386240000001 ], [ 48.8926226, 39.9957997 ], [ 48.8911221, 39.9890706 ], [ 48.89726550000001, 39.9588643 ], [ 48.8889402, 39.955453 ], [ 48.888722162843294, 39.955178377036965 ], [ 48.8888597, 39.9554489 ], [ 48.8839193, 39.9613704 ], [ 48.8781234, 39.9626997 ] ] ] ]
    }
  }, {
    "type" : "Feature",
    "properties" : {
      "osm_id" : "3764559",
      "admin_level" : "5",
      "country_code" : "AZ",
      "name" : "Kürdəmir rayonu",
      "population" : null,
      "wikidata" : "Q688589",
      "wikipedia" : "az:Kürdəmir rayonu",
      "name_props" : {
        "name:az" : "Kürdəmir rayonu",
        "name:de" : "Kürdəmir",
        "name:en" : "Kurdamir District",
        "name:es" : "Raión de Kurdamir",
        "name:fa" : "شهرستان کردامیر",
        "name:fr" : "Kürdəmir",
        "name:ja" : "キュルダミル県",
        "name:pl" : "Rejon Kürdəmir",
        "name:ru" : "Кюрдамирский район",
        "name:uk" : "Кюрдамирський район"
      },
      "parent_boundary_id" : "364110"
    },
    "geometry" : {
      "type" : "MultiPolygon",
      "coordinates" : [ [ [ [ 47.9134806, 40.0996429 ], [ 47.9254086, 40.1442203 ], [ 47.988825, 40.1703571 ], [ 47.944893, 40.2505145 ], [ 47.9715781, 40.2798038 ], [ 47.9708319, 40.3114662 ], [ 47.9905499, 40.3340533 ], [ 47.9847266, 40.3416422 ], [ 47.9914892, 40.3615409 ], [ 47.9999423, 40.3613977 ], [ 48.0053899, 40.37456490000001 ], [ 48.0020086, 40.3815768 ], [ 48.0059534, 40.39745820000001 ], [ 48.0005059, 40.4111904 ], [ 48.0220509, 40.4261949 ], [ 48.0102483, 40.4610607 ], [ 48.0266271, 40.4644732 ], [ 48.0463872, 40.4628542 ], [ 48.0556113, 40.4863116 ], [ 48.0545151, 40.5228901 ], [ 48.0806866, 40.5277077 ], [ 48.100353, 40.5280271 ], [ 48.103387, 40.5236118 ], [ 48.1057116, 40.4965683 ], [ 48.0986691, 40.4764824 ], [ 48.1001494, 40.456678 ], [ 48.1201773, 40.4508479 ], [ 48.125987, 40.4399524 ], [ 48.1373317, 40.4390252 ], [ 48.1464498, 40.4569099 ], [ 48.1662705, 40.4686249 ], [ 48.1913958, 40.462146 ], [ 48.1772069, 40.4373593 ], [ 48.1842575, 40.4256654 ], [ 48.1955548, 40.4153892 ], [ 48.204419, 40.4107594 ], [ 48.253, 40.4668895 ], [ 48.2764907, 40.4647536 ], [ 48.2837728, 40.4485704 ], [ 48.3152918, 40.4473275 ], [ 48.3352874, 40.4538556 ], [ 48.3406033, 40.4484578 ], [ 48.3504438, 40.4487433 ], [ 48.3568385, 40.4472321 ], [ 48.3615368, 40.37521670000001 ], [ 48.3856475, 40.3727598 ], [ 48.4149807, 40.3440632 ], [ 48.4428526, 40.3116795 ], [ 48.4548645, 40.3072053 ], [ 48.4849668, 40.2872848 ], [ 48.4810763, 40.2411385 ], [ 48.4757137, 40.2329533 ], [ 48.4740845, 40.2269461 ], [ 48.4866058, 40.1812098 ], [ 48.4768747, 40.1644973 ], [ 48.4528521, 40.1618942 ], [ 48.4053346, 40.1074749 ], [ 48.3507529, 40.1038292 ], [ 48.3526667, 40.0846812 ], [ 48.3393821, 40.0823006 ], [ 48.3289445, 40.0522342 ], [ 48.3345437, 40.0469837 ], [ 48.3397439, 40.03805470000001 ], [ 48.3320192, 40.0373236 ], [ 48.3368257, 40.0313352 ], [ 48.3355382, 40.0267839 ], [ 48.3333281, 40.0259459 ], [ 48.3299163, 40.0276548 ], [ 48.3228138, 40.037989 ], [ 48.3071149, 40.0452389 ], [ 48.3025009, 40.04581550000001 ], [ 48.2919651, 40.0411174 ], [ 48.2907635, 40.0420045 ], [ 48.2917935, 40.0494128 ], [ 48.2903344, 40.055063 ], [ 48.2873088, 40.0593496 ], [ 48.2839185, 40.0605108 ], [ 48.2792407, 40.0582936 ], [ 48.27200950000001, 40.0510669 ], [ 48.2695204, 40.0418025 ], [ 48.2666451, 40.0413261 ], [ 48.2608588, 40.043321 ], [ 48.2553583, 40.0453014 ], [ 48.2548004, 40.0473219 ], [ 48.2557446, 40.0486852 ], [ 48.2661945, 40.0529065 ], [ 48.2695204, 40.0567991 ], [ 48.2699011, 40.0595298 ], [ 48.2686406, 40.0607079 ], [ 48.2630617, 40.060248 ], [ 48.2589632, 40.0578831 ], [ 48.2539632, 40.0512559 ], [ 48.246177, 40.0517543 ], [ 48.2454975, 40.0539975 ], [ 48.2536801, 40.0603146 ], [ 48.2547419, 40.062525 ], [ 48.2228183, 40.0608672 ], [ 48.2192933, 40.0619074 ], [ 48.2134182, 40.0661004 ], [ 48.2116769, 40.0688847 ], [ 48.2143809, 40.0719073 ], [ 48.21918, 40.0745505 ], [ 48.2195481, 40.0760671 ], [ 48.212229, 40.0813424 ], [ 48.1909372, 40.0684838 ], [ 48.1882758, 40.0678988 ], [ 48.179994, 40.0693614 ], [ 48.1680811, 40.0775048 ], [ 48.1654196, 40.0779845 ], [ 48.1653205, 40.0750055 ], [ 48.1697233, 40.0679855 ], [ 48.1678121, 40.0648869 ], [ 48.1545374, 40.0703833 ], [ 48.1425635, 40.0720272 ], [ 48.1431239, 40.0757294 ], [ 48.1504083, 40.083204 ], [ 48.1476437, 40.085505 ], [ 48.1446203, 40.0845432 ], [ 48.1393151, 40.0790978 ], [ 48.1336177, 40.0771253 ], [ 48.1215505, 40.0765678 ], [ 48.1167871, 40.077697 ], [ 48.1147384, 40.0867487 ], [ 48.1125902, 40.0902357 ], [ 48.1086301, 40.0948086 ], [ 48.1005043, 40.1003386 ], [ 48.1024283, 40.1092112 ], [ 48.1016438, 40.1117114 ], [ 48.0988231, 40.11264 ], [ 48.0920796, 40.1059823 ], [ 48.0895765, 40.10629669999999 ], [ 48.0858801, 40.120793599999985 ], [ 48.0676733, 40.1411534 ], [ 48.0648368, 40.1412163 ], [ 48.0490596, 40.1362079 ], [ 48.042671, 40.131952 ], [ 48.0378556, 40.1320081 ], [ 48.0381878, 40.13358010000001 ], [ 48.0466872, 40.1393497 ], [ 48.0519687, 40.1450561 ], [ 48.0544208, 40.1538428 ], [ 48.0516935, 40.1561557 ], [ 48.046762, 40.1557559 ], [ 48.0475278, 40.1478889 ], [ 48.041737, 40.1443905 ], [ 48.0169271, 40.1436101 ], [ 48.0165043, 40.1422178 ], [ 48.0188135, 40.1396818 ], [ 48.0330426, 40.1350943 ], [ 48.0327011, 40.1323218 ], [ 48.0295788, 40.1291637 ], [ 48.02779, 40.129375 ], [ 48.028034, 40.1350446 ], [ 48.0257736, 40.1343608 ], [ 48.0234969, 40.1302951 ], [ 48.0171873, 40.1343981 ], [ 48.0073976, 40.1335029 ], [ 48.0008441, 40.1293626 ], [ 47.9977198, 40.1181826 ], [ 47.9869041, 40.1240249 ], [ 47.9800579, 40.1251675 ], [ 47.9799551, 40.1236678 ], [ 47.9844944, 40.1196325 ], [ 47.9844477, 40.1160112 ], [ 47.9752198, 40.1139255 ], [ 47.9692235, 40.1105754 ], [ 47.9715024, 40.1085182 ], [ 47.9791593, 40.1068564 ], [ 47.9790865, 40.1035461 ], [ 47.9738374, 40.0972663 ], [ 47.9653909, 40.0924607 ], [ 47.9647963, 40.091043 ], [ 47.9666737, 40.0898997 ], [ 47.9797683, 40.0888851 ], [ 47.98682980000001, 40.0901992 ], [ 47.9891737, 40.0834685 ], [ 47.9864184, 40.0801384 ], [ 47.9794788, 40.0799883 ], [ 47.9691488, 40.0826682 ], [ 47.9668791, 40.0812103 ], [ 47.9660292, 40.0781016 ], [ 47.9619391, 40.0777478 ], [ 47.9596041, 40.0796559 ], [ 47.9581006, 40.0844354 ], [ 47.9559148, 40.08533 ], [ 47.9524497, 40.0841938 ], [ 47.9511328, 40.0808422 ], [ 47.9486016, 40.0797345 ], [ 47.9474528, 40.08117810000001 ], [ 47.9472847, 40.091668100000014 ], [ 47.9448376, 40.0982414 ], [ 47.9328077, 40.0966625 ], [ 47.9227662, 40.0987502 ], [ 47.9216651, 40.0974627 ], [ 47.9135292, 40.0985249 ], [ 47.9134806, 40.0996429 ] ] ] ]
    }
  }, {
    "type" : "Feature",
    "properties" : {
      "osm_id" : "3764560",
      "admin_level" : "5",
      "country_code" : "AZ",
      "name" : "Lerik rayonu",
      "population" : null,
      "wikidata" : "Q688626",
      "wikipedia" : "az:Lerik rayonu",
      "name_props" : {
        "name:ar" : "مقاطعة لريك",
        "name:az" : "Lerik rayonu",
        "name:de" : "Rayon Lerik",
        "name:en" : "Lerik District",
        "name:fa" : "شهرستان لریک",
        "name:ja" : "レリク県",
        "name:ru" : "Лерикский район",
        "name:uk" : "Леріцький район",
        "name:ur" : "لریک ضلع",
        "name:azb" : "لریک رایونو",
        "name:pnb" : "ضلع لریک"
      },
      "parent_boundary_id" : "364110"
    },
    "geometry" : {
      "type" : "MultiPolygon",
      "coordinates" : [ [ [ [ 48.2952436, 38.6455236 ], [ 48.2949419, 38.6473191 ], [ 48.2854652, 38.649176 ], [ 48.2833771, 38.6524101 ], [ 48.2784822, 38.6521196 ], [ 48.2754678, 38.6546514 ], [ 48.2681875, 38.657183 ], [ 48.2582341, 38.6576272 ], [ 48.252657, 38.6619076 ], [ 48.2530584, 38.6825838 ], [ 48.2479729, 38.6891965 ], [ 48.248041, 38.6917769 ], [ 48.2522601, 38.6965666 ], [ 48.2583002, 38.6986486 ], [ 48.259391, 38.708509099999986 ], [ 48.2495889, 38.7168961 ], [ 48.2468845, 38.7217306 ], [ 48.2491558, 38.7260959 ], [ 48.2431049, 38.7288771 ], [ 48.2424671, 38.7312832 ], [ 48.2468016, 38.7447247 ], [ 48.2620732, 38.8248508 ], [ 48.2714149, 38.8371366 ], [ 48.2864685, 38.8452802 ], [ 48.3042327, 38.8520467 ], [ 48.3048762, 38.8654505 ], [ 48.3099633, 38.8711095 ], [ 48.3285243, 38.874092799999985 ], [ 48.3412655, 38.8808888 ], [ 48.3560041, 38.8840058 ], [ 48.3687422, 38.882734 ], [ 48.3811293, 38.8849881 ], [ 48.3838069, 38.8926531 ], [ 48.3820945, 38.9081507 ], [ 48.3899772, 38.913283 ], [ 48.3960904, 38.91203130000001 ], [ 48.4151536, 38.9183524 ], [ 48.4325278, 38.9072744 ], [ 48.4407322, 38.9074622 ], [ 48.4427431, 38.9142844 ], [ 48.4398474, 38.920793 ], [ 48.4430167, 38.9269845 ], [ 48.4479829, 38.9307312 ], [ 48.4812262, 38.933379 ], [ 48.49581649999999, 38.9372211 ], [ 48.505211, 38.9441627 ], [ 48.5345867, 38.9516471 ], [ 48.5413697, 38.9486311 ], [ 48.5454168, 38.9380162 ], [ 48.5470272, 38.9039656 ], [ 48.5417823, 38.8919934 ], [ 48.5312755, 38.8788961 ], [ 48.5311368, 38.8655117 ], [ 48.5228184, 38.8556877 ], [ 48.5198612, 38.8431309 ], [ 48.5135295, 38.8351717 ], [ 48.5163023, 38.8298798 ], [ 48.5218479, 38.8275037 ], [ 48.5240662, 38.8097884 ], [ 48.5488202, 38.7945495 ], [ 48.5808295, 38.7782966 ], [ 48.606025, 38.7597936 ], [ 48.6285416, 38.7528716 ], [ 48.6433642, 38.736252 ], [ 48.6398527, 38.7079882 ], [ 48.6433622, 38.6969352 ], [ 48.65759, 38.6878288 ], [ 48.6740583, 38.6898559 ], [ 48.6830111, 38.6779652 ], [ 48.6832748, 38.671834 ], [ 48.6715108, 38.6624191 ], [ 48.6578841, 38.6441982 ], [ 48.6568909, 38.6339225 ], [ 48.637395, 38.6243643 ], [ 48.6263172, 38.6134112 ], [ 48.6272975, 38.607053 ], [ 48.633485, 38.6048099 ], [ 48.6302491, 38.6001686 ], [ 48.6002783, 38.6034664 ], [ 48.5840218, 38.5973617 ], [ 48.5316686, 38.5892655 ], [ 48.524167, 38.5805555 ], [ 48.5204344, 38.5691984 ], [ 48.499544, 38.56903279999999 ], [ 48.4887298, 38.552604 ], [ 48.483957, 38.5540011 ], [ 48.4768878, 38.5515793 ], [ 48.4722042, 38.5535327 ], [ 48.4706685, 38.5564238 ], [ 48.4685627, 38.5571989 ], [ 48.4681091, 38.5616275 ], [ 48.464684, 38.5613214 ], [ 48.4619022, 38.5653001 ], [ 48.4621515, 38.5700897 ], [ 48.4592363, 38.5775474 ], [ 48.4545155, 38.5811489 ], [ 48.4541344, 38.5831819 ], [ 48.4567645, 38.5859578 ], [ 48.4541987, 38.5872005 ], [ 48.4535289, 38.58976629999999 ], [ 48.4586107, 38.5980425 ], [ 48.4559619, 38.60416689999999 ], [ 48.4592932, 38.6076878 ], [ 48.4541386, 38.609514 ], [ 48.4514814, 38.6104553 ], [ 48.4474559, 38.6100329 ], [ 48.4413158, 38.6127221 ], [ 48.4358582, 38.6117569 ], [ 48.4314838, 38.613568 ], [ 48.4251103, 38.6132877 ], [ 48.4214685, 38.6101129 ], [ 48.4179562, 38.6090349 ], [ 48.4161312, 38.6059235 ], [ 48.4094692, 38.60426540000001 ], [ 48.4079422, 38.6023118 ], [ 48.3903587, 38.602443 ], [ 48.3884074, 38.6050457 ], [ 48.3856521, 38.6051448 ], [ 48.3800827, 38.6018152 ], [ 48.3742251, 38.6002886 ], [ 48.3736743, 38.5984105 ], [ 48.3669945, 38.5981543 ], [ 48.361489, 38.5948538 ], [ 48.3563145, 38.5977879 ], [ 48.3507154, 38.5951324 ], [ 48.3389146, 38.6012482 ], [ 48.3356942, 38.5996784 ], [ 48.3321411, 38.6010417 ], [ 48.3279269, 38.6043052 ], [ 48.3211746, 38.6020176 ], [ 48.3102234, 38.6076539 ], [ 48.307157, 38.6130918 ], [ 48.3072358, 38.6206222 ], [ 48.3042708, 38.6219208 ], [ 48.300278, 38.629444 ], [ 48.296569, 38.6313734 ], [ 48.296944, 38.633611 ], [ 48.293611, 38.637778 ], [ 48.2958296, 38.642036 ], [ 48.2952436, 38.6455236 ] ] ] ]
    }
  }, {
    "type" : "Feature",
    "properties" : {
      "osm_id" : "3764562",
      "admin_level" : "5",
      "country_code" : "AZ",
      "name" : "Masallı rayonu",
      "population" : "184900",
      "wikidata" : "Q476695",
      "wikipedia" : "de:Masallı (Rayon)",
      "name_props" : {
        "name:az" : "Masallı rayonu",
        "name:de" : "Masallı",
        "name:en" : "Masally District",
        "name:es" : "Masallı",
        "name:fa" : "شهرستان ماساللی",
        "name:fr" : "Masallı",
        "name:ja" : "マサッル県",
        "name:ru" : "Масаллинский район",
        "name:uk" : "Масалинський район"
      },
      "parent_boundary_id" : "364110"
    },
    "geometry" : {
      "type" : "MultiPolygon",
      "coordinates" : [ [ [ [ 48.4566606, 39.019655 ], [ 48.4821569, 39.0188534 ], [ 48.5016493, 39.024436 ], [ 48.5239514, 39.02770129999998 ], [ 48.5409906, 39.0356512 ], [ 48.5407693, 39.0370578 ], [ 48.5379557, 39.0382571 ], [ 48.5320926, 39.0385823 ], [ 48.5226247, 39.0335512 ], [ 48.5211306, 39.037442 ], [ 48.5318272, 39.0462873 ], [ 48.5361599, 39.0483531 ], [ 48.5385303, 39.0525364 ], [ 48.5420764, 39.0544667 ], [ 48.550559, 39.054673 ], [ 48.5620337, 39.0609224 ], [ 48.5609757, 39.0532669 ], [ 48.5672843, 39.054215 ], [ 48.5718864, 39.0583559 ], [ 48.587169, 39.0573152 ], [ 48.581112, 39.0765096 ], [ 48.5767498, 39.0787817 ], [ 48.5733839, 39.0832111 ], [ 48.5759639, 39.0873594 ], [ 48.5822316, 39.0933244 ], [ 48.6035639, 39.1016606 ], [ 48.6197292, 39.10628 ], [ 48.6156138, 39.1244378 ], [ 48.6296632, 39.1261972 ], [ 48.640072, 39.1299635 ], [ 48.6388253, 39.1320239 ], [ 48.6406565, 39.1325245 ], [ 48.6402559, 39.1361915 ], [ 48.6283137, 39.1493886 ], [ 48.6144328, 39.17745020000001 ], [ 48.6374445, 39.1843925 ], [ 48.6526465, 39.1856457 ], [ 48.6587387, 39.1830199 ], [ 48.6655246, 39.1822017 ], [ 48.6664157, 39.1789976 ], [ 48.6748449, 39.1753779 ], [ 48.69052210000001, 39.1851893 ], [ 48.6917251, 39.19611110000001 ], [ 48.7055469, 39.2023187 ], [ 48.7163836, 39.1940461 ], [ 48.7398487, 39.1730638 ], [ 48.807189, 39.1558762 ], [ 48.8172273, 39.1266801 ], [ 48.8153038, 39.0994289 ], [ 48.840909, 39.0689803 ], [ 48.865476, 39.064706 ], [ 48.8524796, 39.0341921 ], [ 48.8624536, 39.0074229 ], [ 48.8634994, 38.9807112 ], [ 48.8416589, 38.9545605 ], [ 48.8227444, 38.9385114 ], [ 48.7652091, 38.95016179999999 ], [ 48.7608887, 38.939087 ], [ 48.7769177, 38.9349509 ], [ 48.7890098, 38.9227599 ], [ 48.7898989, 38.9157845 ], [ 48.7485547, 38.8940961 ], [ 48.7417269, 38.8867023 ], [ 48.7375234, 38.8850319 ], [ 48.7308842, 38.8931096 ], [ 48.724723, 38.8933978 ], [ 48.715724, 38.88994 ], [ 48.7124176, 38.8863591 ], [ 48.7113262, 38.8787181 ], [ 48.6937813, 38.8643416 ], [ 48.6786242, 38.8601111 ], [ 48.648192, 38.8579174 ], [ 48.6065362, 38.8727296 ], [ 48.5666501, 38.9007173 ], [ 48.5470272, 38.9039656 ], [ 48.5454168, 38.9380162 ], [ 48.5413697, 38.9486311 ], [ 48.5345867, 38.9516471 ], [ 48.5261458, 38.9731628 ], [ 48.511861, 38.9776876 ], [ 48.4978631, 38.9757496 ], [ 48.4842763, 38.9691746 ], [ 48.4598913, 38.9721055 ], [ 48.4406098, 38.9872547 ], [ 48.4545378, 39.0082381 ], [ 48.4566606, 39.019655 ] ] ] ]
    }
  }, {
    "type" : "Feature",
    "properties" : {
      "osm_id" : "3764566",
      "admin_level" : "5",
      "country_code" : "AZ",
      "name" : "Qax rayonu",
      "population" : null,
      "wikidata" : "Q330796",
      "wikipedia" : "de:Qax (Rayon)",
      "name_props" : {
        "name:az" : "Qax rayonu",
        "name:de" : "Qax",
        "name:en" : "Qakh District",
        "name:es" : "Qax",
        "name:fr" : "Qax",
        "name:ja" : "ガフ県",
        "name:ru" : "Кахский район",
        "name:uk" : "Ґахський район"
      },
      "parent_boundary_id" : "364110"
    },
    "geometry" : {
      "type" : "MultiPolygon",
      "coordinates" : [ [ [ [ 46.6576939, 41.1297802 ], [ 46.6597582, 41.1312493 ], [ 46.653742, 41.136726 ], [ 46.6570009, 41.1447735 ], [ 46.6566415, 41.152097 ], [ 46.6521944, 41.1563704 ], [ 46.6531063, 41.1603002 ], [ 46.6555311, 41.1633332 ], [ 46.65565869999999, 41.1646942 ], [ 46.6534858, 41.1663373 ], [ 46.6538659, 41.1677484 ], [ 46.6672468, 41.1713569 ], [ 46.661947, 41.1756338 ], [ 46.6617273, 41.1773775 ], [ 46.6632556, 41.1824237 ], [ 46.6678313, 41.1852531 ], [ 46.6691603, 41.1888267 ], [ 46.6670636, 41.190946 ], [ 46.6594707, 41.1906831 ], [ 46.6582803, 41.1915824 ], [ 46.6601202, 41.1973541 ], [ 46.6567357, 41.2010863 ], [ 46.6572126, 41.2031257 ], [ 46.6617583, 41.2071515 ], [ 46.6647453, 41.2139838 ], [ 46.6727841, 41.2156993 ], [ 46.6722761, 41.2168749 ], [ 46.6672853, 41.2187522 ], [ 46.6670919, 41.2201195 ], [ 46.6756326, 41.2242232 ], [ 46.6779804, 41.2266747 ], [ 46.6761342, 41.2313335 ], [ 46.6769292, 41.2329011 ], [ 46.6782945, 41.2337712 ], [ 46.6895147, 41.231708 ], [ 46.6911573, 41.2342868 ], [ 46.696503, 41.23643809999999 ], [ 46.6957608, 41.2403024 ], [ 46.7001477, 41.2425894 ], [ 46.699219, 41.2517236 ], [ 46.7027339, 41.2536869 ], [ 46.7064072, 41.2541081 ], [ 46.7077381, 41.2560687 ], [ 46.6973578, 41.25922760000001 ], [ 46.6975318, 41.2623808 ], [ 46.708246, 41.2672904 ], [ 46.7127898, 41.2668792 ], [ 46.7143882, 41.2677509 ], [ 46.7121678, 41.2740868 ], [ 46.7146272, 41.2778598 ], [ 46.7249221, 41.2849285 ], [ 46.7277123, 41.2841458 ], [ 46.7233648, 41.2795798 ], [ 46.7253298, 41.2771395 ], [ 46.7292005, 41.2780897 ], [ 46.7313617, 41.2826597 ], [ 46.7365373, 41.2844857 ], [ 46.735674, 41.286406 ], [ 46.7324657, 41.2875601 ], [ 46.729432, 41.2907288 ], [ 46.721325, 41.290244 ], [ 46.7102585, 41.2953996 ], [ 46.7065546, 41.2961197 ], [ 46.700949, 41.2950699 ], [ 46.6990136, 41.2961791 ], [ 46.7037334, 41.3048164 ], [ 46.7011354, 41.3081268 ], [ 46.6903693, 41.315938 ], [ 46.6875317, 41.3191914 ], [ 46.6876286, 41.3208516 ], [ 46.6901556, 41.3217057 ], [ 46.6967761, 41.3192563 ], [ 46.7031995, 41.3247044 ], [ 46.7034134, 41.326775 ], [ 46.7004351, 41.3298981 ], [ 46.6957654, 41.3281268 ], [ 46.6903983, 41.3285362 ], [ 46.6882692, 41.3271859 ], [ 46.6841149, 41.3286645 ], [ 46.6838479, 41.3319571 ], [ 46.6879891, 41.3327844 ], [ 46.6899262, 41.3344902 ], [ 46.6879654, 41.3399374 ], [ 46.6821158, 41.3411782 ], [ 46.6730705, 41.3373895 ], [ 46.6684341, 41.3375641 ], [ 46.6659344, 41.3402004 ], [ 46.6709415, 41.3451886 ], [ 46.6704344, 41.349017 ], [ 46.6651293, 41.3503518 ], [ 46.6526491, 41.3486956 ], [ 46.6491602, 41.350557 ], [ 46.6505452, 41.3521819 ], [ 46.6539907, 41.35036980000001 ], [ 46.6587682, 41.3517268 ], [ 46.65924420000001, 41.3552105 ], [ 46.656783, 41.3586109 ], [ 46.6570285, 41.3610779 ], [ 46.6616777, 41.3661344 ], [ 46.6614671, 41.3689168 ], [ 46.6591986, 41.3706001 ], [ 46.6522648, 41.371238 ], [ 46.6491865, 41.3689627 ], [ 46.6517888, 41.36265919999999 ], [ 46.6470312, 41.3588718 ], [ 46.646705, 41.3571246 ], [ 46.6492956, 41.353263 ], [ 46.6476902, 41.3519955 ], [ 46.6435257, 41.3560302 ], [ 46.6306483, 41.3598152 ], [ 46.6263143, 41.3588962 ], [ 46.6243191, 41.359895 ], [ 46.6256265, 41.3636364 ], [ 46.6310838, 41.3652732 ], [ 46.637053, 41.365037 ], [ 46.6386605, 41.3666268 ], [ 46.6378118, 41.3692695 ], [ 46.6422205, 41.3718193 ], [ 46.6509024, 41.3738223 ], [ 46.6502741, 41.37488050000001 ], [ 46.6473842, 41.3738978 ], [ 46.6453703, 41.3743318 ], [ 46.6437811, 41.377235 ], [ 46.6491143, 41.384717 ], [ 46.6477276, 41.3913473 ], [ 46.6559817, 41.3942863 ], [ 46.6558831, 41.3965826 ], [ 46.6608786, 41.4009286 ], [ 46.6610062, 41.4048994 ], [ 46.6650487, 41.4114157 ], [ 46.6647539, 41.4143449 ], [ 46.6682167, 41.4179628 ], [ 46.667037, 41.4240756 ], [ 46.6718566, 41.42868989999999 ], [ 46.6781973, 41.4515331 ], [ 46.6823515, 41.4555473 ], [ 46.6862115, 41.4630327 ], [ 46.6895496, 41.4666438 ], [ 46.6900392, 41.4695522 ], [ 46.7142119, 41.4642142 ], [ 46.7172947, 41.4898712 ], [ 46.7211012, 41.4939859 ], [ 46.7244272, 41.4933912 ], [ 46.7285471, 41.5015941 ], [ 46.7327013, 41.5024169 ], [ 46.7356539, 41.5092046 ], [ 46.7382974, 41.5114927 ], [ 46.741353, 41.5109271 ], [ 46.7426233, 41.5129067 ], [ 46.7476702, 41.512264 ], [ 46.752305, 41.5206444 ], [ 46.7609567, 41.5202074 ], [ 46.7775775, 41.5228968 ], [ 46.796613, 41.5349261 ], [ 46.8138047, 41.553262 ], [ 46.8327222, 41.556528 ], [ 46.8650741, 41.546957 ], [ 46.871253, 41.53946409999999 ], [ 46.8822052, 41.5389379 ], [ 46.9253977, 41.5227893 ], [ 46.939193, 41.5235182 ], [ 46.9523797, 41.5204109 ], [ 46.9806591, 41.4908938 ], [ 46.9854313, 41.5066467 ], [ 46.9704962, 41.524844 ], [ 46.9769062, 41.5343227 ], [ 47.0046838, 41.5233665 ], [ 47.0224146, 41.5407472 ], [ 47.0212352, 41.5570134 ], [ 47.0239718, 41.5608545 ], [ 47.0335153, 41.5649386 ], [ 47.0349822, 41.5611599 ], [ 47.0389598, 41.5580181 ], [ 47.0466374, 41.5576544 ], [ 47.0515357, 41.5549183 ], [ 47.0592018, 41.556415 ], [ 47.0662019, 41.5547953 ], [ 47.0721742, 41.5576316 ], [ 47.0731785, 41.5591578 ], [ 47.0705489, 41.562687 ], [ 47.0699828, 41.567677 ], [ 47.0668937, 41.5702364 ], [ 47.0680123, 41.5718938 ], [ 47.0726538, 41.5732237 ], [ 47.077312, 41.579038 ], [ 47.0823984, 41.5777752 ], [ 47.087477, 41.5793212 ], [ 47.0893098, 41.5830382 ], [ 47.0942102, 41.584281 ], [ 47.0969658, 41.5875259 ], [ 47.10184, 41.5898265 ], [ 47.1133597, 41.5952865 ], [ 47.1114002, 41.5857686 ], [ 47.1122562, 41.5807373 ], [ 47.110119, 41.5751457 ], [ 47.1128649, 41.573293 ], [ 47.1141, 41.5702774 ], [ 47.1228421, 41.5648077 ], [ 47.1230948, 41.5624416 ], [ 47.1253522, 41.5602451 ], [ 47.1241772, 41.5598164 ], [ 47.1254286, 41.5559437 ], [ 47.1289962, 41.5508205 ], [ 47.1319438, 41.5502361 ], [ 47.1468642, 41.5410615 ], [ 47.1468993, 41.5391069 ], [ 47.1491457, 41.5371363 ], [ 47.1540646, 41.5354086 ], [ 47.1576648, 41.5316273 ], [ 47.1643245, 41.5296936 ], [ 47.1670379, 41.52768910000001 ], [ 47.1692011, 41.52810369999999 ], [ 47.171622, 41.5270435 ], [ 47.1725783, 41.5223047 ], [ 47.1680072, 41.5149172 ], [ 47.1637397, 41.5127181 ], [ 47.1615721, 41.5089768 ], [ 47.15708269999999, 41.5063621 ], [ 47.1590577, 41.4983327 ], [ 47.1702265, 41.4952364 ], [ 47.1732175, 41.4964388 ], [ 47.1754707, 41.4952211 ], [ 47.1770373, 41.4898138 ], [ 47.1811716, 41.48663289999999 ], [ 47.1854554, 41.4864291 ], [ 47.1928253, 41.4884325 ], [ 47.1938217, 41.4820697 ], [ 47.1977243, 41.4773094 ], [ 47.1982263, 41.4739753 ], [ 47.1931555, 41.4707406 ], [ 47.2025539, 41.4641545 ], [ 47.166507, 41.4480946 ], [ 47.1464143, 41.4309708 ], [ 47.1340411, 41.4353976 ], [ 47.1153507, 41.4236584 ], [ 47.122314, 41.4127321 ], [ 47.1098297, 41.4016875 ], [ 47.0863737, 41.4013569 ], [ 47.0259841, 41.3675634 ], [ 46.9877395, 41.3510067 ], [ 46.9803026, 41.3635663 ], [ 46.9530818, 41.3570374 ], [ 46.9407835, 41.350697 ], [ 46.934316, 41.3534061 ], [ 46.9227982, 41.3425007 ], [ 46.9139665, 41.327738 ], [ 46.9047685, 41.3262302 ], [ 46.8903121, 41.3141525 ], [ 46.8888521, 41.3066653 ], [ 46.8952934, 41.303188 ], [ 46.891502, 41.292583 ], [ 46.9039445, 41.290559 ], [ 46.9061961, 41.2838662 ], [ 46.9169665, 41.2781846 ], [ 46.8894242, 41.2522888 ], [ 46.87481789999999, 41.2550086 ], [ 46.85714, 41.2172459 ], [ 46.8645725, 41.2011696 ], [ 46.8374483, 41.1389275 ], [ 46.8238862, 41.1376096 ], [ 46.8146423, 41.1157626 ], [ 46.8304793, 41.1155435 ], [ 46.8815833, 41.0962902 ], [ 46.9452833, 41.0892383 ], [ 46.9586325, 41.0819028 ], [ 46.9510415, 41.0618371 ], [ 46.9654704, 41.0073174 ], [ 46.964305, 40.9178328 ], [ 46.9089347, 40.939614 ], [ 46.802971, 40.996134 ], [ 46.7841157, 41.0119354 ], [ 46.7377957, 41.0346185 ], [ 46.7430886, 41.0534712 ], [ 46.7572207, 41.0688195 ], [ 46.74887849999999, 41.0969292 ], [ 46.7139219, 41.1119059 ], [ 46.703449, 41.113318 ], [ 46.696102, 41.1117447 ], [ 46.6936272, 41.1036449 ], [ 46.6850427, 41.0982251 ], [ 46.6796613, 41.0916837 ], [ 46.6664043, 41.0938539 ], [ 46.6607729, 41.0999465 ], [ 46.6606038, 41.1078111 ], [ 46.664826, 41.1176437 ], [ 46.6624566, 41.1258245 ], [ 46.6576939, 41.1297802 ] ] ] ]
    }
  }, {
    "type" : "Feature",
    "properties" : {
      "osm_id" : "3764577",
      "admin_level" : "5",
      "country_code" : "AZ",
      "name" : "Samux rayonu",
      "population" : null,
      "wikidata" : "Q498437",
      "wikipedia" : "de:Samux (Rayon)",
      "name_props" : {
        "name:az" : "Samux rayonu",
        "name:de" : "Samux",
        "name:en" : "Samukh District",
        "name:es" : "Samux",
        "name:fr" : "Samux",
        "name:ja" : "サムフ県",
        "name:ru" : "Самухский район",
        "name:uk" : "Самухський район"
      },
      "parent_boundary_id" : "364110"
    },
    "geometry" : {
      "type" : "MultiPolygon",
      "coordinates" : [ [ [ [ 46.1052863, 41.175913 ], [ 46.1104083, 41.179279 ], [ 46.121489, 41.190648 ], [ 46.122122, 41.195735 ], [ 46.128383, 41.197205 ], [ 46.128965, 41.199319 ], [ 46.135988, 41.204196 ], [ 46.13849, 41.200108 ], [ 46.141058, 41.199847 ], [ 46.146849, 41.20556 ], [ 46.149952, 41.204646 ], [ 46.151022, 41.198983 ], [ 46.152415, 41.19838 ], [ 46.153673, 41.199015 ], [ 46.154121, 41.202308 ], [ 46.158286, 41.204209 ], [ 46.161081, 41.203533 ], [ 46.160422, 41.201538 ], [ 46.16157, 41.200349 ], [ 46.164132, 41.199734 ], [ 46.167115, 41.200882 ], [ 46.171273, 41.197954 ], [ 46.171473, 41.200425 ], [ 46.17297, 41.201352 ], [ 46.180166, 41.193977 ], [ 46.18765, 41.198316 ], [ 46.193592, 41.194957 ], [ 46.203117, 41.195742 ], [ 46.207144, 41.194286 ], [ 46.208669, 41.192445 ], [ 46.213483, 41.191452 ], [ 46.216262, 41.19419 ], [ 46.225142, 41.189621 ], [ 46.229764, 41.195048 ], [ 46.231126, 41.192855 ], [ 46.229103, 41.188872 ], [ 46.234657, 41.18581 ], [ 46.238639, 41.186179 ], [ 46.252188, 41.1824543 ], [ 46.2737463, 41.19063 ], [ 46.27991930000001, 41.189421 ], [ 46.2913823, 41.173807 ], [ 46.3685673, 41.1193479 ], [ 46.3699793, 41.1049049 ], [ 46.3913823, 41.1009979 ], [ 46.4036133, 41.1014379 ], [ 46.4146503, 41.1043059 ], [ 46.4218474, 41.103408 ], [ 46.4283263, 41.1052533 ], [ 46.4339411, 41.1043769 ], [ 46.4438438, 41.0997 ], [ 46.4580206, 41.0990443 ], [ 46.4616417, 41.0948012 ], [ 46.4606493, 41.0881498 ], [ 46.4700433, 41.0644408 ], [ 46.4746409, 41.0615565 ], [ 46.4811815, 41.059996 ], [ 46.4872893, 41.0563888 ], [ 46.4924919, 41.0551284 ], [ 46.5021497, 41.060072 ], [ 46.5498283, 41.1125619 ], [ 46.5796183, 41.1113909 ], [ 46.5839024, 41.1105215 ], [ 46.5867553, 41.1071129 ], [ 46.5916543, 41.1068679 ], [ 46.5939183, 41.1039519 ], [ 46.5989493, 41.1027629 ], [ 46.6036823, 41.0989289 ], [ 46.6155192, 41.0965817 ], [ 46.6192314, 41.1004465 ], [ 46.6239351, 41.100058 ], [ 46.6308951, 41.0976669 ], [ 46.6393393, 41.1016006 ], [ 46.641217, 41.1077169 ], [ 46.6432341, 41.1097702 ], [ 46.6497036, 41.1113465 ], [ 46.6452618, 41.1200902 ], [ 46.6464956, 41.1216218 ], [ 46.6528458, 41.1240413 ], [ 46.6538958, 41.1288629 ], [ 46.6576939, 41.1297802 ], [ 46.6624566, 41.1258245 ], [ 46.664826, 41.1176437 ], [ 46.6606038, 41.1078111 ], [ 46.6607729, 41.0999465 ], [ 46.6664043, 41.0938539 ], [ 46.6796613, 41.0916837 ], [ 46.6850427, 41.0982251 ], [ 46.6936272, 41.1036449 ], [ 46.696102, 41.1117447 ], [ 46.703449, 41.113318 ], [ 46.7139219, 41.1119059 ], [ 46.74887849999999, 41.0969292 ], [ 46.7572207, 41.0688195 ], [ 46.7430886, 41.0534712 ], [ 46.7377957, 41.0346185 ], [ 46.7841157, 41.0119354 ], [ 46.802971, 40.996134 ], [ 46.7293697, 40.9447581 ], [ 46.5518617, 40.82454 ], [ 46.543464, 40.8079771 ], [ 46.5510983, 40.8016205 ], [ 46.5625498, 40.8029689 ], [ 46.5648402, 40.7987309 ], [ 46.5500804, 40.7887127 ], [ 46.5549155, 40.7829323 ], [ 46.5281953, 40.7588419 ], [ 46.5167457, 40.7522573 ], [ 46.4894042, 40.7437797 ], [ 46.483916, 40.7368638 ], [ 46.4881548, 40.7290593 ], [ 46.4956619, 40.7237558 ], [ 46.5021511, 40.7130512 ], [ 46.5062001, 40.7107639 ], [ 46.5057288, 40.6962349 ], [ 46.5088704, 40.6896719 ], [ 46.4914977, 40.689804 ], [ 46.4878621, 40.6908631 ], [ 46.4625533, 40.6883613 ], [ 46.4599892, 40.6939246 ], [ 46.4502495, 40.6986418 ], [ 46.4329517, 40.7010575 ], [ 46.4204266, 40.7073988 ], [ 46.4156511, 40.7106825 ], [ 46.4188751, 40.7143704 ], [ 46.4145997, 40.714338 ], [ 46.4119416, 40.7162626 ], [ 46.3995315, 40.725126399999986 ], [ 46.3984792, 40.7249038 ], [ 46.395687, 40.7294824 ], [ 46.3896829, 40.7303171 ], [ 46.3874944, 40.729398 ], [ 46.380945, 40.7317995 ], [ 46.3605247, 40.7438157 ], [ 46.3578361, 40.7458244 ], [ 46.3450797, 40.7501992 ], [ 46.3388085, 40.7648045 ], [ 46.3072157, 40.7732452 ], [ 46.2989767, 40.7671908 ], [ 46.2744875, 40.7769556 ], [ 46.2721328, 40.7743847 ], [ 46.2450883, 40.7893842 ], [ 46.2508684, 40.7959568 ], [ 46.2685787, 40.7949984 ], [ 46.2730905, 40.8040021 ], [ 46.29856, 40.8135865 ], [ 46.2921309, 40.8293439 ], [ 46.2743442, 40.8321472 ], [ 46.2697974, 40.8460727 ], [ 46.2779759, 40.8641736 ], [ 46.2928026, 40.8708619 ], [ 46.305277, 40.8934245 ], [ 46.2961611, 40.904304 ], [ 46.2937999, 40.9240436 ], [ 46.2883341, 40.9276719 ], [ 46.2949003, 40.9436141 ], [ 46.3118627, 40.9475029 ], [ 46.3070649, 40.9695322 ], [ 46.3123765, 40.9918314 ], [ 46.3373871, 40.9888019 ], [ 46.3456394, 41.01284480000001 ], [ 46.3343165, 41.0467217 ], [ 46.3147414, 41.0516425 ], [ 46.3037508, 41.0699154 ], [ 46.2585617, 41.1007027 ], [ 46.2595116, 41.1113369 ], [ 46.2454507, 41.121999 ], [ 46.235895, 41.1267856 ], [ 46.2319967, 41.1253674 ], [ 46.2143861, 41.134838899999984 ], [ 46.200526, 41.1398925 ], [ 46.1769535, 41.1440746 ], [ 46.1604031, 41.1416826 ], [ 46.1104182, 41.1665315 ], [ 46.1052863, 41.175913 ] ] ] ]
    }
  }, {
    "type" : "Feature",
    "properties" : {
      "osm_id" : "3764570",
      "admin_level" : "5",
      "country_code" : "AZ",
      "name" : "Quba rayonu",
      "population" : "143100",
      "wikidata" : "Q457499",
      "wikipedia" : "de:Quba (Rayon)",
      "name_props" : {
        "name:az" : "Quba rayonu",
        "name:de" : "Quba",
        "name:en" : "Quba District",
        "name:es" : "Quba",
        "name:fa" : "شهرستان قوبا",
        "name:fr" : "Quba",
        "name:ja" : "グバ県",
        "name:ru" : "Губинский район",
        "name:uk" : "Ґубинський район"
      },
      "parent_boundary_id" : "364110"
    },
    "geometry" : {
      "type" : "MultiPolygon",
      "coordinates" : [ [ [ [ 48.8463115, 40.974064 ], [ 48.8468007, 40.9780492 ], [ 48.8504571, 40.9854553 ], [ 48.8538045, 40.9890512 ], [ 48.8577699, 41.0045596 ], [ 48.861275, 41.0081841 ], [ 48.8654275, 40.9822815 ], [ 48.8580838, 40.9581307 ], [ 48.8466205, 40.9702535 ], [ 48.8463115, 40.974064 ] ] ], [ [ [ 48.9936154, 41.1223312 ], [ 48.982555, 41.1187244 ], [ 48.9609859, 41.1147158 ], [ 48.9596882, 41.1210901 ], [ 48.9605894, 41.1235342 ], [ 48.9646321, 41.1252411 ], [ 48.966795, 41.1286159 ], [ 48.9799147, 41.1369507 ], [ 48.9922834, 41.1273481 ], [ 48.9936154, 41.1223312 ] ] ], [ [ [ 48.9821148, 41.168648099999984 ], [ 48.9886969, 41.1700574 ], [ 48.9909553, 41.1715757 ], [ 48.9918727, 41.1706954 ], [ 48.9950377, 41.1716686 ], [ 49.0085539, 41.1718158 ], [ 49.0157845, 41.1665417 ], [ 49.0044674, 41.1584423 ], [ 48.9938078, 41.1626586 ], [ 48.9836883, 41.1601856 ], [ 48.9774591, 41.1572127 ], [ 48.9753117, 41.1597976 ], [ 48.9821148, 41.168648099999984 ] ] ], [ [ [ 48.0168281, 41.182836 ], [ 48.0257457, 41.1925227 ], [ 48.0337819, 41.19497290000001 ], [ 48.0619245, 41.2188913 ], [ 48.0637438, 41.2334278 ], [ 48.0690055, 41.2342025 ], [ 48.0778835, 41.2290912 ], [ 48.0884417, 41.2285292 ], [ 48.0989882, 41.2352292 ], [ 48.1209997, 41.240524 ], [ 48.1198528, 41.2596782 ], [ 48.1382974, 41.2614875 ], [ 48.1480041, 41.2685524 ], [ 48.17151109999999, 41.2647023 ], [ 48.2045382, 41.2883911 ], [ 48.2276733, 41.289689 ], [ 48.2424411, 41.2969497 ], [ 48.2576794, 41.3261301 ], [ 48.3006904, 41.3349408 ], [ 48.3106273, 41.3391386 ], [ 48.3203785, 41.3486869 ], [ 48.342564, 41.3580853 ], [ 48.3441342, 41.3705383 ], [ 48.3812957, 41.389032 ], [ 48.4129005, 41.398069 ], [ 48.4170414, 41.4045684 ], [ 48.4485161, 41.4195598 ], [ 48.4487273, 41.423155 ], [ 48.4837303, 41.4443822 ], [ 48.5157549, 41.4444314 ], [ 48.5385458, 41.4553051 ], [ 48.5508829, 41.4561635 ], [ 48.5666051, 41.462298 ], [ 48.5666942, 41.4666726 ], [ 48.565138, 41.469719 ], [ 48.5921615, 41.482685 ], [ 48.5972601, 41.4804688 ], [ 48.6057918, 41.4866251 ], [ 48.62558030000001, 41.4965546 ], [ 48.6420845, 41.4782997 ], [ 48.6421287, 41.47553159999999 ], [ 48.6449078, 41.472783 ], [ 48.6685582, 41.4810698 ], [ 48.6796292, 41.4712216 ], [ 48.688161, 41.4722021 ], [ 48.6938582, 41.4641216 ], [ 48.70324, 41.4369196 ], [ 48.6900222, 41.4294388 ], [ 48.6814589, 41.4276 ], [ 48.69089120000001, 41.4166151 ], [ 48.6963975, 41.4019207 ], [ 48.7003826, 41.3958516 ], [ 48.7062817, 41.3818542 ], [ 48.7112046, 41.3759411 ], [ 48.713454, 41.3673116 ], [ 48.718774, 41.3576974 ], [ 48.7461303, 41.3593425 ], [ 48.7871311, 41.3635483 ], [ 48.8000981, 41.3747681 ], [ 48.806239, 41.3785106 ], [ 48.813157, 41.3733203 ], [ 48.8013871, 41.3659978 ], [ 48.8035284, 41.3583059 ], [ 48.8166371, 41.3436205 ], [ 48.8316504, 41.3327334 ], [ 48.8284864, 41.3252187 ], [ 48.8206521, 41.3250313 ], [ 48.8098855, 41.3191104 ], [ 48.8103493, 41.3155563 ], [ 48.8160579, 41.3111613 ], [ 48.81904440000001, 41.302111 ], [ 48.8173217, 41.2952615 ], [ 48.8091124, 41.2910049 ], [ 48.8013582, 41.2847661 ], [ 48.7922244, 41.2888602 ], [ 48.791069, 41.282263 ], [ 48.7984563, 41.271307 ], [ 48.8108987, 41.2600077 ], [ 48.8092854, 41.2527484 ], [ 48.7933186, 41.243627 ], [ 48.772387, 41.2361864 ], [ 48.75897169999999, 41.2347912 ], [ 48.7436394, 41.226668 ], [ 48.7377575, 41.2169278 ], [ 48.72743, 41.21568160000001 ], [ 48.7220084, 41.2084915 ], [ 48.7168066, 41.20466 ], [ 48.7241829, 41.183656 ], [ 48.7047534, 41.1575587 ], [ 48.7024564, 41.1494128 ], [ 48.6921809, 41.1479083 ], [ 48.6728594, 41.1327528 ], [ 48.6870907, 41.1331837 ], [ 48.7063333, 41.1302146 ], [ 48.71569619999999, 41.1324262 ], [ 48.7251425, 41.1266514 ], [ 48.7393365, 41.129382 ], [ 48.7461053, 41.1205678 ], [ 48.7578634, 41.11683450000001 ], [ 48.7582575, 41.10989 ], [ 48.753605, 41.0982636 ], [ 48.76716290000001, 41.0909125 ], [ 48.7696324, 41.086704799999985 ], [ 48.7669611, 41.0785902 ], [ 48.7480563, 41.0705769 ], [ 48.7359756, 41.0565357 ], [ 48.7146406, 41.0452304 ], [ 48.7038726, 41.0293753 ], [ 48.7356481, 41.0195485 ], [ 48.7322463, 41.01202 ], [ 48.7357148, 40.9978801 ], [ 48.724311, 40.9909862 ], [ 48.72381, 40.9654576 ], [ 48.7193292, 40.9599143 ], [ 48.7182599, 40.9531098 ], [ 48.744124, 40.9339544 ], [ 48.7541689, 40.9341012 ], [ 48.761823, 40.9269737 ], [ 48.7709568, 40.9239545 ], [ 48.7801857, 40.9153992 ], [ 48.7849993, 40.9144736 ], [ 48.7861792, 40.9077747 ], [ 48.7810984, 40.8982944 ], [ 48.7742508, 40.9001412 ], [ 48.7553967, 40.9011682 ], [ 48.7439461, 40.886119 ], [ 48.7288636, 40.88666090000001 ], [ 48.7139778, 40.9034137 ], [ 48.6622708, 40.9200812 ], [ 48.6282078, 40.9245251 ], [ 48.5627177, 40.946736 ], [ 48.5245765, 40.9447416 ], [ 48.5216808, 40.95479060000001 ], [ 48.492423, 40.946875 ], [ 48.436224, 40.9662261 ], [ 48.4229477, 40.9751044 ], [ 48.3903352, 40.9852422 ], [ 48.3519674, 40.9903105 ], [ 48.3050238, 41.0172661 ], [ 48.2971, 41.0132601 ], [ 48.2728082, 41.0058998 ], [ 48.245671, 41.0159103 ], [ 48.2010437, 41.0375792 ], [ 48.1762655, 41.053115 ], [ 48.1274062, 41.058212 ], [ 48.0957281, 41.0638738 ], [ 48.0740841, 41.0777172 ], [ 48.0589059, 41.0831528 ], [ 48.0347708, 41.0885659 ], [ 48.012029, 41.1039845 ], [ 47.9894586, 41.11444 ], [ 47.985754, 41.125742 ], [ 47.9926471, 41.1378265 ], [ 47.9870371, 41.1531646 ], [ 47.988988, 41.1629627 ], [ 48.0027013, 41.1714628 ], [ 48.0074767, 41.1777336 ], [ 48.0168281, 41.182836 ] ] ], [ [ [ 49.0929942, 41.2417028 ], [ 49.0966682, 41.2389401 ], [ 49.1047898, 41.2385039 ], [ 49.1131048, 41.2331235 ], [ 49.12001, 41.22709540000001 ], [ 49.1210422, 41.2214361 ], [ 49.1196241, 41.2161409 ], [ 49.1116815, 41.215148 ], [ 49.1020885, 41.20646 ], [ 49.0961341, 41.1911803 ], [ 49.0870125, 41.1906947 ], [ 49.0820407, 41.2052168 ], [ 49.0808734, 41.2162711 ], [ 49.0773029, 41.2215394 ], [ 49.0292377, 41.25757919999999 ], [ 49.0334262, 41.2672312 ], [ 49.0472965, 41.2699149 ], [ 49.0810734, 41.2698113 ], [ 49.0852593, 41.2664167 ], [ 49.0914472, 41.2524618 ], [ 49.0929942, 41.2417028 ] ] ] ]
    }
  }, {
    "type" : "Feature",
    "properties" : {
      "osm_id" : "3764571",
      "admin_level" : "5",
      "country_code" : "AZ",
      "name" : "Qusar rayonu",
      "population" : "88200",
      "wikidata" : "Q386506",
      "wikipedia" : "de:Qusar (Rayon)",
      "name_props" : {
        "name:az" : "Qusar rayonu",
        "name:de" : "Qusar region",
        "name:en" : "Qusar District",
        "name:es" : "Qusar",
        "name:fa" : "شهرستان قوسار",
        "name:fr" : "Qusar",
        "name:ja" : "グサル県",
        "name:ru" : "Гусарский район",
        "name:uk" : "Ґусарський район",
        "name:lez" : "КцIар район"
      },
      "parent_boundary_id" : "364110"
    },
    "geometry" : {
      "type" : "MultiPolygon",
      "coordinates" : [ [ [ [ 47.988988, 41.1629627 ], [ 47.9808775, 41.1673908 ], [ 47.9395699, 41.1668524 ], [ 47.9247278, 41.1757364 ], [ 47.9052446, 41.1823948 ], [ 47.8903049, 41.1753326 ], [ 47.8716587, 41.1762658 ], [ 47.8701868, 41.1888183 ], [ 47.8511488, 41.2007101 ], [ 47.8491985, 41.2114951 ], [ 47.8447906, 41.2158973 ], [ 47.8499937, 41.2153111 ], [ 47.8564319, 41.2185922 ], [ 47.8579219, 41.2206344 ], [ 47.8649859, 41.2186139 ], [ 47.87615850000001, 41.2173506 ], [ 47.8845068, 41.2184783 ], [ 47.8917525, 41.2259837 ], [ 47.8929334, 41.2295358 ], [ 47.9004382, 41.233225 ], [ 47.9019697, 41.2376512 ], [ 47.9049087, 41.2395655 ], [ 47.9057299, 41.241854 ], [ 47.9039843, 41.2443428 ], [ 47.9110571, 41.2542561 ], [ 47.9108036, 41.2565738 ], [ 47.9093468, 41.2632915 ], [ 47.9056729, 41.2665641 ], [ 47.9095741, 41.2782537 ], [ 47.8946143, 41.2876053 ], [ 47.890319, 41.2877347 ], [ 47.892864, 41.2918691 ], [ 47.8967272, 41.2922278 ], [ 47.8994696, 41.29608 ], [ 47.8990807, 41.2994679 ], [ 47.9115339, 41.2997012 ], [ 47.9190575, 41.3035868 ], [ 47.932249, 41.3111644 ], [ 47.9374527, 41.3136036 ], [ 47.948491, 41.3128679 ], [ 47.9644572, 41.3163161 ], [ 47.9646008, 41.3187698 ], [ 47.9689633, 41.3207925 ], [ 47.9689908, 41.3240773 ], [ 47.9578062, 41.3320773 ], [ 47.9558363, 41.341634499999984 ], [ 47.9535644, 41.3424077 ], [ 47.952387, 41.3474651 ], [ 47.9497854, 41.3505961 ], [ 47.9535659, 41.3537274 ], [ 47.9549709, 41.358997 ], [ 47.9628734, 41.3607261 ], [ 47.9682109, 41.3567264 ], [ 47.9749932, 41.353713 ], [ 47.9833118, 41.35333 ], [ 47.9913394, 41.3557211 ], [ 47.9938605, 41.3673316 ], [ 47.9976812, 41.3708743 ], [ 48.0011341, 41.3715118 ], [ 48.0033209, 41.3732901 ], [ 48.0027144, 41.3746222 ], [ 48.00577349999999, 41.381062 ], [ 47.9973141, 41.38550259999999 ], [ 48.0006997, 41.3910881 ], [ 47.9984976, 41.3957414 ], [ 48.0020089, 41.4009494 ], [ 48.0063111, 41.4033789 ], [ 48.0032668, 41.4094261 ], [ 48.0040827, 41.4109415 ], [ 48.0026453, 41.4143205 ], [ 48.0075924, 41.4246589 ], [ 48.0137686, 41.4286335 ], [ 48.01655, 41.4341712 ], [ 48.0249501, 41.4347513 ], [ 48.0365953, 41.4389866 ], [ 48.0583908, 41.4558793 ], [ 48.0637341, 41.4575127 ], [ 48.0643381, 41.4599915 ], [ 48.054184, 41.4671418 ], [ 48.0576866, 41.479212 ], [ 48.0649051, 41.4893551 ], [ 48.0647888, 41.4922877 ], [ 48.0697662, 41.4954315 ], [ 48.076911, 41.4977745 ], [ 48.0885616, 41.4985266 ], [ 48.09905890000001, 41.4977135 ], [ 48.1195408, 41.4993954 ], [ 48.1381648, 41.5081343 ], [ 48.1673782, 41.5123622 ], [ 48.2029665, 41.5122831 ], [ 48.2242755, 41.51693310000001 ], [ 48.252321, 41.5284019 ], [ 48.2595195, 41.5355582 ], [ 48.259546, 41.5413894 ], [ 48.2844654, 41.5608481 ], [ 48.2919288, 41.5639559 ], [ 48.31440889999999, 41.564105 ], [ 48.3216481, 41.5680806 ], [ 48.3486872, 41.5763908 ], [ 48.35534349999999, 41.5820557 ], [ 48.3773438, 41.5910141 ], [ 48.3866702, 41.5976606 ], [ 48.3960939, 41.6086997 ], [ 48.4011855, 41.6103507 ], [ 48.4127726, 41.623155 ], [ 48.4177274, 41.6354611 ], [ 48.4155384, 41.6379072 ], [ 48.4201699, 41.6504407 ], [ 48.4273266, 41.6601184 ], [ 48.4339995, 41.664984 ], [ 48.4369056, 41.6703851 ], [ 48.4530835, 41.6849322 ], [ 48.4567491, 41.6908342 ], [ 48.4649101, 41.6956216 ], [ 48.4678953, 41.6993812 ], [ 48.4748785, 41.704436499999986 ], [ 48.4745202, 41.7065797 ], [ 48.478867, 41.7101443 ], [ 48.4833759, 41.7190257 ], [ 48.489101, 41.7242496 ], [ 48.4911189, 41.7277451 ], [ 48.4992236, 41.7320649 ], [ 48.508102, 41.739839 ], [ 48.5115822, 41.7412773 ], [ 48.5411054, 41.7328248 ], [ 48.5497646, 41.7303455 ], [ 48.5796785, 41.7415929 ], [ 48.5996749, 41.7178898 ], [ 48.5907478, 41.7146114 ], [ 48.5845661, 41.6920155 ], [ 48.5737443, 41.6885974 ], [ 48.5694742, 41.68022830000001 ], [ 48.5723098, 41.674746 ], [ 48.5796634, 41.673385 ], [ 48.5861256, 41.6600114 ], [ 48.5888592, 41.6458204 ], [ 48.5955994, 41.6378859 ], [ 48.5862888, 41.6186292 ], [ 48.597414, 41.6138718 ], [ 48.5983058, 41.6012489 ], [ 48.5948581, 41.5896143 ], [ 48.6194957, 41.5878517 ], [ 48.6176925, 41.5749827 ], [ 48.5964934, 41.5679103 ], [ 48.5980653, 41.56033 ], [ 48.6079076, 41.5503988 ], [ 48.5934683, 41.5331124 ], [ 48.6152321, 41.5154418 ], [ 48.6344858, 41.524055 ], [ 48.6505511, 41.512035 ], [ 48.62558030000001, 41.4965546 ], [ 48.6057918, 41.4866251 ], [ 48.5972601, 41.4804688 ], [ 48.5921615, 41.482685 ], [ 48.565138, 41.469719 ], [ 48.5666942, 41.4666726 ], [ 48.5666051, 41.462298 ], [ 48.5508829, 41.4561635 ], [ 48.5385458, 41.4553051 ], [ 48.5157549, 41.4444314 ], [ 48.4837303, 41.4443822 ], [ 48.4487273, 41.423155 ], [ 48.4485161, 41.4195598 ], [ 48.4170414, 41.4045684 ], [ 48.4129005, 41.398069 ], [ 48.3812957, 41.389032 ], [ 48.3441342, 41.3705383 ], [ 48.342564, 41.3580853 ], [ 48.3203785, 41.3486869 ], [ 48.3106273, 41.3391386 ], [ 48.3006904, 41.3349408 ], [ 48.2576794, 41.3261301 ], [ 48.2424411, 41.2969497 ], [ 48.2276733, 41.289689 ], [ 48.2045382, 41.2883911 ], [ 48.17151109999999, 41.2647023 ], [ 48.1480041, 41.2685524 ], [ 48.1382974, 41.2614875 ], [ 48.1198528, 41.2596782 ], [ 48.1209997, 41.240524 ], [ 48.0989882, 41.2352292 ], [ 48.0884417, 41.2285292 ], [ 48.0778835, 41.2290912 ], [ 48.0690055, 41.2342025 ], [ 48.0637438, 41.2334278 ], [ 48.0619245, 41.2188913 ], [ 48.0337819, 41.19497290000001 ], [ 48.0257457, 41.1925227 ], [ 48.0168281, 41.182836 ], [ 48.0074767, 41.1777336 ], [ 48.0027013, 41.1714628 ], [ 47.988988, 41.1629627 ] ] ] ]
    }
  }, {
    "type" : "Feature",
    "properties" : {
      "osm_id" : "3764579",
      "admin_level" : "5",
      "country_code" : "AZ",
      "name" : "Sumqayıt İnzibati Ərazisi",
      "population" : null,
      "wikidata" : "Q179833",
      "wikipedia" : "de:Sumqayıt",
      "name_props" : {
        "name:az" : "Sumqayıt İnzibati Ərazisi",
        "name:de" : "Sumqayit",
        "name:en" : "Sumqayit",
        "name:es" : "Sumqayit",
        "name:fr" : "Sumqayit",
        "name:ja" : "スムガイト",
        "name:ru" : "Сумгаитская Администрация",
        "name:uk" : "Сумгаїт"
      },
      "parent_boundary_id" : "364110"
    },
    "geometry" : {
      "type" : "MultiPolygon",
      "coordinates" : [ [ [ [ 49.6443825, 40.5396721 ], [ 49.6331009, 40.5348568 ], [ 49.6324529, 40.5423189 ], [ 49.6281785, 40.5458214 ], [ 49.6231424, 40.5473054 ], [ 49.61983, 40.543878099999986 ], [ 49.5991286, 40.5458794 ], [ 49.6032787, 40.5650608 ], [ 49.5894225, 40.5729686 ], [ 49.5823393, 40.5812478 ], [ 49.5492011, 40.5767653 ], [ 49.5220089, 40.6138477 ], [ 49.5264292, 40.63058439999999 ], [ 49.5192899, 40.6565985 ], [ 49.5145884, 40.6638057 ], [ 49.5173272, 40.6650187 ], [ 49.5020722, 40.6835784 ], [ 49.4823609, 40.7077159 ], [ 49.5004834, 40.7235635 ], [ 49.5134894, 40.7252726 ], [ 49.7912404, 40.866692 ], [ 49.8017854, 40.8458869 ], [ 49.8091031, 40.8248637 ], [ 49.8130318, 40.8055713 ], [ 49.8146526, 40.7794741 ], [ 49.8275183, 40.7727409 ], [ 49.83866539999999, 40.7709103 ], [ 49.8635628, 40.7766632 ], [ 49.7713495, 40.57727459999999 ], [ 49.7773241, 40.565927 ], [ 49.780009, 40.5564032 ], [ 49.7646399, 40.5550986 ], [ 49.7552454, 40.5584416 ], [ 49.7331346, 40.5603408 ], [ 49.7155153, 40.5541548 ], [ 49.7104359, 40.5527417 ], [ 49.7003715, 40.5523698 ], [ 49.6989579, 40.5499863 ], [ 49.6950374, 40.5491721 ], [ 49.6878035, 40.5502248 ], [ 49.6617691, 40.5477088 ], [ 49.6548498, 40.5415442 ], [ 49.6552966, 40.5376055 ], [ 49.6557024, 40.5358935 ], [ 49.6549913, 40.535553 ], [ 49.6498488, 40.53557150000001 ], [ 49.6443825, 40.5396721 ] ] ] ]
    }
  }, {
    "type" : "Feature",
    "properties" : {
      "osm_id" : "3764574",
      "admin_level" : "5",
      "country_code" : "AZ",
      "name" : "Sabirabad rayonu",
      "population" : null,
      "wikidata" : "Q382132",
      "wikipedia" : "de:Sabirabad (Rayon)",
      "name_props" : {
        "name:ar" : "مقاطعة صابر آباد",
        "name:az" : "Sabirabad rayonu",
        "name:de" : "Sabirabad",
        "name:en" : "Sabirabad District",
        "name:es" : "Sabirabad",
        "name:fa" : "شهرستان صابرآباد",
        "name:fr" : "Sabirabad",
        "name:ja" : "サビラバド県",
        "name:ru" : "Сабирабадский район",
        "name:uk" : "Сабірабадський район"
      },
      "parent_boundary_id" : "364110"
    },
    "geometry" : {
      "type" : "MultiPolygon",
      "coordinates" : [ [ [ [ 48.4015635, 40.0239906 ], [ 48.3870718, 40.0179313 ], [ 48.3438939, 40.0102222 ], [ 48.296324, 39.9880963 ], [ 48.2609906, 39.9753682 ], [ 48.2389068, 39.9852261 ], [ 48.2608588, 40.043321 ], [ 48.2666451, 40.0413261 ], [ 48.2695204, 40.0418025 ], [ 48.27200950000001, 40.0510669 ], [ 48.2792407, 40.0582936 ], [ 48.2839185, 40.0605108 ], [ 48.2873088, 40.0593496 ], [ 48.2903344, 40.055063 ], [ 48.2917935, 40.0494128 ], [ 48.2907635, 40.0420045 ], [ 48.2919651, 40.0411174 ], [ 48.3025009, 40.04581550000001 ], [ 48.3071149, 40.0452389 ], [ 48.3228138, 40.037989 ], [ 48.3299163, 40.0276548 ], [ 48.3333281, 40.0259459 ], [ 48.3355382, 40.0267839 ], [ 48.3368257, 40.0313352 ], [ 48.3320192, 40.0373236 ], [ 48.3397439, 40.03805470000001 ], [ 48.3345437, 40.0469837 ], [ 48.3289445, 40.0522342 ], [ 48.3393821, 40.0823006 ], [ 48.3526667, 40.0846812 ], [ 48.3507529, 40.1038292 ], [ 48.4053346, 40.1074749 ], [ 48.4528521, 40.1618942 ], [ 48.4768747, 40.1644973 ], [ 48.5035696, 40.1606214 ], [ 48.5701829, 40.171555 ], [ 48.6560601, 40.152822 ], [ 48.6613988, 40.0947219 ], [ 48.6589404, 40.0875342 ], [ 48.6598299, 40.0827154 ], [ 48.654703, 40.0766571 ], [ 48.648963, 40.0614842 ], [ 48.6491025, 40.0568529 ], [ 48.6521066, 40.0538801 ], [ 48.656205, 40.0526318 ], [ 48.6591447, 40.0534202 ], [ 48.6672557, 40.0593328 ], [ 48.6765683, 40.0601704 ], [ 48.6822117, 40.0553337 ], [ 48.6845183, 40.0436655 ], [ 48.7030288, 40.0314848 ], [ 48.7061616, 40.0318791 ], [ 48.7060329, 40.0365122 ], [ 48.7080714, 40.0410299 ], [ 48.7104102, 40.0425413 ], [ 48.7129422, 40.0425248 ], [ 48.7172767, 40.0343107 ], [ 48.7130495, 40.0246167 ], [ 48.7139937, 40.0212975 ], [ 48.7163969, 40.0196214 ], [ 48.722212, 40.022497 ], [ 48.7321898, 40.0236637 ], [ 48.7637755, 40.0214618 ], [ 48.7754525, 40.0172174 ], [ 48.7902328, 40.0178959 ], [ 48.793666, 40.0137217 ], [ 48.8010474, 40.0091857 ], [ 48.822076, 40.005159 ], [ 48.8301226, 40.0011484 ], [ 48.8308481, 39.996572 ], [ 48.8257452, 39.99047980000001 ], [ 48.8250586, 39.9886056 ], [ 48.82611, 39.9874548 ], [ 48.8297793, 39.9881453 ], [ 48.8393065, 39.9955102 ], [ 48.8455507, 39.9965622 ], [ 48.8478895, 39.9945896 ], [ 48.8480397, 39.9918278 ], [ 48.8448554, 39.9892314 ], [ 48.8384159, 39.9866895 ], [ 48.8414423, 39.97994 ], [ 48.8603057, 39.9735346 ], [ 48.8646426, 39.9706164 ], [ 48.8620865, 39.9618062 ], [ 48.8633143, 39.9597309 ], [ 48.8684565, 39.9595856 ], [ 48.8781234, 39.9626997 ], [ 48.8839193, 39.9613704 ], [ 48.8888597, 39.9554489 ], [ 48.8872037, 39.9521917 ], [ 48.8819392, 39.9478382 ], [ 48.8812459, 39.9435467 ], [ 48.8825387, 39.941396 ], [ 48.8862796, 39.93948 ], [ 48.8964701, 39.940856 ], [ 48.9016713, 39.9402985 ], [ 48.9038842, 39.9389945 ], [ 48.9039981, 39.9311464 ], [ 48.9004989, 39.9253553 ], [ 48.8921167, 39.918835 ], [ 48.8897919, 39.9139344 ], [ 48.8921642, 39.9125507 ], [ 48.8952112, 39.9126988 ], [ 48.9031931, 39.918793 ], [ 48.9070558, 39.9193478 ], [ 48.9087556, 39.9180156 ], [ 48.9085712, 39.9120556 ], [ 48.9050858, 39.9091926 ], [ 48.8992267, 39.9071098 ], [ 48.8870412, 39.9072961 ], [ 48.8821649, 39.9062139 ], [ 48.8792001, 39.8986997 ], [ 48.8805897, 39.8970751 ], [ 48.8829147, 39.8966629 ], [ 48.9008315, 39.8993245 ], [ 48.9069834, 39.8985356 ], [ 48.908, 39.8938018 ], [ 48.9008224, 39.87729559999999 ], [ 48.9016807, 39.8759865 ], [ 48.91697, 39.872362 ], [ 48.9206385, 39.8696792 ], [ 48.92066, 39.866023 ], [ 48.917774, 39.8601513 ], [ 48.9193082, 39.8555063 ], [ 48.9195657, 39.8514705 ], [ 48.9094752, 39.8482375 ], [ 48.913461, 39.8403501 ], [ 48.9080965, 39.8362475 ], [ 48.9063907, 39.8299036 ], [ 48.9102959, 39.824276 ], [ 48.91536, 39.8208811 ], [ 48.9301443, 39.8173047 ], [ 48.9324832, 39.815739 ], [ 48.9328694, 39.8133656 ], [ 48.9285564, 39.8073657 ], [ 48.928535, 39.8049096 ], [ 48.9445107, 39.788154 ], [ 48.9484906, 39.7824047 ], [ 48.9470422, 39.779758 ], [ 48.9387917, 39.7781832 ], [ 48.9357377, 39.7762726 ], [ 48.9354443, 39.7717515 ], [ 48.9399752, 39.7660763 ], [ 48.9319437, 39.7648083 ], [ 48.9272426, 39.7619963 ], [ 48.9215578, 39.7559901 ], [ 48.9204067, 39.7496321 ], [ 48.9224543, 39.7481035 ], [ 48.9279556, 39.7484108 ], [ 48.93528340000001, 39.7514464 ], [ 48.9401328, 39.7520898 ], [ 48.9491211, 39.7487399 ], [ 48.9511629, 39.746471 ], [ 48.951146, 39.7441047 ], [ 48.9431205, 39.7407298 ], [ 48.9417022, 39.7381946 ], [ 48.9493367, 39.729774 ], [ 48.9509575, 39.7253614 ], [ 48.9510012, 39.7171236 ], [ 48.9561027, 39.7176271 ], [ 48.964895, 39.7232139 ], [ 48.9673197, 39.7231644 ], [ 48.9682209, 39.720928 ], [ 48.9664292, 39.7160095 ], [ 48.9596568, 39.710749 ], [ 48.9519671, 39.7077522 ], [ 48.9401609, 39.7057062 ], [ 48.9375204, 39.7037477 ], [ 48.9411397, 39.7004545 ], [ 48.9535761, 39.6994069 ], [ 48.9576128, 39.6963855 ], [ 48.9579469, 39.6947573 ], [ 48.9534582, 39.6885203 ], [ 48.953511, 39.68590970000001 ], [ 48.9663327, 39.6722969 ], [ 48.9679313, 39.6660535 ], [ 48.9668906, 39.6617588 ], [ 48.9643049, 39.6588266 ], [ 48.96173, 39.6585045 ], [ 48.958168, 39.660429 ], [ 48.9557648, 39.6652028 ], [ 48.95365120000001, 39.6661774 ], [ 48.9431227, 39.662561 ], [ 48.939345, 39.6648212 ], [ 48.9276284, 39.66182709999999 ], [ 48.917391, 39.6657323 ], [ 48.9117177, 39.6642861 ], [ 48.9067089, 39.6564534 ], [ 48.8844341, 39.6483669 ], [ 48.8689308, 39.639068399999985 ], [ 48.8669638, 39.62905339999999 ], [ 48.8748319, 39.617185 ], [ 48.8760259, 39.6110054 ], [ 48.8657698, 39.609083 ], [ 48.8479768, 39.6225645 ], [ 48.831885, 39.6294742 ], [ 48.8128874, 39.6289118 ], [ 48.7850436, 39.6164596 ], [ 48.7712309, 39.6153795 ], [ 48.7535315, 39.6178584 ], [ 48.7380155, 39.6126668 ], [ 48.7311752, 39.607237 ], [ 48.6942738, 39.6424867 ], [ 48.6478107, 39.6455632 ], [ 48.58507070000001, 39.6678916 ], [ 48.5672162, 39.6638039 ], [ 48.5338726, 39.6722198 ], [ 48.5384597, 39.7029646 ], [ 48.5693858, 39.7002323 ], [ 48.6393763, 39.7134375 ], [ 48.698269, 39.7701001 ], [ 48.6763692, 39.8062578 ], [ 48.6926461, 39.85512019999999 ], [ 48.6831679, 39.8999513 ], [ 48.6158409, 39.9223109 ], [ 48.5928764, 39.9449365 ], [ 48.5349628, 39.9580908 ], [ 48.4393294, 39.9450167 ], [ 48.4345164, 39.9576096 ], [ 48.451497, 39.9678565 ], [ 48.4476682, 39.9736683 ], [ 48.4496622, 39.9930385 ], [ 48.452555, 39.9978277 ], [ 48.4507701, 40.004898 ], [ 48.4514583, 40.0067614 ], [ 48.4602778, 40.0123418 ], [ 48.4561846, 40.0156421 ], [ 48.4544975, 40.0190329 ], [ 48.431645, 40.0185111 ], [ 48.4281796, 40.0194725 ], [ 48.4274179, 40.0213704 ], [ 48.43298080000001, 40.0312866 ], [ 48.4320657, 40.0340462 ], [ 48.4296748, 40.0350745 ], [ 48.4113052, 40.0302672 ], [ 48.4015635, 40.0239906 ] ] ] ]
    }
  }, {
    "type" : "Feature",
    "properties" : {
      "osm_id" : "3764575",
      "admin_level" : "5",
      "country_code" : "AZ",
      "name" : "Salyan rayonu",
      "population" : null,
      "wikidata" : "Q457485",
      "wikipedia" : "az:Salyan rayonu",
      "name_props" : {
        "name:az" : "Salyan rayonu",
        "name:de" : "Salyan",
        "name:en" : "Salyan District",
        "name:es" : "Salyan",
        "name:fa" : "شهرستان سالیان",
        "name:fr" : "Salyan",
        "name:ja" : "サリヤン県",
        "name:ru" : "Сальянский район",
        "name:uk" : "Сальянський район"
      },
      "parent_boundary_id" : "364110"
    },
    "geometry" : {
      "type" : "MultiPolygon",
      "coordinates" : [ [ [ [ 48.7311752, 39.607237 ], [ 48.7380155, 39.6126668 ], [ 48.7535315, 39.6178584 ], [ 48.7712309, 39.6153795 ], [ 48.7850436, 39.6164596 ], [ 48.8128874, 39.6289118 ], [ 48.831885, 39.6294742 ], [ 48.8479768, 39.6225645 ], [ 48.8657698, 39.609083 ], [ 48.8760259, 39.6110054 ], [ 48.8748319, 39.617185 ], [ 48.8669638, 39.62905339999999 ], [ 48.8689308, 39.639068399999985 ], [ 48.8844341, 39.6483669 ], [ 48.9067089, 39.6564534 ], [ 48.9117177, 39.6642861 ], [ 48.917391, 39.6657323 ], [ 48.9276284, 39.66182709999999 ], [ 48.939345, 39.6648212 ], [ 48.9431227, 39.662561 ], [ 48.95365120000001, 39.6661774 ], [ 48.9557648, 39.6652028 ], [ 48.958168, 39.660429 ], [ 48.96173, 39.6585045 ], [ 48.9643049, 39.6588266 ], [ 48.9668906, 39.6617588 ], [ 48.9679313, 39.6660535 ], [ 48.9663327, 39.6722969 ], [ 48.953511, 39.68590970000001 ], [ 48.9534582, 39.6885203 ], [ 48.9579469, 39.6947573 ], [ 48.9576128, 39.6963855 ], [ 48.9535761, 39.6994069 ], [ 48.9411397, 39.7004545 ], [ 48.9375204, 39.7037477 ], [ 48.9401609, 39.7057062 ], [ 48.9519671, 39.7077522 ], [ 48.9596568, 39.710749 ], [ 48.9664292, 39.7160095 ], [ 48.9682209, 39.720928 ], [ 48.9673197, 39.7231644 ], [ 48.964895, 39.7232139 ], [ 48.9561027, 39.7176271 ], [ 48.9510012, 39.7171236 ], [ 48.9509575, 39.7253614 ], [ 48.9493367, 39.729774 ], [ 48.9417022, 39.7381946 ], [ 48.9431205, 39.7407298 ], [ 48.951146, 39.7441047 ], [ 48.9511629, 39.746471 ], [ 48.9491211, 39.7487399 ], [ 48.9401328, 39.7520898 ], [ 48.93528340000001, 39.7514464 ], [ 48.9279556, 39.7484108 ], [ 48.9224543, 39.7481035 ], [ 48.9204067, 39.7496321 ], [ 48.9215578, 39.7559901 ], [ 48.9272426, 39.7619963 ], [ 48.9319437, 39.7648083 ], [ 48.9399752, 39.7660763 ], [ 48.9354443, 39.7717515 ], [ 48.9357377, 39.7762726 ], [ 48.9387917, 39.7781832 ], [ 48.9470422, 39.779758 ], [ 48.9484906, 39.7824047 ], [ 48.9445107, 39.788154 ], [ 48.928535, 39.8049096 ], [ 48.9285564, 39.8073657 ], [ 48.9328694, 39.8133656 ], [ 48.9324832, 39.815739 ], [ 48.9301443, 39.8173047 ], [ 48.91536, 39.8208811 ], [ 48.9102959, 39.824276 ], [ 48.9063907, 39.8299036 ], [ 48.9080965, 39.8362475 ], [ 48.913461, 39.8403501 ], [ 48.9094752, 39.8482375 ], [ 48.9195657, 39.8514705 ], [ 48.9193082, 39.8555063 ], [ 48.9286491, 39.8570179 ], [ 48.938642, 39.8626725 ], [ 48.9435193, 39.8637151 ], [ 48.9420477, 39.8687183 ], [ 48.9446067, 39.8802679 ], [ 48.9418726, 39.8899836 ], [ 48.9427738, 39.8996877 ], [ 48.9471878, 39.9171673 ], [ 48.9760565, 39.9372289 ], [ 48.9855408, 39.9318982 ], [ 49.0513987, 39.9135989 ], [ 49.1579994, 39.889042 ], [ 49.1859532, 39.8873503 ], [ 49.2714071, 39.8920568 ], [ 49.3012517, 39.9008539 ], [ 49.3347054, 39.8589599 ], [ 49.3333339, 39.8437523 ], [ 49.342813, 39.84191340000001 ], [ 49.3353686, 39.7162338 ], [ 49.3212076, 39.6671485 ], [ 49.3214178, 39.6352634 ], [ 49.9465596, 39.5311636 ], [ 49.9282494, 39.5065233 ], [ 49.9057625, 39.4841933 ], [ 49.8794997, 39.4645476 ], [ 49.84972109999999, 39.4478797 ], [ 49.4831024, 39.5085965 ], [ 49.2891294, 39.5455134 ], [ 49.2863034, 39.546191 ], [ 49.2422662, 39.514426 ], [ 49.2125849, 39.5039484 ], [ 49.178922, 39.5060087 ], [ 49.1530769, 39.495108 ], [ 49.1229564, 39.4926844 ], [ 49.0783881, 39.5199139 ], [ 49.0725398, 39.5524197 ], [ 49.0630614, 39.559261 ], [ 49.037986, 39.5624067 ], [ 49.0347934, 39.5695066 ], [ 49.0093661, 39.5950821 ], [ 49.0103575, 39.6051719 ], [ 48.99898429999999, 39.6161679 ], [ 48.9940452, 39.6132925 ], [ 48.991352, 39.6059328 ], [ 48.9982349, 39.6037901 ], [ 49.0006435, 39.6018196 ], [ 48.9897644, 39.5922629 ], [ 48.9822864, 39.5817125 ], [ 48.9827639, 39.579637 ], [ 48.985827, 39.5776524 ], [ 48.9882624, 39.5738898 ], [ 48.9903223, 39.5637088 ], [ 48.9919639, 39.5634607 ], [ 48.9946139, 39.5650156 ], [ 48.9993238, 39.5718222 ], [ 49.0009117, 39.57241770000001 ], [ 49.0021992, 39.5686134 ], [ 49.0012336, 39.5585889 ], [ 49.0025425, 39.5555779 ], [ 49.0118551, 39.5596063 ], [ 49.0183997, 39.5652596 ], [ 49.0207332, 39.5644201 ], [ 49.0183997, 39.5552636 ], [ 49.0042269, 39.5459238 ], [ 49.000386, 39.5408191 ], [ 49.0087759, 39.5396442 ], [ 49.0193224, 39.5428048 ], [ 49.023453, 39.5423249 ], [ 49.0249765, 39.5405791 ], [ 49.0218651, 39.5336205 ], [ 49.0067965, 39.5323793 ], [ 49.0017318, 39.5299266 ], [ 48.9986516, 39.5263446 ], [ 49.0006575, 39.5256699 ], [ 49.0060508, 39.5270253 ], [ 49.0098322, 39.5261905 ], [ 49.0078164, 39.5140047 ], [ 49.0105817, 39.5129984 ], [ 49.0202235, 39.51267709999998 ], [ 49.0215862, 39.5116645 ], [ 49.0210983, 39.5095623 ], [ 49.0183588, 39.5077759 ], [ 49.0028161, 39.5049182 ], [ 48.9985782, 39.5021781 ], [ 48.99714, 39.49966569999999 ], [ 48.9885551, 39.4895646 ], [ 48.9646101, 39.4829698 ], [ 48.9419204, 39.4839013 ], [ 48.9345341, 39.4830444 ], [ 48.8968738, 39.4137793 ], [ 48.9046569, 39.4073967 ], [ 48.8953718, 39.3942077 ], [ 48.88064459999999, 39.3810217 ], [ 48.8485213, 39.3674372 ], [ 48.794651, 39.4094263 ], [ 48.7578332, 39.4224475 ], [ 48.7396012, 39.4359561 ], [ 48.764166, 39.4783838 ], [ 48.7630569, 39.4976433 ], [ 48.7336651, 39.5161488 ], [ 48.7256239, 39.5325108 ], [ 48.7383789, 39.584886 ], [ 48.7311752, 39.607237 ] ] ] ]
    }
  }, {
    "type" : "Feature",
    "properties" : {
      "osm_id" : "3764580",
      "admin_level" : "5",
      "country_code" : "AZ",
      "name" : "Tovuz rayonu",
      "population" : null,
      "wikidata" : "Q388980",
      "wikipedia" : "az:Tovuz rayonu",
      "name_props" : {
        "name:ar" : "مقاطعة تووز",
        "name:az" : "Tovuz rayonu",
        "name:de" : "Rayon Tovuz",
        "name:en" : "Tovuz District",
        "name:fa" : "شهرستان تووز",
        "name:ja" : "トヴズ県",
        "name:ru" : "Товузский район",
        "name:uk" : "Товузький район",
        "name:ur" : "تووز ضلع",
        "name:azb" : "تووز رایونو",
        "name:pnb" : "ضلع تووز"
      },
      "parent_boundary_id" : "364110"
    },
    "geometry" : {
      "type" : "MultiPolygon",
      "coordinates" : [ [ [ [ 45.4259526, 40.7424595 ], [ 45.4301266, 40.7463138 ], [ 45.4413336, 40.7450726 ], [ 45.445307, 40.7464986 ], [ 45.449801, 40.7463129 ], [ 45.4559148, 40.7488245 ], [ 45.4614039, 40.7488509 ], [ 45.4657467, 40.7551201 ], [ 45.4686628, 40.7563538 ], [ 45.47333359999999, 40.7511412 ], [ 45.4823824, 40.751591 ], [ 45.4896347, 40.7546385 ], [ 45.4997488, 40.762257 ], [ 45.505411, 40.7695212 ], [ 45.522051, 40.7735468 ], [ 45.5456232, 40.77454059999999 ], [ 45.5481154, 40.7770776 ], [ 45.5493002, 40.78079 ], [ 45.5570626, 40.7857087 ], [ 45.5599325, 40.7899225 ], [ 45.5658049, 40.794341 ], [ 45.5666809, 40.7973395 ], [ 45.5686518, 40.7971438 ], [ 45.5700824, 40.7985343 ], [ 45.5732413, 40.8046993 ], [ 45.5830465, 40.8113169 ], [ 45.5861923, 40.8181502 ], [ 45.5919937, 40.8214275 ], [ 45.5950532, 40.8270388 ], [ 45.5939122, 40.8315132 ], [ 45.600126, 40.8389324 ], [ 45.5990193, 40.841762 ], [ 45.607953, 40.8506831 ], [ 45.6036971, 40.8612247 ], [ 45.5972648, 40.8679401 ], [ 45.598074, 40.8687208 ], [ 45.602218, 40.87381329999999 ], [ 45.6025184, 40.8807625 ], [ 45.6018443, 40.8830875 ], [ 45.5970731, 40.8855028 ], [ 45.5963972, 40.8869269 ], [ 45.5911725, 40.8868166 ], [ 45.5889111, 40.8889246 ], [ 45.5849983, 40.8888013 ], [ 45.5815674, 40.8915934 ], [ 45.5763213, 40.8880017 ], [ 45.5730325, 40.8876809 ], [ 45.5711724, 40.8847491 ], [ 45.5599659, 40.883896 ], [ 45.5555559, 40.8873226 ], [ 45.556409, 40.8882031 ], [ 45.5584318, 40.8871399 ], [ 45.5576185, 40.8883316 ], [ 45.5608688, 40.8922377 ], [ 45.5593821, 40.8933222 ], [ 45.5574408, 40.8993103 ], [ 45.545923, 40.8992484 ], [ 45.5422565, 40.897814 ], [ 45.5402955, 40.8985141 ], [ 45.5315601, 40.90632990000001 ], [ 45.5281541, 40.9060721 ], [ 45.5220794, 40.9101398 ], [ 45.5169382, 40.916498 ], [ 45.5169311, 40.9211728 ], [ 45.5023355, 40.9267938 ], [ 45.4999713, 40.9267404 ], [ 45.4918594, 40.9223655 ], [ 45.4834712, 40.9223931 ], [ 45.4814837, 40.9235121 ], [ 45.4740134, 40.9305822 ], [ 45.4766757, 40.9315533 ], [ 45.4753884, 40.9341645 ], [ 45.4780511, 40.9362785 ], [ 45.4805259, 40.9362015 ], [ 45.4839362, 40.9396255 ], [ 45.4772592, 40.9435512 ], [ 45.4647846, 40.9548949 ], [ 45.4537581, 40.970696 ], [ 45.4604237, 40.9739964 ], [ 45.4942544, 40.9805721 ], [ 45.5106862, 40.9892155 ], [ 45.5442918, 41.0109223 ], [ 45.5792074, 41.0250953 ], [ 45.5736274, 41.0432044 ], [ 45.5909578, 41.0498796 ], [ 45.5959379, 41.0612436 ], [ 45.5808448, 41.10226620000001 ], [ 45.5767602, 41.1214187 ], [ 45.5670371, 41.1405806 ], [ 45.5713343, 41.1504714 ], [ 45.61296629999999, 41.1281048 ], [ 45.6296095, 41.1270169 ], [ 45.6459515, 41.13711 ], [ 45.6386699, 41.1617659 ], [ 45.746304, 41.2218788 ], [ 45.756634, 41.253418 ], [ 45.767781, 41.246131 ], [ 45.771784, 41.241571 ], [ 45.775597, 41.24078 ], [ 45.786365, 41.234487 ], [ 45.794212, 41.23196 ], [ 45.79846, 41.228457 ], [ 45.803276, 41.226833 ], [ 45.804898, 41.225585 ], [ 45.80579, 41.221987 ], [ 45.817098, 41.221967 ], [ 45.832886, 41.218615 ], [ 45.861414, 41.2146 ], [ 45.865526, 41.212979 ], [ 45.881897, 41.212678 ], [ 45.891424, 41.208012 ], [ 45.903364, 41.197379 ], [ 45.913715, 41.190585 ], [ 45.925602, 41.187781 ], [ 45.953168, 41.177856 ], [ 45.961507, 41.177845 ], [ 45.974164, 41.179976 ], [ 45.983963, 41.178598 ], [ 45.999498, 41.180289 ], [ 46.004046, 41.179602 ], [ 46.007383, 41.183753 ], [ 46.016797, 41.182611 ], [ 46.024102, 41.186256 ], [ 46.034777, 41.186043 ], [ 46.042604, 41.188151 ], [ 46.050212, 41.186197 ], [ 46.056541, 41.18714 ], [ 46.058604, 41.189418 ], [ 46.065158, 41.189828 ], [ 46.081939, 41.181723 ], [ 46.083039, 41.177532 ], [ 46.080265, 41.174673 ], [ 46.08805, 41.174187 ], [ 46.097871, 41.171974 ], [ 46.1052863, 41.175913 ], [ 46.1104182, 41.1665315 ], [ 46.1604031, 41.1416826 ], [ 46.1769535, 41.1440746 ], [ 46.200526, 41.1398925 ], [ 46.2143861, 41.134838899999984 ], [ 46.2319967, 41.1253674 ], [ 46.2227629, 41.1191109 ], [ 46.21005860000001, 41.0955478 ], [ 46.1930361, 41.0765877 ], [ 46.1603184, 41.0508463 ], [ 46.1269062, 41.0508916 ], [ 46.1227817, 41.0188746 ], [ 46.1059044, 41.0061316 ], [ 46.082062, 41.0000347 ], [ 46.0311689, 41.0066817 ], [ 46.0052754, 40.9861303 ], [ 45.9746535, 41.0093405 ], [ 45.9144138, 40.9839259 ], [ 45.9129383, 40.9783548 ], [ 45.9275232, 40.9816841 ], [ 45.9239149, 40.9680294 ], [ 45.8969878, 40.9711958 ], [ 45.8794688, 40.9621867 ], [ 45.8809084, 40.9549845 ], [ 45.8963835, 40.9555281 ], [ 45.8995271, 40.948772 ], [ 45.883565, 40.9461474 ], [ 45.8672362, 40.933824 ], [ 45.8531463, 40.9325173 ], [ 45.8426288, 40.9271275 ], [ 45.8286406, 40.9177907 ], [ 45.82008, 40.9152395 ], [ 45.8121353, 40.9081583 ], [ 45.8049556, 40.9085947 ], [ 45.7794632, 40.8905908 ], [ 45.7772752, 40.8863814 ], [ 45.7710171, 40.8811547 ], [ 45.7600093, 40.8766444 ], [ 45.7429817, 40.8631571 ], [ 45.73488239999999, 40.8617161 ], [ 45.7285713, 40.8580856 ], [ 45.7280834, 40.8352762 ], [ 45.7378042, 40.8334682 ], [ 45.75088619999999, 40.8220818 ], [ 45.7489585, 40.8118929 ], [ 45.7501228, 40.8078297 ], [ 45.7462444, 40.8065759 ], [ 45.7416961, 40.8109079 ], [ 45.7396891, 40.8172672 ], [ 45.7373775, 40.8172746 ], [ 45.736489, 40.8106952 ], [ 45.7294844, 40.8074378 ], [ 45.7262486, 40.8004833 ], [ 45.7336886, 40.7942561 ], [ 45.7351243, 40.788535 ], [ 45.7219726, 40.7874655 ], [ 45.7167328, 40.7827672 ], [ 45.7152334, 40.7742316 ], [ 45.7237953, 40.7703089 ], [ 45.7337236, 40.7498092 ], [ 45.7272935, 40.7343718 ], [ 45.7383851, 40.7232188 ], [ 45.7359333, 40.7168638 ], [ 45.7162548, 40.7112829 ], [ 45.7130689, 40.7033987 ], [ 45.6791326, 40.68472830000001 ], [ 45.6786887, 40.6781805 ], [ 45.7076463, 40.6717401 ], [ 45.7040907, 40.6605244 ], [ 45.7046324, 40.6537621 ], [ 45.7137937, 40.6398602 ], [ 45.7092131, 40.6366739 ], [ 45.7009062, 40.6355732 ], [ 45.7003063, 40.6329081 ], [ 45.7131993, 40.6248287 ], [ 45.7149388, 40.6193881 ], [ 45.7127482, 40.6140689 ], [ 45.7052686, 40.6129169 ], [ 45.6855466, 40.6131101 ], [ 45.6767119, 40.6165987 ], [ 45.6620867, 40.6365433 ], [ 45.65475, 40.6396647 ], [ 45.6439455, 40.63778520000001 ], [ 45.6369416, 40.6271511 ], [ 45.6284225, 40.6211288 ], [ 45.6157209, 40.6245334 ], [ 45.6139018, 40.6319774 ], [ 45.6151068, 40.6425787 ], [ 45.6069113, 40.6547675 ], [ 45.597037, 40.6559057 ], [ 45.5751809, 40.6667316 ], [ 45.5536245, 40.6590737 ], [ 45.5454566, 40.6586809 ], [ 45.5405431, 40.6620882 ], [ 45.5372305, 40.6627256 ], [ 45.534664, 40.6685844 ], [ 45.5142308, 40.6681476 ], [ 45.51006, 40.6671195 ], [ 45.5103005, 40.66588560000001 ], [ 45.4997946, 40.6651141 ], [ 45.4882816, 40.6697529 ], [ 45.4799135, 40.6763176 ], [ 45.4782517, 40.700929 ], [ 45.4830489, 40.7098232 ], [ 45.4891244, 40.711548 ], [ 45.4834178, 40.7209198 ], [ 45.4701556, 40.7283091 ], [ 45.4558003, 40.7271273 ], [ 45.4404461, 40.7354011 ], [ 45.4275378, 40.7395343 ], [ 45.4259526, 40.7424595 ] ] ] ]
    }
  }, {
    "type" : "Feature",
    "properties" : {
      "osm_id" : "3764582",
      "admin_level" : "5",
      "country_code" : "AZ",
      "name" : "Ucar rayonu",
      "population" : "77903",
      "wikidata" : "Q476703",
      "wikipedia" : "de:Ucar (Rayon)",
      "name_props" : {
        "name:az" : "Ucar rayonu",
        "name:de" : "Ucar",
        "name:en" : "Ujar District",
        "name:es" : "Ucar",
        "name:fa" : "شهرستان اوجار",
        "name:fr" : "Ucar",
        "name:ja" : "ウジャル県",
        "name:pl" : "Rejon Ucar",
        "name:ru" : "Уджарский район",
        "name:uk" : "Уджарський район"
      },
      "parent_boundary_id" : "364110"
    },
    "geometry" : {
      "type" : "MultiPolygon",
      "coordinates" : [ [ [ [ 47.6987201, 40.3035043 ], [ 47.6973502, 40.2983903 ], [ 47.6893164, 40.2938699 ], [ 47.6837246, 40.299526 ], [ 47.6774761, 40.3032441 ], [ 47.6616833, 40.3028775 ], [ 47.6612026, 40.3081139 ], [ 47.6685497, 40.3130358 ], [ 47.6689617, 40.3145018 ], [ 47.6620952, 40.3324055 ], [ 47.6583187, 40.338006 ], [ 47.6489117, 40.34392 ], [ 47.6326382, 40.3477926 ], [ 47.6203472, 40.3564791 ], [ 47.6010525, 40.36375180000001 ], [ 47.5978252, 40.3657922 ], [ 47.5930701, 40.3719528 ], [ 47.5723877, 40.3819665 ], [ 47.566137, 40.3919087 ], [ 47.5591509, 40.3926088 ], [ 47.5582317, 40.3994694 ], [ 47.5656774, 40.4053493 ], [ 47.5300117, 40.4206768 ], [ 47.5224962, 40.4188386 ], [ 47.5248641, 40.4061193 ], [ 47.5068165, 40.3841633 ], [ 47.4650149, 40.4101573 ], [ 47.4450969, 40.4371034 ], [ 47.4485096, 40.4535217 ], [ 47.4651988, 40.460812 ], [ 47.4655537, 40.4824596 ], [ 47.4718172, 40.4844471 ], [ 47.4677861, 40.5041375 ], [ 47.4836643, 40.5104953 ], [ 47.4879409, 40.5281127 ], [ 47.5008011, 40.5393608 ], [ 47.5073646, 40.5404837 ], [ 47.5251233, 40.5577814 ], [ 47.5630303, 40.5579722 ], [ 47.5659451, 40.5666158 ], [ 47.5806526, 40.5719225 ], [ 47.594461, 40.5646279 ], [ 47.5991873, 40.5479645 ], [ 47.6130166, 40.5462707 ], [ 47.6191709, 40.5424713 ], [ 47.6238458, 40.5258481 ], [ 47.6311922, 40.5220407 ], [ 47.6393733, 40.5253405 ], [ 47.642453, 40.5371172 ], [ 47.6614184, 40.5381414 ], [ 47.6897959, 40.5377766 ], [ 47.6980648, 40.5461895 ], [ 47.7084957, 40.542725 ], [ 47.7146357, 40.5348882 ], [ 47.71417, 40.525397 ], [ 47.7490067, 40.5244346 ], [ 47.7618618, 40.5032436 ], [ 47.7783823, 40.4996705 ], [ 47.794156, 40.5057524 ], [ 47.8139321, 40.5030006 ], [ 47.8268321, 40.4874135 ], [ 47.8760391, 40.4686759 ], [ 47.8932762, 40.47344660000001 ], [ 47.9459873, 40.4511966 ], [ 47.9713689, 40.4509429 ], [ 48.0102483, 40.4610607 ], [ 48.0220509, 40.4261949 ], [ 48.0005059, 40.4111904 ], [ 48.0059534, 40.39745820000001 ], [ 48.0020086, 40.3815768 ], [ 48.0053899, 40.37456490000001 ], [ 47.9999423, 40.3613977 ], [ 47.9914892, 40.3615409 ], [ 47.9847266, 40.3416422 ], [ 47.9905499, 40.3340533 ], [ 47.9708319, 40.3114662 ], [ 47.9631241, 40.3078439 ], [ 47.8844159, 40.3127142 ], [ 47.8686367, 40.3026867 ], [ 47.8335092, 40.3019704 ], [ 47.8014443, 40.3133488 ], [ 47.7750885, 40.3140033 ], [ 47.7486217, 40.3357716 ], [ 47.7360161, 40.3356284 ], [ 47.72695619999999, 40.3296763 ], [ 47.6964468, 40.323505 ], [ 47.687455, 40.3237285 ], [ 47.6851247, 40.334293 ], [ 47.681121, 40.3339174 ], [ 47.6802716, 40.3300326 ], [ 47.6780581, 40.3285578 ], [ 47.6777315, 40.3269237 ], [ 47.680467, 40.3268771 ], [ 47.6777893, 40.3196224 ], [ 47.6821726, 40.3131822 ], [ 47.6915281, 40.3086212 ], [ 47.6987201, 40.3035043 ] ] ] ]
    }
  }, {
    "type" : "Feature",
    "properties" : {
      "osm_id" : "3764583",
      "admin_level" : "5",
      "country_code" : "AZ",
      "name" : "Xaçmaz rayonu",
      "population" : null,
      "wikidata" : "Q6398826",
      "wikipedia" : "de:Xaçmaz (Rayon)",
      "name_props" : {
        "name:ar" : "مقاطعة خاتشماز",
        "name:az" : "Xaçmaz rayonu",
        "name:de" : "Xaçmaz",
        "name:en" : "Khachmaz District",
        "name:es" : "Xaçmaz",
        "name:fa" : "شهرستان خاچماز",
        "name:fr" : "Xaçmaz",
        "name:ja" : "ハチマズ県",
        "name:ru" : "Хачмазский район",
        "name:uk" : "Хачмазський район"
      },
      "parent_boundary_id" : "364110"
    },
    "geometry" : {
      "type" : "MultiPolygon",
      "coordinates" : [ [ [ [ 48.5115822, 41.7412773 ], [ 48.515913, 41.7472339 ], [ 48.5295532, 41.7592531 ], [ 48.5409316, 41.7688045 ], [ 48.5423126, 41.7717828 ], [ 48.5548962, 41.7810193 ], [ 48.5556164, 41.7823725 ], [ 48.5532645, 41.7882852 ], [ 48.5570018, 41.7975935 ], [ 48.5558526, 41.80092290000001 ], [ 48.5581086, 41.8023652 ], [ 48.5662552, 41.8028045 ], [ 48.5686374, 41.8066357 ], [ 48.5793446, 41.816775 ], [ 48.5762767, 41.8228052 ], [ 48.5766898, 41.8243384 ], [ 48.58322, 41.8353195 ], [ 48.5858771, 41.8384789 ], [ 48.5902394, 41.8404896 ], [ 48.5925512, 41.8425176 ], [ 48.5926326, 41.8428911 ], [ 48.8090441, 41.9613209 ], [ 48.8150941, 41.9646768 ], [ 48.8354223, 41.9502512 ], [ 48.8561307, 41.9331612 ], [ 48.8760824, 41.9137481 ], [ 48.9149786, 41.8795186 ], [ 48.9656304, 41.826597 ], [ 48.9873167, 41.799139 ], [ 49.0069769, 41.7820106 ], [ 49.0321533, 41.754319 ], [ 49.0578764, 41.7320895 ], [ 49.077911, 41.7107398 ], [ 49.0996767, 41.6908689 ], [ 49.1158267, 41.6724446 ], [ 49.137274, 41.6536317 ], [ 49.168398, 41.6217561 ], [ 49.1892468, 41.5967641 ], [ 49.2119755, 41.5741566 ], [ 49.245162, 41.5339196 ], [ 49.2585984, 41.5200371 ], [ 49.297519, 41.4743888 ], [ 49.0603, 41.3832605 ], [ 49.0513705, 41.3785495 ], [ 49.0491023, 41.3784134 ], [ 49.0421451, 41.383698 ], [ 49.0244436, 41.3836275 ], [ 49.0158251, 41.3900111 ], [ 48.9470201, 41.3590171 ], [ 48.9351646, 41.3612315 ], [ 48.925388, 41.3692604 ], [ 48.9037093, 41.3684408 ], [ 48.8935225, 41.37113509999999 ], [ 48.8808755, 41.3722811 ], [ 48.873378, 41.3749408 ], [ 48.8552248, 41.3706334 ], [ 48.8487149, 41.3665699 ], [ 48.8259556, 41.3474565 ], [ 48.8166371, 41.3436205 ], [ 48.8035284, 41.3583059 ], [ 48.8013871, 41.3659978 ], [ 48.813157, 41.3733203 ], [ 48.806239, 41.3785106 ], [ 48.8000981, 41.3747681 ], [ 48.7871311, 41.3635483 ], [ 48.7461303, 41.3593425 ], [ 48.718774, 41.3576974 ], [ 48.713454, 41.3673116 ], [ 48.7112046, 41.3759411 ], [ 48.7062817, 41.3818542 ], [ 48.7003826, 41.3958516 ], [ 48.6963975, 41.4019207 ], [ 48.69089120000001, 41.4166151 ], [ 48.6814589, 41.4276 ], [ 48.6900222, 41.4294388 ], [ 48.70324, 41.4369196 ], [ 48.6938582, 41.4641216 ], [ 48.688161, 41.4722021 ], [ 48.6796292, 41.4712216 ], [ 48.6685582, 41.4810698 ], [ 48.6449078, 41.472783 ], [ 48.6421287, 41.47553159999999 ], [ 48.6420845, 41.4782997 ], [ 48.62558030000001, 41.4965546 ], [ 48.6505511, 41.512035 ], [ 48.6344858, 41.524055 ], [ 48.6152321, 41.5154418 ], [ 48.5934683, 41.5331124 ], [ 48.6079076, 41.5503988 ], [ 48.5980653, 41.56033 ], [ 48.5964934, 41.5679103 ], [ 48.6176925, 41.5749827 ], [ 48.6194957, 41.5878517 ], [ 48.5948581, 41.5896143 ], [ 48.5983058, 41.6012489 ], [ 48.597414, 41.6138718 ], [ 48.5862888, 41.6186292 ], [ 48.5955994, 41.6378859 ], [ 48.5888592, 41.6458204 ], [ 48.5861256, 41.6600114 ], [ 48.5796634, 41.673385 ], [ 48.5723098, 41.674746 ], [ 48.5694742, 41.68022830000001 ], [ 48.5737443, 41.6885974 ], [ 48.5845661, 41.6920155 ], [ 48.5907478, 41.7146114 ], [ 48.5996749, 41.7178898 ], [ 48.5796785, 41.7415929 ], [ 48.5497646, 41.7303455 ], [ 48.5411054, 41.7328248 ], [ 48.5115822, 41.7412773 ] ] ] ]
    }
  }, {
    "type" : "Feature",
    "properties" : {
      "osm_id" : "3764585",
      "admin_level" : "5",
      "country_code" : "AZ",
      "name" : "Xızı rayonu",
      "population" : null,
      "wikidata" : "Q476708",
      "wikipedia" : "de:Xızı (Rayon)",
      "name_props" : {
        "name:az" : "Xızı rayonu",
        "name:de" : "Xızı",
        "name:en" : "Khizi District",
        "name:es" : "Xızı",
        "name:fr" : "Xızı",
        "name:ja" : "フズィ県",
        "name:ru" : "Хызинский район",
        "name:uk" : "Хизинський район"
      },
      "parent_boundary_id" : "364110"
    },
    "geometry" : {
      "type" : "MultiPolygon",
      "coordinates" : [ [ [ [ 48.8673361, 40.7730761 ], [ 48.8220668, 40.7810452 ], [ 48.8222571, 40.8002061 ], [ 48.8076169, 40.8134909 ], [ 48.801706, 40.8510349 ], [ 48.7914305, 40.8624049 ], [ 48.8031215, 40.88258 ], [ 48.8036597, 40.8939728 ], [ 48.7913481, 40.8988547 ], [ 48.7936055, 40.9063501 ], [ 48.7981351, 40.91306070000001 ], [ 48.8063508, 40.9124817 ], [ 48.8246501, 40.8985496 ], [ 48.8265338, 40.8917351 ], [ 48.843369, 40.8990905 ], [ 48.8468514, 40.9064821 ], [ 48.8629189, 40.9175434 ], [ 48.8736362, 40.9167013 ], [ 48.8835854, 40.922059 ], [ 48.8850745, 40.91339330000001 ], [ 48.9021282, 40.9139047 ], [ 48.9069267, 40.9216415 ], [ 48.9260333, 40.9133041 ], [ 48.9429505, 40.9243986 ], [ 48.9528095, 40.9187947 ], [ 48.9839649, 40.9279005 ], [ 48.9989929, 40.9215715 ], [ 49.0196818, 40.9328672 ], [ 49.015724, 40.9372475 ], [ 49.0395687, 40.9435698 ], [ 49.0305053, 40.956808 ], [ 49.0305012, 40.9691855 ], [ 49.0342675, 40.973899 ], [ 49.0478842, 40.9816196 ], [ 49.0583463, 40.984499 ], [ 49.0671944, 40.9843365 ], [ 49.0751123, 40.9868796 ], [ 49.0920032, 40.9968888 ], [ 49.0994728, 40.9771297 ], [ 49.1094707, 40.9644111 ], [ 49.1043167, 40.9545742 ], [ 49.0881703, 40.9454278 ], [ 49.0877718, 40.9375997 ], [ 49.1195254, 40.9338317 ], [ 49.1543235, 40.9251472 ], [ 49.1807489, 40.9050287 ], [ 49.21374019999999, 40.8960147 ], [ 49.230797, 40.886437 ], [ 49.2382652, 40.88972110000001 ], [ 49.2518019, 40.8999406 ], [ 49.2895497, 40.9016494 ], [ 49.3259658, 40.8835653 ], [ 49.347933, 40.8828859 ], [ 49.3502882, 40.898076 ], [ 49.3528718, 40.9012107 ], [ 49.578298, 41.0223642 ], [ 49.6099075, 41.0121353 ], [ 49.642819, 40.9983726 ], [ 49.6856325, 40.9739185 ], [ 49.7064938, 40.9599288 ], [ 49.7345993, 40.9358525 ], [ 49.7517475, 40.9180048 ], [ 49.779401, 40.8843152 ], [ 49.7912404, 40.866692 ], [ 49.5134894, 40.7252726 ], [ 49.5004834, 40.7235635 ], [ 49.4823609, 40.7077159 ], [ 49.5020722, 40.6835784 ], [ 49.4957482, 40.680867 ], [ 49.5020783, 40.6726896 ], [ 49.4912314, 40.6667817 ], [ 49.4990527, 40.6591316 ], [ 49.4991964, 40.6565604 ], [ 49.4612805, 40.6419512 ], [ 49.4596405, 40.619567 ], [ 49.463246, 40.600035 ], [ 49.4581083, 40.5948335 ], [ 49.4392698, 40.594978 ], [ 49.431564, 40.5425689 ], [ 49.39958149999999, 40.5285006 ], [ 49.3671141, 40.5215321 ], [ 49.3073605, 40.5142512 ], [ 49.2699169, 40.5178168 ], [ 49.2299062, 40.5252825 ], [ 49.1988675, 40.5551324 ], [ 49.169209, 40.5774555 ], [ 49.1669686, 40.5971453 ], [ 49.1494432, 40.6035756 ], [ 49.0875108, 40.642864 ], [ 49.0371905, 40.6590301 ], [ 49.0200077, 40.6781751 ], [ 49.0106978, 40.6907834 ], [ 48.9929453, 40.7057591 ], [ 48.9802495, 40.7142907 ], [ 48.9500557, 40.7341886 ], [ 48.9122616, 40.7563042 ], [ 48.8865774, 40.7750632 ], [ 48.8673361, 40.7730761 ] ] ] ]
    }
  }, {
    "type" : "Feature",
    "properties" : {
      "osm_id" : "3764586",
      "admin_level" : "5",
      "country_code" : "AZ",
      "name" : "Yardımlı rayonu",
      "population" : null,
      "wikidata" : "Q127255",
      "wikipedia" : "de:Yardımlı (Rayon)",
      "name_props" : {
        "name:ar" : "مقاطعة يارديملي",
        "name:az" : "Yardımlı rayonu",
        "name:de" : "Yardımlı",
        "name:en" : "Yardymli District",
        "name:es" : "Yardımlı",
        "name:fa" : "شهرستان یاردیملی",
        "name:fr" : "Yardımlı",
        "name:ja" : "ヤルディムリ県",
        "name:ru" : "Ярдымлинский район",
        "name:uk" : "Ярдимлинський район"
      },
      "parent_boundary_id" : "364110"
    },
    "geometry" : {
      "type" : "MultiPolygon",
      "coordinates" : [ [ [ [ 48.2424671, 38.7312832 ], [ 48.2237072, 38.7346897 ], [ 48.2205007, 38.7378686 ], [ 48.2173601, 38.7364213 ], [ 48.2064716, 38.7398805 ], [ 48.2002006, 38.7449251 ], [ 48.1997534, 38.7489061 ], [ 48.190467, 38.7517875 ], [ 48.1918136, 38.7562153 ], [ 48.1726754, 38.7617366 ], [ 48.1631169, 38.759704499999984 ], [ 48.1482129, 38.7627958 ], [ 48.1447196, 38.7668058 ], [ 48.1360452, 38.7672396 ], [ 48.13294049999999, 38.7699824 ], [ 48.1298333, 38.7684374 ], [ 48.1213841, 38.7697913 ], [ 48.1204203, 38.7710563 ], [ 48.1073103, 38.7698813 ], [ 48.1011708, 38.7768986 ], [ 48.1071082, 38.7885576 ], [ 48.0931903, 38.7890377 ], [ 48.0882912, 38.7939844 ], [ 48.0783816, 38.7938976 ], [ 48.0797177, 38.8009266 ], [ 48.068472, 38.8031826 ], [ 48.0611234, 38.808649 ], [ 48.0488756, 38.8118591 ], [ 48.0448673, 38.8163705 ], [ 48.0408589, 38.815503 ], [ 48.0359609, 38.824387 ], [ 48.034789, 38.830722 ], [ 48.0207028, 38.8378898 ], [ 48.0118328, 38.8909225 ], [ 48.01027, 38.907306 ], [ 48.019223, 38.9120261 ], [ 48.0226406, 38.9098258 ], [ 48.0282078, 38.8994282 ], [ 48.0380272, 38.9008003 ], [ 48.0498167, 38.9049984 ], [ 48.0540902, 38.908744 ], [ 48.0692648, 38.9109368 ], [ 48.0795509, 38.91729930000001 ], [ 48.078535, 38.920741599999985 ], [ 48.0799833, 38.9240089 ], [ 48.0783123, 38.9272383 ], [ 48.0824656, 38.9338592 ], [ 48.0815724, 38.9372849 ], [ 48.0848494, 38.9392544 ], [ 48.0871923, 38.9445813 ], [ 48.0882345, 38.9469508 ], [ 48.1073052, 38.9431561 ], [ 48.1113935, 38.946158899999986 ], [ 48.1227535, 38.9469538 ], [ 48.127939, 38.945918 ], [ 48.1347513, 38.9480754 ], [ 48.1456799, 38.9458717 ], [ 48.1519715, 38.9492072 ], [ 48.152481, 38.952757 ], [ 48.1565422, 38.9540406 ], [ 48.1611304, 38.9529714 ], [ 48.1651341, 38.9548658 ], [ 48.1710632, 38.9557254 ], [ 48.1767835, 38.9546729 ], [ 48.1794589, 38.95601889999999 ], [ 48.190793, 38.9560432 ], [ 48.2064008, 38.95328759999999 ], [ 48.2109092, 38.9556468 ], [ 48.2176851, 38.9554053 ], [ 48.2294145, 38.95977 ], [ 48.2327512, 38.9597761 ], [ 48.235745, 38.9610004 ], [ 48.2369545, 38.96377479999999 ], [ 48.2395571, 38.96497260000001 ], [ 48.2532906, 38.964558 ], [ 48.2585654, 38.96672629999998 ], [ 48.2707532, 38.9673018 ], [ 48.2772997, 38.9725795 ], [ 48.2853084, 38.9755466 ], [ 48.2925906, 38.9796628 ], [ 48.2962055, 38.983356 ], [ 48.2984228, 38.9836805 ], [ 48.2982769, 38.986048 ], [ 48.3077952, 38.9961588 ], [ 48.3167221, 39.0019411 ], [ 48.3171236, 39.0052373 ], [ 48.3262227, 39.0113991 ], [ 48.3374625, 39.029259199999984 ], [ 48.3370493, 39.0319564 ], [ 48.3392349, 39.034108 ], [ 48.3379248, 39.0373704 ], [ 48.3351548, 39.0393539 ], [ 48.3324292, 39.0509497 ], [ 48.3360071, 39.05029469999999 ], [ 48.3467179, 39.0516135 ], [ 48.3498147, 39.0529247 ], [ 48.3572952, 39.058206 ], [ 48.3602091, 39.0622494 ], [ 48.3555889, 39.0661193 ], [ 48.357738, 39.068589 ], [ 48.3659886, 39.0729634 ], [ 48.3771169, 39.0745473 ], [ 48.3795696, 39.0732479 ], [ 48.3811515, 39.0681716 ], [ 48.397799, 39.0542552 ], [ 48.451647, 39.0204943 ], [ 48.4566606, 39.019655 ], [ 48.4545378, 39.0082381 ], [ 48.4406098, 38.9872547 ], [ 48.4598913, 38.9721055 ], [ 48.4842763, 38.9691746 ], [ 48.4978631, 38.9757496 ], [ 48.511861, 38.9776876 ], [ 48.5261458, 38.9731628 ], [ 48.5345867, 38.9516471 ], [ 48.505211, 38.9441627 ], [ 48.49581649999999, 38.9372211 ], [ 48.4812262, 38.933379 ], [ 48.4479829, 38.9307312 ], [ 48.4430167, 38.9269845 ], [ 48.4398474, 38.920793 ], [ 48.4427431, 38.9142844 ], [ 48.4407322, 38.9074622 ], [ 48.4325278, 38.9072744 ], [ 48.4151536, 38.9183524 ], [ 48.3960904, 38.91203130000001 ], [ 48.3899772, 38.913283 ], [ 48.3820945, 38.9081507 ], [ 48.3838069, 38.8926531 ], [ 48.3811293, 38.8849881 ], [ 48.3687422, 38.882734 ], [ 48.3560041, 38.8840058 ], [ 48.3412655, 38.8808888 ], [ 48.3285243, 38.874092799999985 ], [ 48.3099633, 38.8711095 ], [ 48.3048762, 38.8654505 ], [ 48.3042327, 38.8520467 ], [ 48.2864685, 38.8452802 ], [ 48.2714149, 38.8371366 ], [ 48.2620732, 38.8248508 ], [ 48.2468016, 38.7447247 ], [ 48.2424671, 38.7312832 ] ] ] ]
    }
  }, {
    "type" : "Feature",
    "properties" : {
      "osm_id" : "3764587",
      "admin_level" : "5",
      "country_code" : "AZ",
      "name" : "Yevlax rayonu",
      "population" : null,
      "wikidata" : "Q458524",
      "wikipedia" : "de:Yevlax (Rayon)",
      "name_props" : {
        "name:az" : "Yevlax rayonu",
        "name:de" : "Yevlax",
        "name:en" : "Yevlakh District",
        "name:es" : "Yevlax",
        "name:fa" : "شهرستان یولاخ",
        "name:fr" : "Ievlakh",
        "name:ja" : "イェヴラフ県",
        "name:ru" : "Евлахский район",
        "name:uk" : "Євлахський район"
      },
      "parent_boundary_id" : "364110"
    },
    "geometry" : {
      "type" : "MultiPolygon",
      "coordinates" : [ [ [ [ 46.9850883, 40.51853590000001 ], [ 46.9913539, 40.525093 ], [ 46.9950446, 40.5376182 ], [ 46.9930705, 40.5429016 ], [ 46.9767914, 40.5434152 ], [ 46.968008, 40.5390533 ], [ 46.9396838, 40.5400317 ], [ 46.9215736, 40.5352047 ], [ 46.9147929, 40.5369007 ], [ 46.9075832, 40.532204 ], [ 46.9022037, 40.53388240000001 ], [ 46.8956152, 40.5471877 ], [ 46.8983993, 40.5514455 ], [ 46.908515, 40.5534884 ], [ 46.9105223, 40.5737456 ], [ 46.9012317, 40.5783091 ], [ 46.8959449, 40.5907539 ], [ 46.8966827, 40.6022295 ], [ 46.8917594, 40.6184662 ], [ 46.8986915, 40.6247801 ], [ 46.9103297, 40.6258157 ], [ 46.9374911, 40.6207361 ], [ 46.9447202, 40.6310934 ], [ 46.9369563, 40.6424559 ], [ 46.8687451, 40.6493987 ], [ 46.8851047, 40.672536 ], [ 46.8717952, 40.6828401 ], [ 46.8202208, 40.665806 ], [ 46.8168934, 40.6470845 ], [ 46.7966154, 40.6389405 ], [ 46.7764103, 40.6702227 ], [ 46.7913835, 40.6866249 ], [ 46.8288165, 40.6887274 ], [ 46.8241027, 40.6958756 ], [ 46.8299257, 40.7242506 ], [ 46.8515536, 40.7307646 ], [ 46.8469915, 40.734953 ], [ 46.8113478, 40.7318152 ], [ 46.7276088, 40.761645 ], [ 46.7226191, 40.7707576 ], [ 46.7641855, 40.7850109 ], [ 46.757127, 40.8105404 ], [ 46.7709829, 40.8587103 ], [ 46.7705908, 40.8874724 ], [ 46.7948081, 40.9183631 ], [ 46.7293697, 40.9447581 ], [ 46.802971, 40.996134 ], [ 46.9089347, 40.939614 ], [ 46.964305, 40.9178328 ], [ 46.9942279, 40.9203092 ], [ 47.0270697, 40.911782 ], [ 47.1045295, 40.8833565 ], [ 47.1277193, 40.869329 ], [ 47.1570931, 40.8358848 ], [ 47.1865899, 40.8263694 ], [ 47.2087291, 40.8348321 ], [ 47.22434350000001, 40.8232512 ], [ 47.2671151, 40.818745 ], [ 47.3089931, 40.8006259 ], [ 47.2969726, 40.7581525 ], [ 47.2524317, 40.6809096 ], [ 47.2465885, 40.6621265 ], [ 47.2364689, 40.6422662 ], [ 47.2781763, 40.6375779 ], [ 47.2670307, 40.5902129 ], [ 47.2476662, 40.5882111 ], [ 47.2406101, 40.5860317 ], [ 47.2304291, 40.586897 ], [ 47.2275985, 40.5855548 ], [ 47.226364, 40.566891 ], [ 47.217059, 40.5597089 ], [ 47.2089089, 40.5506907 ], [ 47.1916813, 40.5507447 ], [ 47.1841947, 40.5457407 ], [ 47.1793422, 40.5308845 ], [ 47.1524906, 40.518702 ], [ 47.1350219, 40.5043669 ], [ 47.1298278, 40.4663807 ], [ 47.110626, 40.4575201 ], [ 47.1050111, 40.4668026 ], [ 47.096762, 40.4674355 ], [ 47.0906618, 40.4758202 ], [ 47.0915629, 40.4897396 ], [ 47.0810955, 40.4884743 ], [ 47.0783227, 40.4913739 ], [ 47.0449796, 40.4969618 ], [ 47.0399886, 40.4962765 ], [ 47.0331258, 40.4985432 ], [ 47.0216187, 40.4930081 ], [ 47.0221039, 40.4899505 ], [ 47.0374963, 40.4870785 ], [ 47.0346449, 40.484917 ], [ 47.042994, 40.4770015 ], [ 47.0407675, 40.473682 ], [ 47.0319895, 40.4716042 ], [ 47.0289566, 40.4695349 ], [ 47.0242571, 40.4628261 ], [ 47.0178531, 40.4654564 ], [ 47.01029719999999, 40.4572814 ], [ 47.0004537, 40.4553826 ], [ 46.9953933, 40.4526924 ], [ 46.9748567, 40.4467047 ], [ 46.9616344, 40.4462879 ], [ 46.9614848, 40.4494678 ], [ 46.9655189, 40.4544316 ], [ 46.967629, 40.4605549 ], [ 46.9663772, 40.4628561 ], [ 46.9589014, 40.4668636 ], [ 46.9580623, 40.4708796 ], [ 46.9758185, 40.490408 ], [ 46.9820842, 40.5026787 ], [ 46.9815031, 40.5052385 ], [ 46.9850883, 40.51853590000001 ] ], [ [ 47.1698025, 40.6333721 ], [ 47.1356391, 40.6384789 ], [ 47.126584, 40.6440474 ], [ 47.1084063, 40.6303392 ], [ 47.1074643, 40.602881 ], [ 47.1265089, 40.5998693 ], [ 47.1415723, 40.5853025 ], [ 47.1697354, 40.5892052 ], [ 47.1684135, 40.5930909 ], [ 47.170701, 40.5982686 ], [ 47.1792358, 40.6048967 ], [ 47.1825457, 40.6096925 ], [ 47.1840691, 40.6200952 ], [ 47.1837549, 40.6228866 ], [ 47.1801773, 40.6271432 ], [ 47.1768591, 40.6301246 ], [ 47.1700385, 40.6306282 ], [ 47.1698025, 40.6333721 ] ], [ [ 46.9081876, 40.8751214 ], [ 46.868259, 40.8193275 ], [ 46.9574852, 40.7590228 ], [ 46.9525929, 40.7504079 ], [ 46.9552107, 40.74914 ], [ 46.9612296, 40.7578037 ], [ 46.9715838, 40.7580915 ], [ 46.9805639, 40.7522562 ], [ 46.983643, 40.7568968 ], [ 46.9929977, 40.7530616 ], [ 46.9928904, 40.7460351 ], [ 47.0104213, 40.7460026 ], [ 47.0105929, 40.7445395 ], [ 47.0257215, 40.7438437 ], [ 47.0728482, 40.7460149 ], [ 47.081879, 40.7475785 ], [ 47.083109, 40.752228 ], [ 47.0878826, 40.7518398 ], [ 47.0906559, 40.7552686 ], [ 47.1066215, 40.7470396 ], [ 47.1146146, 40.7596624 ], [ 47.10117549999999, 40.8130321 ], [ 46.9081876, 40.8751214 ] ] ] ]
    }
  }, {
    "type" : "Feature",
    "properties" : {
      "osm_id" : "3764588",
      "admin_level" : "5",
      "country_code" : "AZ",
      "name" : "Zaqatala rayonu",
      "population" : null,
      "wikidata" : "Q147553",
      "wikipedia" : "de:Zaqatala (Rayon)",
      "name_props" : {
        "name:az" : "Zaqatala rayonu",
        "name:de" : "Zaqatala",
        "name:en" : "Zaqatala District",
        "name:es" : "Zaqatala",
        "name:fr" : "Zaqatala",
        "name:ja" : "ザガタラ県",
        "name:ru" : "Закатальский район",
        "name:uk" : "Заґатальський район"
      },
      "parent_boundary_id" : "364110"
    },
    "geometry" : {
      "type" : "MultiPolygon",
      "coordinates" : [ [ [ [ 46.4009917, 41.4708463 ], [ 46.3974723, 41.4702554 ], [ 46.3928616, 41.47200749999999 ], [ 46.3932233, 41.477308 ], [ 46.3975947, 41.4795574 ], [ 46.403594, 41.4803226 ], [ 46.4042157, 41.4824901 ], [ 46.4005617, 41.4837891 ], [ 46.3970025, 41.4816781 ], [ 46.39248829999999, 41.4830642 ], [ 46.386447, 41.4829103 ], [ 46.3849937, 41.4842198 ], [ 46.3850921, 41.4887065 ], [ 46.3822363, 41.4925039 ], [ 46.3798804, 41.4923536 ], [ 46.3791383, 41.4886689 ], [ 46.3754799, 41.4888803 ], [ 46.3723536, 41.4871101 ], [ 46.3655328, 41.4912433 ], [ 46.3623218, 41.4885454 ], [ 46.3578947, 41.4891728 ], [ 46.3567256, 41.4927813 ], [ 46.3599107, 41.497513 ], [ 46.35782909999999, 41.4995306 ], [ 46.3568976, 41.5041383 ], [ 46.3550135, 41.5045931 ], [ 46.3528082, 41.5034124 ], [ 46.3554138, 41.4966414 ], [ 46.3547077, 41.4940828 ], [ 46.3518099, 41.4923911 ], [ 46.3489698, 41.4923721 ], [ 46.3413152, 41.4953879 ], [ 46.3433357, 41.4996825 ], [ 46.3422719, 41.5006204 ], [ 46.3326127, 41.4996049 ], [ 46.331042, 41.5014076 ], [ 46.3325026, 41.5067486 ], [ 46.328789, 41.5115929 ], [ 46.3254006, 41.5213105 ], [ 46.3256903, 41.5230601 ], [ 46.3280183, 41.5245468 ], [ 46.3347104, 41.5242101 ], [ 46.3349718, 41.526507 ], [ 46.3320006, 41.5276819 ], [ 46.3249205, 41.5259417 ], [ 46.322024, 41.5271191 ], [ 46.3205175, 41.531055 ], [ 46.3216952, 41.53294970000001 ], [ 46.3283235, 41.5351951 ], [ 46.3290335, 41.5370337 ], [ 46.325271, 41.5389809 ], [ 46.3232013, 41.5382879 ], [ 46.3201952, 41.5333204 ], [ 46.3177836, 41.5327484 ], [ 46.3152282, 41.5328079 ], [ 46.310872, 41.535745 ], [ 46.3070665, 41.5357867 ], [ 46.3044344, 41.5371036 ], [ 46.3055604, 41.5386499 ], [ 46.308405, 41.5384265 ], [ 46.3100338, 41.5396402 ], [ 46.3054945, 41.544684 ], [ 46.305011, 41.5515699 ], [ 46.2999058, 41.554079 ], [ 46.299856, 41.5556478 ], [ 46.3015077, 41.55653619999999 ], [ 46.3050192, 41.5561417 ], [ 46.3072209, 41.5573942 ], [ 46.3021014, 41.5613721 ], [ 46.3010502, 41.567618 ], [ 46.2974177, 41.5718515 ], [ 46.2985307, 41.5755424 ], [ 46.3016376, 41.5767973 ], [ 46.3058725, 41.5761053 ], [ 46.3065538, 41.5739551 ], [ 46.3046488, 41.5692185 ], [ 46.3055339, 41.5678131 ], [ 46.3073561, 41.5675893 ], [ 46.3132857, 41.5698162 ], [ 46.309035, 41.5737394 ], [ 46.3090469, 41.5756291 ], [ 46.321914, 41.5808297 ], [ 46.3256233, 41.5753412 ], [ 46.3297539, 41.5769984 ], [ 46.3312967, 41.5764007 ], [ 46.3314992, 41.5722228 ], [ 46.3367288, 41.5705362 ], [ 46.3377928, 41.5670991 ], [ 46.3446122, 41.570091 ], [ 46.3618639, 41.5564577 ], [ 46.3641814, 41.5592323 ], [ 46.3678377, 41.5602727 ], [ 46.3698462, 41.5639719 ], [ 46.3686617, 41.5654746 ], [ 46.3698977, 41.5673626 ], [ 46.3684042, 41.5689038 ], [ 46.3707731, 41.5712925 ], [ 46.3725756, 41.5716393 ], [ 46.3764895, 41.5677479 ], [ 46.3774164, 41.5683258 ], [ 46.3765925, 41.5701367 ], [ 46.37839490000001, 41.5701752 ], [ 46.3823088, 41.5668232 ], [ 46.3858622, 41.5728721 ], [ 46.390909, 41.5770714 ], [ 46.4134653, 41.5911312 ], [ 46.4084462, 41.5998399 ], [ 46.3947992, 41.5976833 ], [ 46.3936147, 41.5985305 ], [ 46.3972196, 41.6011877 ], [ 46.3968076, 41.6051926 ], [ 46.3992795, 41.6052311 ], [ 46.4054078, 41.6090432 ], [ 46.4067983, 41.611161 ], [ 46.4081373, 41.6103139 ], [ 46.4116906, 41.611084 ], [ 46.4133386, 41.6127781 ], [ 46.4135446, 41.6161663 ], [ 46.420585, 41.6269892 ], [ 46.4252027, 41.6304504 ], [ 46.4260847, 41.6327904 ], [ 46.4335111, 41.6303381 ], [ 46.4426264, 41.6236016 ], [ 46.4461282, 41.6193284 ], [ 46.446405, 41.6177419 ], [ 46.4411844, 41.6140153 ], [ 46.4399999, 41.6142463 ], [ 46.4369615, 41.6117821 ], [ 46.4332536, 41.6123597 ], [ 46.4297003, 41.6103575 ], [ 46.4288248, 41.6090483 ], [ 46.4352621, 41.6073541 ], [ 46.4402059, 41.6077777 ], [ 46.4468492, 41.6108195 ], [ 46.4511751, 41.610396 ], [ 46.4668306, 41.6123597 ], [ 46.4751734, 41.6117051 ], [ 46.4803747, 41.6123597 ], [ 46.4845461, 41.6144773 ], [ 46.5006651, 41.6145158 ], [ 46.5148271, 41.6186739 ], [ 46.5194105, 41.6182119 ], [ 46.5268778, 41.6195209 ], [ 46.5324653, 41.6207951 ], [ 46.5585643, 41.635063 ], [ 46.5708904, 41.6554909 ], [ 46.5749202, 41.6849978 ], [ 46.5785416, 41.692225 ], [ 46.5947402, 41.7081305 ], [ 46.6019064, 41.7124965 ], [ 46.6042936, 41.7179824 ], [ 46.6063482, 41.7190295 ], [ 46.6087031, 41.7234599 ], [ 46.6098381, 41.7292703 ], [ 46.6137457, 41.7292091 ], [ 46.6197641, 41.7322904 ], [ 46.6378352, 41.7315835 ], [ 46.6490468, 41.7350649 ], [ 46.6690383, 41.752922 ], [ 46.6926372, 41.7606325 ], [ 46.7053783, 41.7689819 ], [ 46.7228231, 41.7924518 ], [ 46.7399283, 41.8058116 ], [ 46.7476863, 41.8265154 ], [ 46.7474862, 41.8438848 ], [ 46.7584929, 41.8625508 ], [ 46.7602652, 41.8625334 ], [ 46.759934, 41.8582762 ], [ 46.76187920000001, 41.8518456 ], [ 46.7608946, 41.8499399 ], [ 46.7654442, 41.8403683 ], [ 46.7704628, 41.8348924 ], [ 46.7738119, 41.8260051 ], [ 46.7843046, 41.8162866 ], [ 46.7828145, 41.8129332 ], [ 46.7719885, 41.8113549 ], [ 46.7695503, 41.8096465 ], [ 46.7656077, 41.8009545 ], [ 46.7714032, 41.7950647 ], [ 46.7797399, 41.7913335 ], [ 46.7807534, 41.7886829 ], [ 46.7862347, 41.7849322 ], [ 46.7893872, 41.7802839 ], [ 46.7924534, 41.7791099 ], [ 46.7907529, 41.7738268 ], [ 46.7968548, 41.7718212 ], [ 46.8032912, 41.76420779999999 ], [ 46.8099054, 41.76154059999999 ], [ 46.8195358, 41.7612675 ], [ 46.8230806, 41.7634559 ], [ 46.8302197, 41.7613501 ], [ 46.8308713, 41.7491342 ], [ 46.8325135, 41.7475166 ], [ 46.8369958, 41.7481403 ], [ 46.843469, 41.7423927 ], [ 46.8525972, 41.7369603 ], [ 46.8526168, 41.734382 ], [ 46.8558159, 41.7321956 ], [ 46.8577045, 41.7309425 ], [ 46.8587437, 41.727163 ], [ 46.8619518, 41.7252243 ], [ 46.8649853, 41.7202865 ], [ 46.8705941, 41.7195222 ], [ 46.875966, 41.7238174 ], [ 46.8758472, 41.7260221 ], [ 46.878728, 41.728149 ], [ 46.8826734, 41.7274073 ], [ 46.8874432, 41.7293295 ], [ 46.8912527, 41.7291479 ], [ 46.89277, 41.7306706 ], [ 46.8988909, 41.7328008 ], [ 46.9069469, 41.7280636 ], [ 46.9135847, 41.7266854 ], [ 46.9156382, 41.7251925 ], [ 46.928638, 41.7105062 ], [ 46.9292568, 41.7078477 ], [ 46.925249, 41.6907979 ], [ 46.9210569, 41.6855089 ], [ 46.9274758, 41.6765736 ], [ 46.9326023, 41.6767288 ], [ 46.9380011, 41.678401 ], [ 46.9428905, 41.6749612 ], [ 46.9461161, 41.6635187 ], [ 46.9526539, 41.6589849 ], [ 46.9569182, 41.6544691 ], [ 46.9614039, 41.6529147 ], [ 46.9803534, 41.6461337 ], [ 46.9850739, 41.6444299 ], [ 46.9909857, 41.644221 ], [ 46.9992113, 41.6408802 ], [ 47.0008436, 41.6341586 ], [ 47.0041487, 41.6313389 ], [ 47.0087229, 41.62997630000001 ], [ 47.012304, 41.6274483 ], [ 47.0086655, 41.6238617 ], [ 47.0063045, 41.6178523 ], [ 47.0000724, 41.6124158 ], [ 46.9961293, 41.6037104 ], [ 46.9961933, 41.6011549 ], [ 46.9906892, 41.5997941 ], [ 46.992385, 41.5975739 ], [ 46.9914527, 41.5948918 ], [ 46.9940933, 41.5916138 ], [ 46.9969756, 41.5905182 ], [ 46.9978153, 41.5878187 ], [ 47.0043846, 41.5846518 ], [ 47.0034262, 41.581554 ], [ 47.005312, 41.5802899 ], [ 47.0098844, 41.57840789999999 ], [ 47.016189, 41.5798533 ], [ 47.0224794, 41.57718460000001 ], [ 47.0159812, 41.5597809 ], [ 47.0185715, 41.5558754 ], [ 47.0212352, 41.5570134 ], [ 47.0224146, 41.5407472 ], [ 47.0046838, 41.5233665 ], [ 46.9769062, 41.5343227 ], [ 46.9704962, 41.524844 ], [ 46.9854313, 41.5066467 ], [ 46.9806591, 41.4908938 ], [ 46.9523797, 41.5204109 ], [ 46.939193, 41.5235182 ], [ 46.9253977, 41.5227893 ], [ 46.8822052, 41.5389379 ], [ 46.871253, 41.53946409999999 ], [ 46.8650741, 41.546957 ], [ 46.8327222, 41.556528 ], [ 46.8138047, 41.553262 ], [ 46.796613, 41.5349261 ], [ 46.7775775, 41.5228968 ], [ 46.7609567, 41.5202074 ], [ 46.752305, 41.5206444 ], [ 46.7476702, 41.512264 ], [ 46.7426233, 41.5129067 ], [ 46.741353, 41.5109271 ], [ 46.7382974, 41.5114927 ], [ 46.7356539, 41.5092046 ], [ 46.7327013, 41.5024169 ], [ 46.7285471, 41.5015941 ], [ 46.7244272, 41.4933912 ], [ 46.7211012, 41.4939859 ], [ 46.7172947, 41.4898712 ], [ 46.7142119, 41.4642142 ], [ 46.6900392, 41.4695522 ], [ 46.6895496, 41.4666438 ], [ 46.6862115, 41.4630327 ], [ 46.6823515, 41.4555473 ], [ 46.6781973, 41.4515331 ], [ 46.6718566, 41.42868989999999 ], [ 46.667037, 41.4240756 ], [ 46.6682167, 41.4179628 ], [ 46.6647539, 41.4143449 ], [ 46.6650487, 41.4114157 ], [ 46.6610062, 41.4048994 ], [ 46.6608786, 41.4009286 ], [ 46.6558831, 41.3965826 ], [ 46.6559817, 41.3942863 ], [ 46.6477276, 41.3913473 ], [ 46.6491143, 41.384717 ], [ 46.6437811, 41.377235 ], [ 46.6453703, 41.3743318 ], [ 46.6473842, 41.3738978 ], [ 46.6436912, 41.373371 ], [ 46.6409219, 41.3744776 ], [ 46.6395363, 41.3811708 ], [ 46.6376892, 41.3821185 ], [ 46.6352755, 41.3813599 ], [ 46.6315685, 41.3777005 ], [ 46.6295094, 41.3768998 ], [ 46.6264574, 41.377673 ], [ 46.6259081, 41.3814843 ], [ 46.6333341, 41.3863665 ], [ 46.631628, 41.3903618 ], [ 46.626747, 41.3906161 ], [ 46.6285501, 41.3872393 ], [ 46.6237355, 41.3834625 ], [ 46.6230723, 41.379001 ], [ 46.6202172, 41.3783657 ], [ 46.6111086, 41.3820158 ], [ 46.6106535, 41.3842627 ], [ 46.6164938, 41.3918989 ], [ 46.6120545, 41.3950925 ], [ 46.6083262, 41.3948912 ], [ 46.6082588, 41.3924267 ], [ 46.6063872, 41.3914822 ], [ 46.6030791, 41.3945049 ], [ 46.6001513, 41.3926827 ], [ 46.5986934, 41.3929042 ], [ 46.5972013, 41.3959115 ], [ 46.5944875, 41.3976519 ], [ 46.5847862, 41.39845170000001 ], [ 46.5791623, 41.3978007 ], [ 46.5753881, 41.3995016 ], [ 46.5693531, 41.3993255 ], [ 46.5686293, 41.4008911 ], [ 46.5701977, 41.4045349 ], [ 46.5680334, 41.4066391 ], [ 46.5658778, 41.4071125 ], [ 46.5603997, 41.405576299999986 ], [ 46.555189, 41.4065458 ], [ 46.5485745, 41.4062372 ], [ 46.5381578, 41.4086476 ], [ 46.5343888, 41.4109861 ], [ 46.5253112, 41.4102048 ], [ 46.5211867, 41.4132408 ], [ 46.5221051, 41.4161108 ], [ 46.521677, 41.4174602 ], [ 46.5198769, 41.4178071 ], [ 46.5131219, 41.4133082 ], [ 46.5077579, 41.4131617 ], [ 46.5077243, 41.4142878 ], [ 46.5107963, 41.415745 ], [ 46.5086418, 41.4189453 ], [ 46.4959251, 41.4203613 ], [ 46.4848041, 41.4246473 ], [ 46.4840964, 41.426163 ], [ 46.4866045, 41.428181 ], [ 46.4856705, 41.4294529 ], [ 46.4780299, 41.4283021 ], [ 46.4728821, 41.4292627 ], [ 46.4723956, 41.4306488 ], [ 46.4786697, 41.4334884 ], [ 46.4767053, 41.4364282 ], [ 46.472907, 41.4356158 ], [ 46.4701304, 41.4326631 ], [ 46.4672728, 41.4331292 ], [ 46.4638867, 41.4369952 ], [ 46.4561679, 41.4383927 ], [ 46.4523937, 41.445353 ], [ 46.4407153, 41.4487886 ], [ 46.4405704, 41.4499029 ], [ 46.44827930000001, 41.4529883 ], [ 46.4494159, 41.4544133 ], [ 46.4489299, 41.4573554 ], [ 46.4440939, 41.4620017 ], [ 46.4413003, 41.4622948 ], [ 46.4393886, 41.4606852 ], [ 46.4406181, 41.4594262 ], [ 46.4441043, 41.4588161 ], [ 46.4448032, 41.4572052 ], [ 46.4420034, 41.4543905 ], [ 46.4390398, 41.4533425 ], [ 46.431826, 41.4537377 ], [ 46.4255352, 41.4562851 ], [ 46.4258747, 41.4641165 ], [ 46.4308241, 41.4671933 ], [ 46.4322362, 41.4704177 ], [ 46.4286717, 41.4674348 ], [ 46.4258843, 41.4671679 ], [ 46.4247229, 41.4690999 ], [ 46.4258758, 41.4716579 ], [ 46.4245845, 41.4734107 ], [ 46.4210634, 41.4752089 ], [ 46.4161285, 41.4757889 ], [ 46.4116949, 41.4807419 ], [ 46.4089456, 41.4817107 ], [ 46.4074011, 41.48028 ], [ 46.4080764, 41.4760881 ], [ 46.4036947, 41.4718061 ], [ 46.4009917, 41.4708463 ] ] ] ]
    }
  }, {
    "type" : "Feature",
    "properties" : {
      "osm_id" : "3764589",
      "admin_level" : "5",
      "country_code" : "AZ",
      "name" : "Zərdab rayonu",
      "population" : null,
      "wikidata" : "Q249293",
      "wikipedia" : "de:Zərdab (Rayon)",
      "name_props" : {
        "name:az" : "Zərdab rayonu",
        "name:de" : "Zərdab",
        "name:en" : "Zardab District",
        "name:es" : "Zərdab",
        "name:fa" : "شهرستان زرداب",
        "name:fr" : "Zərdab",
        "name:ja" : "ザルダブ県",
        "name:pl" : "Rejon Zərdab",
        "name:ru" : "Зердабский район",
        "name:uk" : "Зердабський район"
      },
      "parent_boundary_id" : "364110"
    },
    "geometry" : {
      "type" : "MultiPolygon",
      "coordinates" : [ [ [ [ 47.4655107, 40.2566545 ], [ 47.4690056, 40.2592402 ], [ 47.4765479, 40.2601981 ], [ 47.482996, 40.2630063 ], [ 47.4978661, 40.2759897 ], [ 47.5068194, 40.2773361 ], [ 47.5085038, 40.2798081 ], [ 47.5086808, 40.2844692 ], [ 47.5035417, 40.2944208 ], [ 47.4982309, 40.29537 ], [ 47.4952054, 40.2925632 ], [ 47.4939417, 40.2841039 ], [ 47.4912894, 40.2801314 ], [ 47.485308, 40.2771888 ], [ 47.4774653, 40.2762025 ], [ 47.4732166, 40.2730142 ], [ 47.468276, 40.273579 ], [ 47.4655187, 40.2763293 ], [ 47.4647999, 40.2796403 ], [ 47.4692416, 40.2899444 ], [ 47.4691021, 40.2924159 ], [ 47.4675733, 40.2936966 ], [ 47.4612379, 40.2947481 ], [ 47.4457937, 40.2889337 ], [ 47.4424195, 40.2895025 ], [ 47.4405152, 40.2910697 ], [ 47.4405956, 40.2986677 ], [ 47.4485671, 40.3146221 ], [ 47.4479556, 40.3203811 ], [ 47.461438, 40.3383294 ], [ 47.4704464, 40.3442848 ], [ 47.4749505, 40.3547229 ], [ 47.4952653, 40.3716026 ], [ 47.510101, 40.3759448 ], [ 47.5106162, 40.3808461 ], [ 47.5068165, 40.3841633 ], [ 47.5248641, 40.4061193 ], [ 47.5224962, 40.4188386 ], [ 47.5300117, 40.4206768 ], [ 47.5656774, 40.4053493 ], [ 47.5582317, 40.3994694 ], [ 47.5591509, 40.3926088 ], [ 47.566137, 40.3919087 ], [ 47.5723877, 40.3819665 ], [ 47.5930701, 40.3719528 ], [ 47.5978252, 40.3657922 ], [ 47.6010525, 40.36375180000001 ], [ 47.6203472, 40.3564791 ], [ 47.6326382, 40.3477926 ], [ 47.6489117, 40.34392 ], [ 47.6583187, 40.338006 ], [ 47.6620952, 40.3324055 ], [ 47.6689617, 40.3145018 ], [ 47.6685497, 40.3130358 ], [ 47.6612026, 40.3081139 ], [ 47.6616833, 40.3028775 ], [ 47.6774761, 40.3032441 ], [ 47.6837246, 40.299526 ], [ 47.6893164, 40.2938699 ], [ 47.6973502, 40.2983903 ], [ 47.6987201, 40.3035043 ], [ 47.6915281, 40.3086212 ], [ 47.6821726, 40.3131822 ], [ 47.6777893, 40.3196224 ], [ 47.680467, 40.3268771 ], [ 47.6777315, 40.3269237 ], [ 47.6780581, 40.3285578 ], [ 47.6802716, 40.3300326 ], [ 47.681121, 40.3339174 ], [ 47.6851247, 40.334293 ], [ 47.687455, 40.3237285 ], [ 47.6964468, 40.323505 ], [ 47.72695619999999, 40.3296763 ], [ 47.7360161, 40.3356284 ], [ 47.7486217, 40.3357716 ], [ 47.7750885, 40.3140033 ], [ 47.8014443, 40.3133488 ], [ 47.8335092, 40.3019704 ], [ 47.8686367, 40.3026867 ], [ 47.8844159, 40.3127142 ], [ 47.9631241, 40.3078439 ], [ 47.9708319, 40.3114662 ], [ 47.9715781, 40.2798038 ], [ 47.944893, 40.2505145 ], [ 47.988825, 40.1703571 ], [ 47.9254086, 40.1442203 ], [ 47.9134806, 40.0996429 ], [ 47.9135292, 40.0985249 ], [ 47.9216651, 40.0974627 ], [ 47.9227061, 40.0932018 ], [ 47.9275359, 40.0867201 ], [ 47.9225272, 40.0836345 ], [ 47.9185268, 40.07867 ], [ 47.9154045, 40.0786824 ], [ 47.9114529, 40.0860855 ], [ 47.9072248, 40.0889346 ], [ 47.9016632, 40.0888973 ], [ 47.8943779, 40.0850902 ], [ 47.8942478, 40.0839331 ], [ 47.9015657, 40.0827387 ], [ 47.9057125, 40.0794787 ], [ 47.9007526, 40.0716767 ], [ 47.9009965, 40.06813 ], [ 47.8985898, 40.0671468 ], [ 47.8966709, 40.068242 ], [ 47.8888652, 40.0804244 ], [ 47.8830759, 40.0798893 ], [ 47.8767988, 40.0771021 ], [ 47.8724081, 40.0774505 ], [ 47.8735953, 40.0804119 ], [ 47.8800024, 40.0855381 ], [ 47.8819864, 40.0899548 ], [ 47.8805228, 40.0937367 ], [ 47.8706031, 40.1003919 ], [ 47.8682776, 40.103514 ], [ 47.8715625, 40.116287 ], [ 47.8665376, 40.115516 ], [ 47.8630901, 40.1117477 ], [ 47.8619518, 40.1076434 ], [ 47.8642447, 40.0978418 ], [ 47.8633503, 40.0958391 ], [ 47.8456731, 40.1060096 ], [ 47.8460624, 40.1069408 ], [ 47.8541298, 40.1085887 ], [ 47.8566179, 40.110218 ], [ 47.8573496, 40.1126681 ], [ 47.8556259, 40.1159388 ], [ 47.8446654, 40.1102428 ], [ 47.8237359, 40.113562 ], [ 47.8225404, 40.1109135 ], [ 47.8292248, 40.1047991 ], [ 47.8291781, 40.1030916 ], [ 47.8215566, 40.10195569999998 ], [ 47.8150934, 40.0989694 ], [ 47.8056693, 40.1084995 ], [ 47.8000747, 40.1100853 ], [ 47.7962546, 40.109921 ], [ 47.7959651, 40.1074422 ], [ 47.8004937, 40.1005089 ], [ 47.8004881, 40.0983347 ], [ 47.7984298, 40.0975943 ], [ 47.7895844, 40.0999824 ], [ 47.7844206, 40.1000673 ], [ 47.7826459, 40.1023486 ], [ 47.7840755, 40.1033761 ], [ 47.7898925, 40.1033384 ], [ 47.7920369, 40.104893699999984 ], [ 47.7935775, 40.1079667 ], [ 47.792456, 40.1140273 ], [ 47.7933679, 40.1168359 ], [ 47.8015266, 40.126194 ], [ 47.8026493, 40.1296357 ], [ 47.7984542, 40.1295378 ], [ 47.7890665, 40.1248176 ], [ 47.7791745, 40.1207188 ], [ 47.7761918, 40.1218592 ], [ 47.7852363, 40.1290046 ], [ 47.7905899, 40.13565709999999 ], [ 47.7905256, 40.1377405 ], [ 47.7866288, 40.1389061 ], [ 47.7740106, 40.1388381 ], [ 47.7673368, 40.1415502 ], [ 47.768172, 40.1440675 ], [ 47.7758868, 40.1459666 ], [ 47.7777871, 40.1476402 ], [ 47.77661959999999, 40.1490681 ], [ 47.7685125, 40.1509742 ], [ 47.7673263, 40.1525805 ], [ 47.7753867, 40.1625241 ], [ 47.7740511, 40.1668067 ], [ 47.7687553, 40.1714315 ], [ 47.7592379, 40.1771907 ], [ 47.7545305, 40.1786964 ], [ 47.7527372, 40.1780256 ], [ 47.7527839, 40.1750284 ], [ 47.7554803, 40.1709258 ], [ 47.7623014, 40.1661857 ], [ 47.7623761, 40.1641729 ], [ 47.7583506, 40.1637233 ], [ 47.7452186, 40.170311 ], [ 47.7417067, 40.1705608 ], [ 47.7370834, 40.1685482 ], [ 47.7344258, 40.1693577 ], [ 47.7277636, 40.1811849 ], [ 47.7299845, 40.1855373 ], [ 47.7217276, 40.1881692 ], [ 47.7202492, 40.1995114 ], [ 47.7111881, 40.2104273 ], [ 47.7081626, 40.2093457 ], [ 47.7026742, 40.193796 ], [ 47.692473, 40.1887194 ], [ 47.6955727, 40.181109 ], [ 47.6917532, 40.1793221 ], [ 47.6862392, 40.1795228 ], [ 47.6843724, 40.1817851 ], [ 47.6847264, 40.1844163 ], [ 47.6827523, 40.1848425 ], [ 47.6792761, 40.18249010000001 ], [ 47.6793444, 40.1768158 ], [ 47.6774219, 40.1758634 ], [ 47.6729399, 40.1763331 ], [ 47.66989190000001, 40.1778834 ], [ 47.6552187, 40.1920875 ], [ 47.6506971, 40.1937876 ], [ 47.6459805, 40.1937594 ], [ 47.6333848, 40.1907411 ], [ 47.6321154, 40.1891029 ], [ 47.6332985, 40.1871729 ], [ 47.6404115, 40.1842962 ], [ 47.6440699, 40.1842165 ], [ 47.6476582, 40.1864985 ], [ 47.6505297, 40.1860748 ], [ 47.645216, 40.1789343 ], [ 47.6424308, 40.1775125 ], [ 47.6336806, 40.1783976 ], [ 47.6236849, 40.172144 ], [ 47.6203943, 40.168443 ], [ 47.6171531, 40.1683111 ], [ 47.6094654, 40.1727892 ], [ 47.5919902, 40.1773896 ], [ 47.565093, 40.17036 ], [ 47.5606728, 40.17007719999999 ], [ 47.5517034, 40.1716881 ], [ 47.5479054, 40.1711593 ], [ 47.542187, 40.1675684 ], [ 47.5362486, 40.1605706 ], [ 47.5306749, 40.1594432 ], [ 47.5274455, 40.1600582 ], [ 47.5249672, 40.1621408 ], [ 47.5252139, 40.1653056 ], [ 47.533124, 40.1773682 ], [ 47.5237226, 40.1876192 ], [ 47.5237602, 40.195696 ], [ 47.5205094, 40.1980398 ], [ 47.5145924, 40.1967409 ], [ 47.5124413, 40.1972776 ], [ 47.5119316, 40.2039931 ], [ 47.5090563, 40.2061317 ], [ 47.5022565, 40.2074208 ], [ 47.4985469, 40.2059431 ], [ 47.4971173, 40.2064608 ], [ 47.4978568, 40.2093221 ], [ 47.5039696, 40.2125032 ], [ 47.506114, 40.2156466 ], [ 47.5054837, 40.22303 ], [ 47.4948339, 40.2353048 ], [ 47.4918071, 40.2420146 ], [ 47.4869797, 40.2429007 ], [ 47.483582, 40.2416688 ], [ 47.4806657, 40.2385782 ], [ 47.4784197, 40.2404944 ], [ 47.4816946, 40.2457075 ], [ 47.4913053, 40.2496297 ], [ 47.4989732, 40.2513859 ], [ 47.4992287, 40.2546714 ], [ 47.4948353, 40.2565218 ], [ 47.4802548, 40.2540788 ], [ 47.4686944, 40.2541801 ], [ 47.4655107, 40.2566545 ] ] ] ]
    }
  }, {
    "type" : "Feature",
    "properties" : {
      "osm_id" : "3764592",
      "admin_level" : "5",
      "country_code" : "AZ",
      "name" : "Şabran rayonu",
      "population" : null,
      "wikidata" : "Q387994",
      "wikipedia" : "az:Şabran rayonu",
      "name_props" : {
        "name:ar" : "مقاطعة شابران",
        "name:az" : "Şabran rayonu",
        "name:de" : "Şabran",
        "name:en" : "Shabran District",
        "name:es" : "Şabran",
        "name:fa" : "شهرستان شابران",
        "name:fr" : "Şabran",
        "name:ja" : "シャブラン県",
        "name:ru" : "Шабранский район",
        "name:uk" : "Шабранський район"
      },
      "parent_boundary_id" : "364110"
    },
    "geometry" : {
      "type" : "MultiPolygon",
      "coordinates" : [ [ [ [ 49.0959105, 41.14139620000001 ], [ 49.0981853, 41.1419158 ], [ 49.1029918, 41.1314178 ], [ 49.1051407, 41.12293949999999 ], [ 49.1211879, 41.1264009 ], [ 49.1303889, 41.1061744 ], [ 49.1097032, 41.1001208 ], [ 49.0980426, 41.103047 ], [ 49.0934323, 41.1052795 ], [ 49.0629603, 41.0959812 ], [ 49.0532786, 41.122832 ], [ 49.0984691, 41.1322449 ], [ 49.0959105, 41.14139620000001 ] ] ], [ [ [ 48.7861792, 40.9077747 ], [ 48.7849993, 40.9144736 ], [ 48.7801857, 40.9153992 ], [ 48.7709568, 40.9239545 ], [ 48.761823, 40.9269737 ], [ 48.7541689, 40.9341012 ], [ 48.744124, 40.9339544 ], [ 48.7182599, 40.9531098 ], [ 48.7193292, 40.9599143 ], [ 48.72381, 40.9654576 ], [ 48.724311, 40.9909862 ], [ 48.7357148, 40.9978801 ], [ 48.7322463, 41.01202 ], [ 48.7356481, 41.0195485 ], [ 48.7038726, 41.0293753 ], [ 48.7146406, 41.0452304 ], [ 48.7359756, 41.0565357 ], [ 48.7480563, 41.0705769 ], [ 48.7669611, 41.0785902 ], [ 48.7696324, 41.086704799999985 ], [ 48.76716290000001, 41.0909125 ], [ 48.753605, 41.0982636 ], [ 48.7582575, 41.10989 ], [ 48.7578634, 41.11683450000001 ], [ 48.7461053, 41.1205678 ], [ 48.7393365, 41.129382 ], [ 48.7251425, 41.1266514 ], [ 48.71569619999999, 41.1324262 ], [ 48.7063333, 41.1302146 ], [ 48.6870907, 41.1331837 ], [ 48.6728594, 41.1327528 ], [ 48.6921809, 41.1479083 ], [ 48.7024564, 41.1494128 ], [ 48.7047534, 41.1575587 ], [ 48.7241829, 41.183656 ], [ 48.7168066, 41.20466 ], [ 48.7220084, 41.2084915 ], [ 48.72743, 41.21568160000001 ], [ 48.7377575, 41.2169278 ], [ 48.7436394, 41.226668 ], [ 48.75897169999999, 41.2347912 ], [ 48.772387, 41.2361864 ], [ 48.7933186, 41.243627 ], [ 48.8092854, 41.2527484 ], [ 48.8108987, 41.2600077 ], [ 48.7984563, 41.271307 ], [ 48.791069, 41.282263 ], [ 48.7922244, 41.2888602 ], [ 48.8013582, 41.2847661 ], [ 48.8091124, 41.2910049 ], [ 48.8173217, 41.2952615 ], [ 48.81904440000001, 41.302111 ], [ 48.8160579, 41.3111613 ], [ 48.8103493, 41.3155563 ], [ 48.8098855, 41.3191104 ], [ 48.8206521, 41.3250313 ], [ 48.8284864, 41.3252187 ], [ 48.8316504, 41.3327334 ], [ 48.8166371, 41.3436205 ], [ 48.8259556, 41.3474565 ], [ 48.8487149, 41.3665699 ], [ 48.8552248, 41.3706334 ], [ 48.873378, 41.3749408 ], [ 48.8808755, 41.3722811 ], [ 48.8935225, 41.37113509999999 ], [ 48.9037093, 41.3684408 ], [ 48.925388, 41.3692604 ], [ 48.9351646, 41.3612315 ], [ 48.9470201, 41.3590171 ], [ 49.0158251, 41.3900111 ], [ 49.0244436, 41.3836275 ], [ 49.0421451, 41.383698 ], [ 49.0491023, 41.3784134 ], [ 49.0513705, 41.3785495 ], [ 49.0603, 41.3832605 ], [ 49.297519, 41.4743888 ], [ 49.3296567, 41.4288344 ], [ 49.3670833, 41.3692811 ], [ 49.3779078, 41.345641 ], [ 49.3937576, 41.2993758 ], [ 49.1454919, 41.20032830000001 ], [ 49.1308017, 41.2013404 ], [ 49.1196241, 41.2161409 ], [ 49.1210422, 41.2214361 ], [ 49.12001, 41.22709540000001 ], [ 49.1131048, 41.2331235 ], [ 49.1047898, 41.2385039 ], [ 49.0966682, 41.2389401 ], [ 49.0929942, 41.2417028 ], [ 49.0914472, 41.2524618 ], [ 49.0852593, 41.2664167 ], [ 49.0810734, 41.2698113 ], [ 49.0472965, 41.2699149 ], [ 49.0334262, 41.2672312 ], [ 49.0292377, 41.25757919999999 ], [ 49.0773029, 41.2215394 ], [ 49.0808734, 41.2162711 ], [ 49.0820407, 41.2052168 ], [ 49.0870125, 41.1906947 ], [ 49.0720984, 41.169824 ], [ 49.0431222, 41.1834165 ], [ 49.0157845, 41.1665417 ], [ 49.0085539, 41.1718158 ], [ 48.9950377, 41.1716686 ], [ 48.9918727, 41.1706954 ], [ 48.9909553, 41.1715757 ], [ 48.9886969, 41.1700574 ], [ 48.9821148, 41.168648099999984 ], [ 48.9753117, 41.1597976 ], [ 48.9774591, 41.1572127 ], [ 48.9800296, 41.148538 ], [ 48.9799147, 41.1369507 ], [ 48.966795, 41.1286159 ], [ 48.9646321, 41.1252411 ], [ 48.9605894, 41.1235342 ], [ 48.9596882, 41.1210901 ], [ 48.9609859, 41.1147158 ], [ 48.9439545, 41.1115504 ], [ 48.9188325, 41.0935125 ], [ 48.9249217, 41.0886365 ], [ 48.9572869, 41.0792941 ], [ 48.9603445, 41.0731756 ], [ 48.9851023, 41.0639442 ], [ 48.981188, 41.055934 ], [ 48.9657266, 41.0501456 ], [ 48.9493052, 41.0486142 ], [ 48.9163455, 41.0414184 ], [ 48.895086, 41.0435496 ], [ 48.8681031, 41.0355363 ], [ 48.8598889, 41.0168282 ], [ 48.861275, 41.0081841 ], [ 48.8577699, 41.0045596 ], [ 48.8538045, 40.9890512 ], [ 48.8504571, 40.9854553 ], [ 48.8468007, 40.9780492 ], [ 48.8463115, 40.974064 ], [ 48.8466205, 40.9702535 ], [ 48.8580838, 40.9581307 ], [ 48.880222, 40.9368676 ], [ 48.8835854, 40.922059 ], [ 48.8736362, 40.9167013 ], [ 48.8629189, 40.9175434 ], [ 48.8468514, 40.9064821 ], [ 48.843369, 40.8990905 ], [ 48.8265338, 40.8917351 ], [ 48.8246501, 40.8985496 ], [ 48.8063508, 40.9124817 ], [ 48.7981351, 40.91306070000001 ], [ 48.7936055, 40.9063501 ], [ 48.7861792, 40.9077747 ] ] ] ]
    }
  }, {
    "type" : "Feature",
    "properties" : {
      "osm_id" : "3764590",
      "admin_level" : "5",
      "country_code" : "AZ",
      "name" : "İmişli rayonu",
      "population" : null,
      "wikidata" : "Q343908",
      "wikipedia" : "de:İmişli (Rayon)",
      "name_props" : {
        "name:ar" : "مقاطعة إميشلي",
        "name:az" : "İmişli rayonu",
        "name:de" : "İmişli",
        "name:en" : "Imishli District",
        "name:es" : "İmişli",
        "name:fa" : "شهرستان ایمیشلی",
        "name:fr" : "İmişli",
        "name:ja" : "イミシュリ県",
        "name:ru" : "Имишлинский район",
        "name:uk" : "Імішлінський район"
      },
      "parent_boundary_id" : "364110"
    },
    "geometry" : {
      "type" : "MultiPolygon",
      "coordinates" : [ [ [ [ 47.8704847, 39.6672874 ], [ 47.8536247, 39.7319032 ], [ 47.9486772, 39.7953081 ], [ 47.9391047, 39.7996413 ], [ 47.9245312, 39.7952706 ], [ 47.9129501, 39.7965593 ], [ 47.8920968, 39.8106536 ], [ 47.8490787, 39.8329718 ], [ 47.8524974, 39.8428157 ], [ 47.756775, 39.8928885 ], [ 47.7903918, 39.9324399 ], [ 47.8188806, 39.9208609 ], [ 47.8453752, 39.9582125 ], [ 47.8157468, 39.9603961 ], [ 47.8109037, 40.013656 ], [ 47.8224366, 40.0116902 ], [ 47.8292857, 40.0252664 ], [ 47.8105512, 40.0501748 ], [ 47.796292, 40.048604 ], [ 47.7766568, 40.1118996 ], [ 47.7782446, 40.1130155 ], [ 47.7847678, 40.1132288 ], [ 47.7872783, 40.1147057 ], [ 47.7896387, 40.1191034 ], [ 47.7890665, 40.1248176 ], [ 47.7984542, 40.1295378 ], [ 47.8026493, 40.1296357 ], [ 47.8015266, 40.126194 ], [ 47.7933679, 40.1168359 ], [ 47.792456, 40.1140273 ], [ 47.7935775, 40.1079667 ], [ 47.7920369, 40.104893699999984 ], [ 47.7898925, 40.1033384 ], [ 47.7840755, 40.1033761 ], [ 47.7826459, 40.1023486 ], [ 47.7844206, 40.1000673 ], [ 47.7895844, 40.0999824 ], [ 47.7984298, 40.0975943 ], [ 47.8004881, 40.0983347 ], [ 47.8004937, 40.1005089 ], [ 47.7959651, 40.1074422 ], [ 47.7962546, 40.109921 ], [ 47.8000747, 40.1100853 ], [ 47.8056693, 40.1084995 ], [ 47.8150934, 40.0989694 ], [ 47.8215566, 40.10195569999998 ], [ 47.8291781, 40.1030916 ], [ 47.8292248, 40.1047991 ], [ 47.8225404, 40.1109135 ], [ 47.8237359, 40.113562 ], [ 47.8446654, 40.1102428 ], [ 47.8556259, 40.1159388 ], [ 47.8573496, 40.1126681 ], [ 47.8566179, 40.110218 ], [ 47.8541298, 40.1085887 ], [ 47.8460624, 40.1069408 ], [ 47.8456731, 40.1060096 ], [ 47.8633503, 40.0958391 ], [ 47.8642447, 40.0978418 ], [ 47.8619518, 40.1076434 ], [ 47.8630901, 40.1117477 ], [ 47.8665376, 40.115516 ], [ 47.8715625, 40.116287 ], [ 47.8682776, 40.103514 ], [ 47.8706031, 40.1003919 ], [ 47.8805228, 40.0937367 ], [ 47.8819864, 40.0899548 ], [ 47.8800024, 40.0855381 ], [ 47.8735953, 40.0804119 ], [ 47.8724081, 40.0774505 ], [ 47.8767988, 40.0771021 ], [ 47.8830759, 40.0798893 ], [ 47.8888652, 40.0804244 ], [ 47.8966709, 40.068242 ], [ 47.8985898, 40.0671468 ], [ 47.9009965, 40.06813 ], [ 47.9007526, 40.0716767 ], [ 47.9057125, 40.0794787 ], [ 47.9015657, 40.0827387 ], [ 47.8942478, 40.0839331 ], [ 47.8943779, 40.0850902 ], [ 47.9016632, 40.0888973 ], [ 47.9072248, 40.0889346 ], [ 47.9114529, 40.0860855 ], [ 47.9154045, 40.0786824 ], [ 47.9185268, 40.07867 ], [ 47.9225272, 40.0836345 ], [ 47.9275359, 40.0867201 ], [ 47.9227061, 40.0932018 ], [ 47.9216651, 40.0974627 ], [ 47.9227662, 40.0987502 ], [ 47.9328077, 40.0966625 ], [ 47.9448376, 40.0982414 ], [ 47.9472847, 40.091668100000014 ], [ 47.9474528, 40.08117810000001 ], [ 47.9486016, 40.0797345 ], [ 47.9511328, 40.0808422 ], [ 47.9524497, 40.0841938 ], [ 47.9559148, 40.08533 ], [ 47.9581006, 40.0844354 ], [ 47.9596041, 40.0796559 ], [ 47.9619391, 40.0777478 ], [ 47.9660292, 40.0781016 ], [ 47.9668791, 40.0812103 ], [ 47.9691488, 40.0826682 ], [ 47.9794788, 40.0799883 ], [ 47.9864184, 40.0801384 ], [ 47.9891737, 40.0834685 ], [ 47.98682980000001, 40.0901992 ], [ 47.9797683, 40.0888851 ], [ 47.9666737, 40.0898997 ], [ 47.9647963, 40.091043 ], [ 47.9653909, 40.0924607 ], [ 47.9738374, 40.0972663 ], [ 47.9790865, 40.1035461 ], [ 47.9791593, 40.1068564 ], [ 47.9715024, 40.1085182 ], [ 47.9692235, 40.1105754 ], [ 47.9752198, 40.1139255 ], [ 47.9844477, 40.1160112 ], [ 47.9844944, 40.1196325 ], [ 47.9799551, 40.1236678 ], [ 47.9800579, 40.1251675 ], [ 47.9869041, 40.1240249 ], [ 47.9977198, 40.1181826 ], [ 48.0008441, 40.1293626 ], [ 48.0073976, 40.1335029 ], [ 48.0171873, 40.1343981 ], [ 48.0234969, 40.1302951 ], [ 48.0257736, 40.1343608 ], [ 48.028034, 40.1350446 ], [ 48.02779, 40.129375 ], [ 48.0295788, 40.1291637 ], [ 48.0327011, 40.1323218 ], [ 48.0330426, 40.1350943 ], [ 48.0188135, 40.1396818 ], [ 48.0165043, 40.1422178 ], [ 48.0169271, 40.1436101 ], [ 48.041737, 40.1443905 ], [ 48.0475278, 40.1478889 ], [ 48.046762, 40.1557559 ], [ 48.0516935, 40.1561557 ], [ 48.0544208, 40.1538428 ], [ 48.0519687, 40.1450561 ], [ 48.0466872, 40.1393497 ], [ 48.0381878, 40.13358010000001 ], [ 48.0378556, 40.1320081 ], [ 48.042671, 40.131952 ], [ 48.0490596, 40.1362079 ], [ 48.0648368, 40.1412163 ], [ 48.0676733, 40.1411534 ], [ 48.0858801, 40.120793599999985 ], [ 48.0895765, 40.10629669999999 ], [ 48.0920796, 40.1059823 ], [ 48.0988231, 40.11264 ], [ 48.1016438, 40.1117114 ], [ 48.1024283, 40.1092112 ], [ 48.1005043, 40.1003386 ], [ 48.1086301, 40.0948086 ], [ 48.1125902, 40.0902357 ], [ 48.1147384, 40.0867487 ], [ 48.1167871, 40.077697 ], [ 48.1215505, 40.0765678 ], [ 48.1336177, 40.0771253 ], [ 48.1393151, 40.0790978 ], [ 48.1446203, 40.0845432 ], [ 48.1476437, 40.085505 ], [ 48.1504083, 40.083204 ], [ 48.1431239, 40.0757294 ], [ 48.1425635, 40.0720272 ], [ 48.1545374, 40.0703833 ], [ 48.1678121, 40.0648869 ], [ 48.1697233, 40.0679855 ], [ 48.1653205, 40.0750055 ], [ 48.1654196, 40.0779845 ], [ 48.1680811, 40.0775048 ], [ 48.179994, 40.0693614 ], [ 48.1882758, 40.0678988 ], [ 48.1909372, 40.0684838 ], [ 48.212229, 40.0813424 ], [ 48.2195481, 40.0760671 ], [ 48.21918, 40.0745505 ], [ 48.2143809, 40.0719073 ], [ 48.2116769, 40.0688847 ], [ 48.2134182, 40.0661004 ], [ 48.2192933, 40.0619074 ], [ 48.2228183, 40.0608672 ], [ 48.2547419, 40.062525 ], [ 48.2536801, 40.0603146 ], [ 48.2454975, 40.0539975 ], [ 48.246177, 40.0517543 ], [ 48.2539632, 40.0512559 ], [ 48.2589632, 40.0578831 ], [ 48.2630617, 40.060248 ], [ 48.2686406, 40.0607079 ], [ 48.2699011, 40.0595298 ], [ 48.2695204, 40.0567991 ], [ 48.2661945, 40.0529065 ], [ 48.2557446, 40.0486852 ], [ 48.2548004, 40.0473219 ], [ 48.2553583, 40.0453014 ], [ 48.2608588, 40.043321 ], [ 48.2389068, 39.9852261 ], [ 48.2374636, 39.9796536 ], [ 48.2275844, 39.9779541 ], [ 48.2227457, 39.9732161 ], [ 48.2242242, 39.9654388 ], [ 48.2381144, 39.9584384 ], [ 48.2512061, 39.9431446 ], [ 48.2488382, 39.9188578 ], [ 48.2471878, 39.914882 ], [ 48.2383149, 39.9119289 ], [ 48.245694, 39.8760553 ], [ 48.2282878, 39.8597555 ], [ 48.2210969, 39.820573 ], [ 48.2412584, 39.8050861 ], [ 48.2619576, 39.8015753 ], [ 48.2907214, 39.7862907 ], [ 48.321367, 39.7840183 ], [ 48.3291628, 39.7604644 ], [ 48.3200229, 39.72946 ], [ 48.3372274, 39.6994759 ], [ 48.3219046, 39.6823067 ], [ 48.3401845, 39.6820998 ], [ 48.3600772, 39.6658575 ], [ 48.3745935, 39.6593388 ], [ 48.3956862, 39.6577303 ], [ 48.3858826, 39.6412737 ], [ 48.3543529, 39.6223982 ], [ 48.3178132, 39.5962253 ], [ 48.2777059, 39.6053575 ], [ 48.222665, 39.5939598 ], [ 48.1860057, 39.6208057 ], [ 48.1376911, 39.661362 ], [ 48.0941238, 39.6862828 ], [ 48.0669895, 39.7076841 ], [ 48.0285187, 39.72578 ], [ 48.0149164, 39.7261613 ], [ 47.9817938, 39.7310724 ], [ 47.9768273, 39.7293905 ], [ 47.9798896, 39.7061476 ], [ 47.9804798, 39.7039093 ], [ 47.9785812, 39.7016562 ], [ 47.974088, 39.6993454 ], [ 47.9729523, 39.6928617 ], [ 47.9716699, 39.6920246 ], [ 47.9671228, 39.6928782 ], [ 47.9635195, 39.6922164 ], [ 47.9616601, 39.6900503 ], [ 47.9608897, 39.68593 ], [ 47.947699, 39.6796777 ], [ 47.94454480000001, 39.6830041 ], [ 47.9406182, 39.6829105 ], [ 47.9389386, 39.6813534 ], [ 47.9373351, 39.6750449 ], [ 47.9293835, 39.6658206 ], [ 47.9272923, 39.6666071 ], [ 47.9273393, 39.6694157 ], [ 47.9247705, 39.6710871 ], [ 47.9234488, 39.670712 ], [ 47.9204016, 39.6632005 ], [ 47.9156627, 39.6614079 ], [ 47.8989861, 39.66493410000001 ], [ 47.892077, 39.6619075 ], [ 47.8907759, 39.6625935 ], [ 47.8905456, 39.6662495 ], [ 47.8852772, 39.6661445 ], [ 47.8842256, 39.66957 ], [ 47.881938, 39.6706601 ], [ 47.8704847, 39.6672874 ] ] ] ]
    }
  }, {
    "type" : "Feature",
    "properties" : {
      "osm_id" : "3764591",
      "admin_level" : "5",
      "country_code" : "AZ",
      "name" : "İsmayıllı rayonu",
      "population" : "72144",
      "wikidata" : "Q344252",
      "wikipedia" : "az:İsmayıllı rayonu",
      "name_props" : {
        "name:az" : "İsmayıllı rayonu",
        "name:de" : "İsmayıllı",
        "name:en" : "Ismailli District",
        "name:es" : "İsmayıllı",
        "name:fr" : "Ismailli",
        "name:ja" : "イスマイル県",
        "name:ru" : "Исмаиллинский район",
        "name:uk" : "Ісмаїлинський район"
      },
      "parent_boundary_id" : "364110"
    },
    "geometry" : {
      "type" : "MultiPolygon",
      "coordinates" : [ [ [ [ 47.7627079, 40.689637 ], [ 47.7670709, 40.6972496 ], [ 47.7702309, 40.7065097 ], [ 47.7859051, 40.7192395 ], [ 47.7947766, 40.7344756 ], [ 47.8041653, 40.740993 ], [ 47.8196796, 40.75739979999999 ], [ 47.8323578, 40.7621099 ], [ 47.8376831, 40.7692781 ], [ 47.8469702, 40.7754886 ], [ 47.8529744, 40.7843071 ], [ 47.893278, 40.8042261 ], [ 47.8996826, 40.810242 ], [ 47.9036291, 40.8161842 ], [ 47.9250923, 40.8223144 ], [ 47.9348389, 40.8303281 ], [ 47.9416966, 40.8315085 ], [ 47.9513229, 40.83089959999999 ], [ 47.9635892, 40.8338109 ], [ 47.9747715, 40.8433454 ], [ 48.0013755, 40.8620048 ], [ 48.0140845, 40.874027 ], [ 48.0050788, 40.88121969999999 ], [ 48.0222342, 40.9004021 ], [ 48.030514, 40.9075677 ], [ 48.021321, 40.9126587 ], [ 48.0240084, 40.9171544 ], [ 48.0223209, 40.9237815 ], [ 48.0332514, 40.9401573 ], [ 48.0164806, 40.9450556 ], [ 48.0197277, 40.9582197 ], [ 48.0150492, 40.9626121 ], [ 48.0173139, 40.9751739 ], [ 48.0030369, 40.988674 ], [ 47.9902659, 40.9944005 ], [ 47.9875701, 41.0032828 ], [ 47.9955683, 41.0169322 ], [ 48.0202563, 41.0212608 ], [ 48.0238721, 41.0061416 ], [ 48.0461763, 41.0146584 ], [ 48.0366317, 41.0394418 ], [ 48.0450234, 41.0558906 ], [ 48.0708779, 41.0654356 ], [ 48.0740841, 41.0777172 ], [ 48.0957281, 41.0638738 ], [ 48.1274062, 41.058212 ], [ 48.1762655, 41.053115 ], [ 48.2010437, 41.0375792 ], [ 48.245671, 41.0159103 ], [ 48.2728082, 41.0058998 ], [ 48.2971, 41.0132601 ], [ 48.3050238, 41.0172661 ], [ 48.3519674, 40.9903105 ], [ 48.3903352, 40.9852422 ], [ 48.4229477, 40.9751044 ], [ 48.436224, 40.9662261 ], [ 48.4445047, 40.9390328 ], [ 48.4634057, 40.9183084 ], [ 48.4948535, 40.9185499 ], [ 48.5341536, 40.8957195 ], [ 48.5240356, 40.8802319 ], [ 48.5283421, 40.8515347 ], [ 48.5284942, 40.8409569 ], [ 48.5385885, 40.835014 ], [ 48.5095936, 40.8077049 ], [ 48.50074140000001, 40.8048243 ], [ 48.4987534, 40.7693131 ], [ 48.4779079, 40.7513732 ], [ 48.4636729, 40.749817 ], [ 48.442927, 40.7240835 ], [ 48.4344217, 40.7094268 ], [ 48.4034471, 40.7116227 ], [ 48.3694488, 40.7001897 ], [ 48.3613147, 40.6772987 ], [ 48.3104165, 40.6567336 ], [ 48.276233, 40.6493441 ], [ 48.2593345, 40.63312229999999 ], [ 48.2660378, 40.6153913 ], [ 48.2642282, 40.613799 ], [ 48.261406, 40.6128579 ], [ 48.2208534, 40.6181366 ], [ 48.2050593, 40.6136232 ], [ 48.196636, 40.6133319 ], [ 48.1928224, 40.6118475 ], [ 48.1906827, 40.6100842 ], [ 48.194655, 40.5849445 ], [ 48.2001161, 40.57806079999999 ], [ 48.1932059, 40.563535 ], [ 48.192481, 40.5537236 ], [ 48.1687276, 40.5531943 ], [ 48.1612273, 40.5469649 ], [ 48.1474695, 40.5453244 ], [ 48.1355607, 40.5380122 ], [ 48.1184761, 40.5400669 ], [ 48.0876926, 40.5377888 ], [ 48.0806866, 40.5277077 ], [ 48.0545151, 40.5228901 ], [ 48.0363138, 40.5456416 ], [ 48.0307166, 40.5616041 ], [ 48.0530397, 40.5641078 ], [ 48.069253, 40.5734523 ], [ 48.0735813, 40.60570830000001 ], [ 48.0617543, 40.6154743 ], [ 48.0642864, 40.6271767 ], [ 48.0536324, 40.6302742 ], [ 48.0379343, 40.632112 ], [ 48.0248423, 40.62300659999999 ], [ 48.0022892, 40.6303327 ], [ 47.9846223, 40.649177 ], [ 47.8948002, 40.6621123 ], [ 47.8750636, 40.6506183 ], [ 47.8551571, 40.656804 ], [ 47.8635507, 40.6750653 ], [ 47.8145548, 40.6844139 ], [ 47.7885151, 40.6758813 ], [ 47.7696243, 40.6888494 ], [ 47.7627079, 40.689637 ] ] ] ]
    }
  }, {
    "type" : "Feature",
    "properties" : {
      "osm_id" : "3764593",
      "admin_level" : "5",
      "country_code" : "AZ",
      "name" : "Şamaxı rayonu",
      "population" : null,
      "wikidata" : "Q330839",
      "wikipedia" : "de:Şamaxı (Rayon)",
      "name_props" : {
        "name:az" : "Şamaxı rayonu",
        "name:de" : "Şamaxı",
        "name:en" : "Shamakhi District",
        "name:es" : "Şamaxı",
        "name:fr" : "Şamaxı",
        "name:ja" : "シャマフ県",
        "name:ru" : "Шемахинский район",
        "name:uk" : "Шамахинський район"
      },
      "parent_boundary_id" : "364110"
    },
    "geometry" : {
      "type" : "MultiPolygon",
      "coordinates" : [ [ [ [ 48.5385885, 40.835014 ], [ 48.5284942, 40.8409569 ], [ 48.5283421, 40.8515347 ], [ 48.5240356, 40.8802319 ], [ 48.5341536, 40.8957195 ], [ 48.4948535, 40.9185499 ], [ 48.4634057, 40.9183084 ], [ 48.4445047, 40.9390328 ], [ 48.436224, 40.9662261 ], [ 48.492423, 40.946875 ], [ 48.5216808, 40.95479060000001 ], [ 48.5245765, 40.9447416 ], [ 48.5627177, 40.946736 ], [ 48.6282078, 40.9245251 ], [ 48.6622708, 40.9200812 ], [ 48.7139778, 40.9034137 ], [ 48.7288636, 40.88666090000001 ], [ 48.7439461, 40.886119 ], [ 48.7553967, 40.9011682 ], [ 48.7742508, 40.9001412 ], [ 48.7810984, 40.8982944 ], [ 48.7861792, 40.9077747 ], [ 48.7936055, 40.9063501 ], [ 48.7913481, 40.8988547 ], [ 48.8036597, 40.8939728 ], [ 48.8031215, 40.88258 ], [ 48.7914305, 40.8624049 ], [ 48.801706, 40.8510349 ], [ 48.8076169, 40.8134909 ], [ 48.8222571, 40.8002061 ], [ 48.8220668, 40.7810452 ], [ 48.8673361, 40.7730761 ], [ 48.8559478, 40.7592998 ], [ 48.8330821, 40.7510973 ], [ 48.8184612, 40.7385412 ], [ 48.7935335, 40.7445965 ], [ 48.7811648, 40.7440198 ], [ 48.7754969, 40.7347239 ], [ 48.76876750000001, 40.7026233 ], [ 48.7463592, 40.6961091 ], [ 48.7429148, 40.6816153 ], [ 48.7508462, 40.663634 ], [ 48.7518078, 40.6477305 ], [ 48.7472014, 40.6360458 ], [ 48.7369872, 40.6314757 ], [ 48.7326847, 40.6206828 ], [ 48.7516535, 40.5983824 ], [ 48.7658289, 40.5871213 ], [ 48.7669926, 40.5760045 ], [ 48.7590399, 40.5661798 ], [ 48.7618632, 40.5354143 ], [ 48.7702219, 40.5297945 ], [ 48.7753108, 40.5131321 ], [ 48.7667528, 40.5051643 ], [ 48.7553072, 40.4982672 ], [ 48.7561844, 40.4908912 ], [ 48.763328, 40.4840627 ], [ 48.7761858, 40.4647957 ], [ 48.7712105, 40.456917 ], [ 48.7715992, 40.4464636 ], [ 48.766858, 40.4332847 ], [ 48.7541454, 40.4141135 ], [ 48.7435608, 40.4015868 ], [ 48.7516248, 40.3860564 ], [ 48.7278932, 40.3570097 ], [ 48.7106354, 40.3520227 ], [ 48.695203, 40.3378742 ], [ 48.7122768, 40.3404718 ], [ 48.7350379, 40.3473979 ], [ 48.7675213, 40.3510278 ], [ 48.7766804, 40.3466867 ], [ 48.7868453, 40.3481003 ], [ 48.794219, 40.2988166 ], [ 48.7625678, 40.2566283 ], [ 48.7220449, 40.2367188 ], [ 48.6106293, 40.2749802 ], [ 48.6073352, 40.3042349 ], [ 48.5952394, 40.3132526 ], [ 48.5524104, 40.3053826 ], [ 48.5268927, 40.3313967 ], [ 48.5114741, 40.3493597 ], [ 48.5487853, 40.3746326 ], [ 48.5322525, 40.4026511 ], [ 48.5475615, 40.418218 ], [ 48.5442924, 40.4276429 ], [ 48.6124893, 40.4814 ], [ 48.6434117, 40.5001408 ], [ 48.6176939, 40.5334719 ], [ 48.5787674, 40.5476084 ], [ 48.5569386, 40.5535103 ], [ 48.5409434, 40.5476038 ], [ 48.5174276, 40.5553572 ], [ 48.4945323, 40.5710092 ], [ 48.4547584, 40.579045 ], [ 48.4451162, 40.5612429 ], [ 48.4266953, 40.5736294 ], [ 48.4465539, 40.6051455 ], [ 48.4243494, 40.627209 ], [ 48.4377507, 40.637301 ], [ 48.4577046, 40.6337441 ], [ 48.4641641, 40.6499064 ], [ 48.4752644, 40.6626946 ], [ 48.5052442, 40.6675962 ], [ 48.5184299, 40.6782724 ], [ 48.5395097, 40.6787139 ], [ 48.5535016, 40.6982343 ], [ 48.5534012, 40.7031166 ], [ 48.54595719999999, 40.7047453 ], [ 48.5269407, 40.7135771 ], [ 48.5419737, 40.7370219 ], [ 48.5272086, 40.748791 ], [ 48.5333729, 40.7599549 ], [ 48.5134149, 40.7702958 ], [ 48.5205126, 40.7802344 ], [ 48.5095936, 40.8077049 ], [ 48.5385885, 40.835014 ] ], [ [ 48.5029744, 40.5767515 ], [ 48.5141667, 40.5819666 ], [ 48.5150594, 40.588537 ], [ 48.5127934, 40.5916135 ], [ 48.4988545, 40.5970881 ], [ 48.4953526, 40.6005291 ], [ 48.4964513, 40.6028751 ], [ 48.4945973, 40.6065243 ], [ 48.4891042, 40.6078796 ], [ 48.4726934, 40.6058466 ], [ 48.4553899, 40.607619 ], [ 48.4533986, 40.6036049 ], [ 48.4538106, 40.6012589 ], [ 48.4586171, 40.5979223 ], [ 48.4539479, 40.5938034 ], [ 48.4614324, 40.5871291 ], [ 48.4690541, 40.5843132 ], [ 48.473586, 40.5850433 ], [ 48.4796285, 40.5887978 ], [ 48.4890355, 40.5868684 ], [ 48.5029744, 40.5767515 ] ] ] ]
    }
  }, {
    "type" : "Feature",
    "properties" : {
      "osm_id" : "3764597",
      "admin_level" : "5",
      "country_code" : "AZ",
      "name" : "Şəmkir rayonu",
      "population" : null,
      "wikidata" : "Q467491",
      "wikipedia" : "az:Şəmkir rayonu",
      "name_props" : {
        "name:ar" : "مقاطعة شمكير",
        "name:az" : "Şəmkir rayonu",
        "name:de" : "Shamkir",
        "name:en" : "Shamkir District",
        "name:es" : "Shamkir",
        "name:fa" : "شهرستان شمکور",
        "name:ja" : "シャムキル県",
        "name:ru" : "Шамкирский район",
        "name:uk" : "Шамкірський район",
        "name:ur" : "شمخور ضلع",
        "name:azb" : "شمخور رایونو",
        "name:pnb" : "ضلع شمکیر"
      },
      "parent_boundary_id" : "364110"
    },
    "geometry" : {
      "type" : "MultiPolygon",
      "coordinates" : [ [ [ [ 45.7351243, 40.788535 ], [ 45.7336886, 40.7942561 ], [ 45.7262486, 40.8004833 ], [ 45.7294844, 40.8074378 ], [ 45.736489, 40.8106952 ], [ 45.7373775, 40.8172746 ], [ 45.7396891, 40.8172672 ], [ 45.7416961, 40.8109079 ], [ 45.7462444, 40.8065759 ], [ 45.7501228, 40.8078297 ], [ 45.7489585, 40.8118929 ], [ 45.75088619999999, 40.8220818 ], [ 45.7378042, 40.8334682 ], [ 45.7280834, 40.8352762 ], [ 45.7285713, 40.8580856 ], [ 45.73488239999999, 40.8617161 ], [ 45.7429817, 40.8631571 ], [ 45.7600093, 40.8766444 ], [ 45.7710171, 40.8811547 ], [ 45.7772752, 40.8863814 ], [ 45.7794632, 40.8905908 ], [ 45.8049556, 40.9085947 ], [ 45.8121353, 40.9081583 ], [ 45.82008, 40.9152395 ], [ 45.8286406, 40.9177907 ], [ 45.8426288, 40.9271275 ], [ 45.8531463, 40.9325173 ], [ 45.8672362, 40.933824 ], [ 45.883565, 40.9461474 ], [ 45.8995271, 40.948772 ], [ 45.8963835, 40.9555281 ], [ 45.8809084, 40.9549845 ], [ 45.8794688, 40.9621867 ], [ 45.8969878, 40.9711958 ], [ 45.9239149, 40.9680294 ], [ 45.9275232, 40.9816841 ], [ 45.9129383, 40.9783548 ], [ 45.9144138, 40.9839259 ], [ 45.9746535, 41.0093405 ], [ 46.0052754, 40.9861303 ], [ 46.0311689, 41.0066817 ], [ 46.082062, 41.0000347 ], [ 46.1059044, 41.0061316 ], [ 46.1227817, 41.0188746 ], [ 46.1269062, 41.0508916 ], [ 46.1603184, 41.0508463 ], [ 46.1930361, 41.0765877 ], [ 46.21005860000001, 41.0955478 ], [ 46.2227629, 41.1191109 ], [ 46.2319967, 41.1253674 ], [ 46.235895, 41.1267856 ], [ 46.2454507, 41.121999 ], [ 46.2595116, 41.1113369 ], [ 46.2585617, 41.1007027 ], [ 46.3037508, 41.0699154 ], [ 46.3147414, 41.0516425 ], [ 46.3343165, 41.0467217 ], [ 46.3456394, 41.01284480000001 ], [ 46.3373871, 40.9888019 ], [ 46.3123765, 40.9918314 ], [ 46.3070649, 40.9695322 ], [ 46.3118627, 40.9475029 ], [ 46.2949003, 40.9436141 ], [ 46.2883341, 40.9276719 ], [ 46.2937999, 40.9240436 ], [ 46.2961611, 40.904304 ], [ 46.305277, 40.8934245 ], [ 46.2928026, 40.8708619 ], [ 46.2779759, 40.8641736 ], [ 46.2697974, 40.8460727 ], [ 46.2743442, 40.8321472 ], [ 46.2921309, 40.8293439 ], [ 46.29856, 40.8135865 ], [ 46.2730905, 40.8040021 ], [ 46.2685787, 40.7949984 ], [ 46.2508684, 40.7959568 ], [ 46.2450883, 40.7893842 ], [ 46.2721328, 40.7743847 ], [ 46.2503306, 40.7520858 ], [ 46.2532138, 40.7371774 ], [ 46.2404251, 40.726250599999986 ], [ 46.2318613, 40.7123242 ], [ 46.2372983, 40.7026001 ], [ 46.2189978, 40.6823119 ], [ 46.2095702, 40.6823119 ], [ 46.1871104, 40.69177349999999 ], [ 46.1596595, 40.6924042 ], [ 46.1466273, 40.6836786 ], [ 46.1262471, 40.6785269 ], [ 46.11779, 40.667486 ], [ 46.1090556, 40.662964 ], [ 46.1080851, 40.6583365 ], [ 46.0993057, 40.6574303 ], [ 46.0990672, 40.6527834 ], [ 46.086018, 40.6541864 ], [ 46.0627264, 40.6528191 ], [ 46.0564875, 40.6583935 ], [ 46.0535695, 40.6663373 ], [ 46.0421022, 40.6691304 ], [ 46.0141948, 40.6435537 ], [ 46.007612, 40.6188091 ], [ 45.9941361, 40.6137933 ], [ 45.962905, 40.6157845 ], [ 45.9545866, 40.6116799 ], [ 45.9439112, 40.6107327 ], [ 45.931861, 40.6167604 ], [ 45.9281062, 40.6141006 ], [ 45.9231118, 40.6147014 ], [ 45.9221505, 40.6224812 ], [ 45.9186407, 40.6300029 ], [ 45.9081409, 40.6343163 ], [ 45.9052003, 40.6408211 ], [ 45.9117825, 40.6505347 ], [ 45.8918509, 40.6590125 ], [ 45.8802924, 40.6508539 ], [ 45.8750237, 40.6524067 ], [ 45.8729877, 40.6636506 ], [ 45.8587643, 40.6626859 ], [ 45.8551097, 40.6720723 ], [ 45.8608562, 40.6867518 ], [ 45.8770004, 40.685495 ], [ 45.8734719, 40.700399 ], [ 45.8579991, 40.69776259999998 ], [ 45.8411316, 40.7128812 ], [ 45.8163836, 40.7237492 ], [ 45.803606, 40.7169136 ], [ 45.7922424, 40.7224211 ], [ 45.8069988, 40.7390019 ], [ 45.7907996, 40.7613621 ], [ 45.7747533, 40.7801592 ], [ 45.7351243, 40.788535 ] ] ] ]
    }
  }, {
    "type" : "Feature",
    "properties" : {
      "osm_id" : "3772758",
      "admin_level" : "5",
      "country_code" : "AZ",
      "name" : "Lənkəran rayonu",
      "population" : null,
      "wikidata" : "Q269986",
      "wikipedia" : "de:Lənkəran (Rayon)",
      "name_props" : {
        "name:ar" : "مقاطعة لنكران",
        "name:az" : "Lənkəran rayonu",
        "name:de" : "Lankaran",
        "name:en" : "Lankaran District",
        "name:es" : "Lankaran",
        "name:fa" : "شهرستان لنکران",
        "name:fr" : "Lankaran",
        "name:ja" : "レンキャラン県",
        "name:ru" : "Ленкоранский район"
      },
      "parent_boundary_id" : "364110"
    },
    "geometry" : {
      "type" : "MultiPolygon",
      "coordinates" : [ [ [ [ 48.5666501, 38.9007173 ], [ 48.6065362, 38.8727296 ], [ 48.648192, 38.8579174 ], [ 48.6786242, 38.8601111 ], [ 48.6937813, 38.8643416 ], [ 48.7113262, 38.8787181 ], [ 48.7124176, 38.8863591 ], [ 48.715724, 38.88994 ], [ 48.724723, 38.8933978 ], [ 48.7308842, 38.8931096 ], [ 48.7375234, 38.8850319 ], [ 48.7417269, 38.8867023 ], [ 48.7485547, 38.8940961 ], [ 48.7898989, 38.9157845 ], [ 48.7890098, 38.9227599 ], [ 48.7769177, 38.9349509 ], [ 48.7608887, 38.939087 ], [ 48.7652091, 38.95016179999999 ], [ 48.8227444, 38.9385114 ], [ 48.8416589, 38.9545605 ], [ 48.8634994, 38.9807112 ], [ 48.8624536, 39.0074229 ], [ 48.8524796, 39.0341921 ], [ 48.865476, 39.064706 ], [ 48.840909, 39.0689803 ], [ 48.8153038, 39.0994289 ], [ 48.8172273, 39.1266801 ], [ 48.8217009, 39.1551749 ], [ 48.8511543, 39.1935882 ], [ 48.923575, 39.23708 ], [ 48.9596121, 39.277058 ], [ 49.0081236, 39.2942227 ], [ 49.0890284, 39.2790284 ], [ 49.1286862, 39.2504517 ], [ 49.1671449, 39.2270041 ], [ 49.1937391, 39.1925508 ], [ 49.2055944, 39.1796774 ], [ 49.2116904, 39.1586325 ], [ 49.2108278, 39.1386965 ], [ 49.2085803, 39.1333281 ], [ 49.2042697, 39.12918 ], [ 49.2022417, 39.1191234 ], [ 49.1774801, 39.0297121 ], [ 49.1653969, 39.0182665 ], [ 49.1572086, 39.0085431 ], [ 49.1333391, 38.9947959 ], [ 49.1314594, 38.9848691 ], [ 49.1452838, 38.9713413 ], [ 49.1491247, 38.9674145 ], [ 49.154971, 38.965581 ], [ 49.5386507, 38.8913676 ], [ 49.5190767, 38.8738563 ], [ 49.498444, 38.8591317 ], [ 49.4758918, 38.8462464 ], [ 49.4466731, 38.83342469999999 ], [ 49.4208652, 38.8250883 ], [ 49.3886009, 38.8180498 ], [ 49.3554424, 38.8143567 ], [ 49.3270127, 38.8138993 ], [ 49.3076723, 38.7988571 ], [ 49.2872354, 38.7859514 ], [ 49.2626018, 38.7733191 ], [ 49.234929, 38.762034 ], [ 49.2134968, 38.7550579 ], [ 49.1894439, 38.749259 ], [ 49.1508285, 38.7433471 ], [ 49.125917, 38.7409026 ], [ 49.1239837, 38.7230622 ], [ 49.1278058, 38.6945281 ], [ 49.1308294, 38.6476821 ], [ 49.1287561, 38.6005218 ], [ 48.8744292, 38.626576 ], [ 48.8620106, 38.6272628 ], [ 48.8536548, 38.6241459 ], [ 48.8274043, 38.6372351 ], [ 48.8239054, 38.6368676 ], [ 48.81611, 38.6384997 ], [ 48.7990527, 38.636541 ], [ 48.7951827, 38.6335115 ], [ 48.7597111, 38.6248869 ], [ 48.7220962, 38.6112663 ], [ 48.692263, 38.6076457 ], [ 48.6518092, 38.6119199 ], [ 48.633485, 38.6048099 ], [ 48.6272975, 38.607053 ], [ 48.6263172, 38.6134112 ], [ 48.637395, 38.6243643 ], [ 48.6568909, 38.6339225 ], [ 48.6578841, 38.6441982 ], [ 48.6715108, 38.6624191 ], [ 48.6832748, 38.671834 ], [ 48.6830111, 38.6779652 ], [ 48.6740583, 38.6898559 ], [ 48.65759, 38.6878288 ], [ 48.6433622, 38.6969352 ], [ 48.6398527, 38.7079882 ], [ 48.6433642, 38.736252 ], [ 48.6285416, 38.7528716 ], [ 48.606025, 38.7597936 ], [ 48.5808295, 38.7782966 ], [ 48.5488202, 38.7945495 ], [ 48.5240662, 38.8097884 ], [ 48.5218479, 38.8275037 ], [ 48.5163023, 38.8298798 ], [ 48.5135295, 38.8351717 ], [ 48.5198612, 38.8431309 ], [ 48.5228184, 38.8556877 ], [ 48.5311368, 38.8655117 ], [ 48.5312755, 38.8788961 ], [ 48.5417823, 38.8919934 ], [ 48.5470272, 38.9039656 ], [ 48.5666501, 38.9007173 ] ], [ [ 48.8084494, 38.7916296 ], [ 48.7934223, 38.7735631 ], [ 48.8151294, 38.7446823 ], [ 48.8210096, 38.74169340000001 ], [ 48.8246004, 38.738321 ], [ 48.8269356, 38.73476869999999 ], [ 48.826315, 38.7329968 ], [ 48.8306825, 38.7317703 ], [ 48.8442168, 38.7419118 ], [ 48.8462596, 38.7417024 ], [ 48.8490727, 38.7448434 ], [ 48.8598761, 38.7509446 ], [ 48.8692161, 38.7506732 ], [ 48.8655878, 38.7568024 ], [ 48.8595062, 38.7600663 ], [ 48.8511706, 38.7685364 ], [ 48.8389473, 38.7901558 ], [ 48.8363206, 38.7980029 ], [ 48.8292337, 38.7955684 ], [ 48.8250407, 38.7956585 ], [ 48.8249141, 38.7851662 ], [ 48.8084494, 38.7916296 ] ] ] ]
    }
  }, {
    "type" : "Feature",
    "properties" : {
      "osm_id" : "3772759",
      "admin_level" : "5",
      "country_code" : "AZ",
      "name" : "Neftçala rayonu",
      "population" : "79600",
      "wikidata" : "Q688633",
      "wikipedia" : "de:Neftçala (Rayon)",
      "name_props" : {
        "name:ar" : "مقاطعة نفطجاله",
        "name:az" : "Neftçala rayonu",
        "name:de" : "Neftçala",
        "name:en" : "Neftchala District",
        "name:es" : "Neftçala",
        "name:fa" : "شهرستان نفت چاله",
        "name:fr" : "Neftçala",
        "name:ja" : "ネフトチャラ県",
        "name:ru" : "Нефтечалинский район",
        "name:uk" : "Нефтечалинський район"
      },
      "parent_boundary_id" : "364110"
    },
    "geometry" : {
      "type" : "MultiPolygon",
      "coordinates" : [ [ [ [ 48.8172273, 39.1266801 ], [ 48.807189, 39.1558762 ], [ 48.7398487, 39.1730638 ], [ 48.7163836, 39.1940461 ], [ 48.7232929, 39.2481786 ], [ 48.7196883, 39.2770539 ], [ 48.7102607, 39.2969055 ], [ 48.69182150000001, 39.3250099 ], [ 48.6896032, 39.3449551 ], [ 48.7023824, 39.3898249 ], [ 48.7194104, 39.4187563 ], [ 48.7396012, 39.4359561 ], [ 48.7578332, 39.4224475 ], [ 48.794651, 39.4094263 ], [ 48.8485213, 39.3674372 ], [ 48.88064459999999, 39.3810217 ], [ 48.8953718, 39.3942077 ], [ 48.9046569, 39.4073967 ], [ 48.8968738, 39.4137793 ], [ 48.9345341, 39.4830444 ], [ 48.9419204, 39.4839013 ], [ 48.9646101, 39.4829698 ], [ 48.9885551, 39.4895646 ], [ 48.99714, 39.49966569999999 ], [ 48.9985782, 39.5021781 ], [ 49.0028161, 39.5049182 ], [ 49.0183588, 39.5077759 ], [ 49.0210983, 39.5095623 ], [ 49.0215862, 39.5116645 ], [ 49.0202235, 39.51267709999998 ], [ 49.0105817, 39.5129984 ], [ 49.0078164, 39.5140047 ], [ 49.0098322, 39.5261905 ], [ 49.0060508, 39.5270253 ], [ 49.0006575, 39.5256699 ], [ 48.9986516, 39.5263446 ], [ 49.0017318, 39.5299266 ], [ 49.0067965, 39.5323793 ], [ 49.0218651, 39.5336205 ], [ 49.0249765, 39.5405791 ], [ 49.023453, 39.5423249 ], [ 49.0193224, 39.5428048 ], [ 49.0087759, 39.5396442 ], [ 49.000386, 39.5408191 ], [ 49.0042269, 39.5459238 ], [ 49.0183997, 39.5552636 ], [ 49.0207332, 39.5644201 ], [ 49.0183997, 39.5652596 ], [ 49.0118551, 39.5596063 ], [ 49.0025425, 39.5555779 ], [ 49.0012336, 39.5585889 ], [ 49.0021992, 39.5686134 ], [ 49.0009117, 39.57241770000001 ], [ 48.9993238, 39.5718222 ], [ 48.9946139, 39.5650156 ], [ 48.9919639, 39.5634607 ], [ 48.9903223, 39.5637088 ], [ 48.9882624, 39.5738898 ], [ 48.985827, 39.5776524 ], [ 48.9827639, 39.579637 ], [ 48.9822864, 39.5817125 ], [ 48.9897644, 39.5922629 ], [ 49.0006435, 39.6018196 ], [ 48.9982349, 39.6037901 ], [ 48.991352, 39.6059328 ], [ 48.9940452, 39.6132925 ], [ 48.99898429999999, 39.6161679 ], [ 49.0103575, 39.6051719 ], [ 49.0093661, 39.5950821 ], [ 49.0347934, 39.5695066 ], [ 49.037986, 39.5624067 ], [ 49.0630614, 39.559261 ], [ 49.0725398, 39.5524197 ], [ 49.0783881, 39.5199139 ], [ 49.1229564, 39.4926844 ], [ 49.1530769, 39.495108 ], [ 49.178922, 39.5060087 ], [ 49.2125849, 39.5039484 ], [ 49.2422662, 39.514426 ], [ 49.2863034, 39.546191 ], [ 49.2891294, 39.5455134 ], [ 49.4831024, 39.5085965 ], [ 49.84972109999999, 39.4478797 ], [ 49.8250093, 39.4374021 ], [ 49.8016983, 39.4298068 ], [ 49.7774136, 39.4240086 ], [ 49.7553634, 39.420423 ], [ 49.7329958, 39.4183372 ], [ 49.7048472, 39.4178622 ], [ 49.6767981, 39.4197601 ], [ 49.6523376, 39.423411 ], [ 49.6572939, 39.4014272 ], [ 49.6590464, 39.3824096 ], [ 49.6703991, 39.3652069 ], [ 49.6789427, 39.348742 ], [ 49.6851394, 39.3336586 ], [ 49.6906673, 39.3146197 ], [ 49.6934188, 39.2984061 ], [ 49.6945569, 39.277924 ], [ 49.690981, 39.2451605 ], [ 49.684827, 39.2238523 ], [ 49.6759279, 39.2035658 ], [ 49.6637808, 39.1833275 ], [ 49.648923, 39.1643268 ], [ 49.6322569, 39.1474393 ], [ 49.6118143, 39.1308808 ], [ 49.5873337, 39.114777 ], [ 49.5657971, 39.10351829999998 ], [ 49.5801454, 39.076151 ], [ 49.5888789, 39.0487401 ], [ 49.5925575, 39.020363 ], [ 49.5913643, 38.9941774 ], [ 49.5858039, 38.968337 ], [ 49.5739343, 38.939214599999985 ], [ 49.5580507, 38.9138221 ], [ 49.5386507, 38.8913676 ], [ 49.154971, 38.965581 ], [ 49.1491247, 38.9674145 ], [ 49.1452838, 38.9713413 ], [ 49.1314594, 38.9848691 ], [ 49.1333391, 38.9947959 ], [ 49.1572086, 39.0085431 ], [ 49.1653969, 39.0182665 ], [ 49.1774801, 39.0297121 ], [ 49.2022417, 39.1191234 ], [ 49.2042697, 39.12918 ], [ 49.2085803, 39.1333281 ], [ 49.2108278, 39.1386965 ], [ 49.2116904, 39.1586325 ], [ 49.2055944, 39.1796774 ], [ 49.1937391, 39.1925508 ], [ 49.1671449, 39.2270041 ], [ 49.1286862, 39.2504517 ], [ 49.0890284, 39.2790284 ], [ 49.0081236, 39.2942227 ], [ 48.9596121, 39.277058 ], [ 48.923575, 39.23708 ], [ 48.8511543, 39.1935882 ], [ 48.8217009, 39.1551749 ], [ 48.8172273, 39.1266801 ] ] ] ]
    }
  }, {
    "type" : "Feature",
    "properties" : {
      "osm_id" : "3789855",
      "admin_level" : "5",
      "country_code" : "AZ",
      "name" : "Babək rayonu",
      "population" : null,
      "wikidata" : "Q643895",
      "wikipedia" : "ru:Бабекский район",
      "name_props" : {
        "name:ar" : "مقاطعة بابيك",
        "name:az" : "Babək rayonu",
        "name:cs" : "Babecký rajón",
        "name:de" : "Babək",
        "name:en" : "Babek District",
        "name:es" : "Babek",
        "name:fa" : "شهرستان بابک",
        "name:fr" : "Babek",
        "name:ja" : "バベク地区",
        "name:ru" : "Бабекский район",
        "name:uk" : "Бабецький район"
      },
      "parent_boundary_id" : "364110"
    },
    "geometry" : {
      "type" : "MultiPolygon",
      "coordinates" : [ [ [ [ 45.4044864, 39.24078259999999 ], [ 45.4048087, 39.2504364 ], [ 45.3905265, 39.285947 ], [ 45.3790595, 39.289614 ], [ 45.3713691, 39.2906768 ], [ 45.3590095, 39.2952469 ], [ 45.3596961, 39.3109743 ], [ 45.3546149, 39.3134712 ], [ 45.3355945, 39.3140743 ], [ 45.3415774, 39.3228907 ], [ 45.3339421, 39.32416280000001 ], [ 45.3403285, 39.3519672 ], [ 45.3450413, 39.3572981 ], [ 45.3621305, 39.3641526 ], [ 45.3673911, 39.3785324 ], [ 45.354178, 39.3927403 ], [ 45.3544609, 39.4012607 ], [ 45.3593278, 39.4084653 ], [ 45.3700766, 39.4161834 ], [ 45.3632317, 39.4290628 ], [ 45.3665541, 39.4385574 ], [ 45.3642018, 39.4427157 ], [ 45.3545933, 39.4406101 ], [ 45.347284, 39.4476017 ], [ 45.3045519, 39.4681738 ], [ 45.3087437, 39.47947209999999 ], [ 45.3083284, 39.483511 ], [ 45.3172691, 39.4891426 ], [ 45.3245628, 39.5146181 ], [ 45.3545933, 39.5272182 ], [ 45.3660557, 39.5292043 ], [ 45.37736369999999, 39.5388814 ], [ 45.3837729, 39.53950179999999 ], [ 45.390029, 39.5368143 ], [ 45.3996673, 39.5359571 ], [ 45.4110726, 39.5283341 ], [ 45.4174505, 39.527639 ], [ 45.4267106, 39.5243218 ], [ 45.4351626, 39.5241098 ], [ 45.44378119999999, 39.5092407 ], [ 45.445645, 39.5021244 ], [ 45.45318549999999, 39.5020549 ], [ 45.4613806, 39.5054907 ], [ 45.4652893, 39.5045542 ], [ 45.4667817, 39.4985136 ], [ 45.470463, 39.4933387 ], [ 45.4680263, 39.4887352 ], [ 45.4640403, 39.4872303 ], [ 45.4408711, 39.4608187 ], [ 45.4332469, 39.4601925 ], [ 45.4190861, 39.4660853 ], [ 45.4109423, 39.4642001 ], [ 45.3948772, 39.442972 ], [ 45.393934, 39.426819 ], [ 45.4059079, 39.4181329 ], [ 45.416335, 39.4046606 ], [ 45.4215712, 39.3807988 ], [ 45.4808626, 39.35833740000001 ], [ 45.4858489, 39.3486319 ], [ 45.5135603, 39.3254736 ], [ 45.5636875, 39.3197026 ], [ 45.57394, 39.3109856 ], [ 45.5512833, 39.2862652 ], [ 45.5524616, 39.2731425 ], [ 45.5882195, 39.2745226 ], [ 45.599771, 39.2889153 ], [ 45.6364333, 39.2966587 ], [ 45.6797868, 39.3127457 ], [ 45.6874589, 39.33034869999999 ], [ 45.6947735, 39.3323961 ], [ 45.7177122, 39.3205317 ], [ 45.7037261, 39.3136634 ], [ 45.6749012, 39.2885731 ], [ 45.6440165, 39.2589983 ], [ 45.6234393, 39.2496665 ], [ 45.6079437, 39.2403769 ], [ 45.5974968, 39.237880799999985 ], [ 45.5843365, 39.231908 ], [ 45.5810681, 39.22156489999998 ], [ 45.479629, 39.2032419 ], [ 45.4826303, 39.1870819 ], [ 45.5201134, 39.1624599 ], [ 45.5585793, 39.1590103 ], [ 45.5661319, 39.136607 ], [ 45.5489579, 39.1255286 ], [ 45.5493235, 39.1143281 ], [ 45.5717186, 39.1042526 ], [ 45.5682437, 39.0972783 ], [ 45.5363373, 39.0947674 ], [ 45.5301581, 39.0883336 ], [ 45.5305904, 39.0794975 ], [ 45.538372, 39.0686069 ], [ 45.5724821, 39.0641978 ], [ 45.5778536, 39.0291438 ], [ 45.5794926, 39.003212 ], [ 45.5556816, 38.9885998 ], [ 45.5702203, 38.9761019 ], [ 45.5673363, 38.9738216 ], [ 45.5656763, 38.9690676 ], [ 45.5585236, 38.9681513 ], [ 45.5508721, 38.9640201 ], [ 45.546695, 38.965436099999984 ], [ 45.5415028, 38.9648285 ], [ 45.5372482, 38.9664181 ], [ 45.5342739, 38.9698785 ], [ 45.5291658, 38.96983310000001 ], [ 45.5277553, 38.97152830000001 ], [ 45.5232969, 38.9723617 ], [ 45.5215983, 38.9741336 ], [ 45.5067759, 38.9793378 ], [ 45.5064081, 38.9804888 ], [ 45.5019754, 38.9807008 ], [ 45.50081019999999, 38.9830817 ], [ 45.4983923, 38.9840775 ], [ 45.4932969, 38.9832378 ], [ 45.4868096, 38.9866546 ], [ 45.4776419, 38.9863391 ], [ 45.4724097, 38.9897452 ], [ 45.4708896, 38.9890138 ], [ 45.4549509, 38.9905356 ], [ 45.4529047, 38.9929965 ], [ 45.4487791, 38.9945881 ], [ 45.4383272, 39.0044242 ], [ 45.4388517, 39.0087063 ], [ 45.4368899, 39.0117784 ], [ 45.4401791, 39.0178957 ], [ 45.4501057, 39.0290281 ], [ 45.4503496, 39.0395054 ], [ 45.455993, 39.0450199 ], [ 45.4555844, 39.049068 ], [ 45.4569034, 39.0511283 ], [ 45.4527006, 39.055054 ], [ 45.4465657, 39.0548363 ], [ 45.4407091, 39.0514081 ], [ 45.4332662, 39.0533489 ], [ 45.4303868, 39.0606386 ], [ 45.4254471, 39.0609063 ], [ 45.4201856, 39.0629159 ], [ 45.4141415, 39.0682985 ], [ 45.4064895, 39.0722315 ], [ 45.4030843, 39.0727792 ], [ 45.4005459, 39.07682589999999 ], [ 45.3998628, 39.082567 ], [ 45.4024111, 39.0916736 ], [ 45.3870491, 39.105195 ], [ 45.3708976, 39.11182 ], [ 45.3637801, 39.1212901 ], [ 45.4223354, 39.1311863 ], [ 45.424155, 39.1381102 ], [ 45.4283779, 39.1420246 ], [ 45.4287212, 39.1456192 ], [ 45.4304781, 39.147669 ], [ 45.4328755, 39.15693189999999 ], [ 45.4339331, 39.175768 ], [ 45.4354902, 39.1781504 ], [ 45.432212, 39.1956508 ], [ 45.4345478, 39.2061616 ], [ 45.437662, 39.2104481 ], [ 45.4377124, 39.2187399 ], [ 45.4247722, 39.2223944 ], [ 45.4332547, 39.2304604 ], [ 45.4290688, 39.2347527 ], [ 45.421798, 39.2296963 ], [ 45.4145748, 39.2294954 ], [ 45.4044864, 39.24078259999999 ] ] ] ]
    }
  }, {
    "type" : "Feature",
    "properties" : {
      "osm_id" : "3789856",
      "admin_level" : "5",
      "country_code" : "AZ",
      "name" : "Culfa rayonu",
      "population" : null,
      "wikidata" : "Q644035",
      "wikipedia" : "az:Culfa rayonu",
      "name_props" : {
        "name:az" : "Culfa rayonu",
        "name:cs" : "Džulfinský rajón",
        "name:de" : "Culfa",
        "name:en" : "Julfa District",
        "name:es" : "Julfa",
        "name:fa" : "شهرستان جلفا",
        "name:fr" : "Djoulfa",
        "name:ja" : "ジュルファ地区",
        "name:ru" : "Джульфинский район",
        "name:uk" : "Джульфінський район"
      },
      "parent_boundary_id" : "364110"
    },
    "geometry" : {
      "type" : "MultiPolygon",
      "coordinates" : [ [ [ [ 45.6152749, 38.9415467 ], [ 45.6140798, 38.9425109 ], [ 45.6163367, 38.9481484 ], [ 45.6130813, 38.9578852 ], [ 45.6102487, 38.956245 ], [ 45.6073515, 38.9567509 ], [ 45.6007733, 38.9617761 ], [ 45.5951445, 38.9622535 ], [ 45.5853422, 38.9672141 ], [ 45.5838549, 38.9717955 ], [ 45.5843135, 38.9761121 ], [ 45.5818975, 38.978503 ], [ 45.5778086, 38.9786447 ], [ 45.5702203, 38.9761019 ], [ 45.5556816, 38.9885998 ], [ 45.5794926, 39.003212 ], [ 45.5778536, 39.0291438 ], [ 45.5724821, 39.0641978 ], [ 45.538372, 39.0686069 ], [ 45.5305904, 39.0794975 ], [ 45.5301581, 39.0883336 ], [ 45.5363373, 39.0947674 ], [ 45.5682437, 39.0972783 ], [ 45.5717186, 39.1042526 ], [ 45.5493235, 39.1143281 ], [ 45.5489579, 39.1255286 ], [ 45.5661319, 39.136607 ], [ 45.5585793, 39.1590103 ], [ 45.5201134, 39.1624599 ], [ 45.4826303, 39.1870819 ], [ 45.479629, 39.2032419 ], [ 45.5810681, 39.22156489999998 ], [ 45.5843365, 39.231908 ], [ 45.5974968, 39.237880799999985 ], [ 45.6079437, 39.2403769 ], [ 45.6234393, 39.2496665 ], [ 45.6440165, 39.2589983 ], [ 45.6749012, 39.2885731 ], [ 45.7037261, 39.3136634 ], [ 45.7177122, 39.3205317 ], [ 45.7243385, 39.2994097 ], [ 45.7337634, 39.2996305 ], [ 45.7435931, 39.3235785 ], [ 45.76936580000001, 39.3351103 ], [ 45.8026221, 39.3652259 ], [ 45.8101976, 39.36103520000001 ], [ 45.817897, 39.3617523 ], [ 45.8224696, 39.3595791 ], [ 45.8342786, 39.3591725 ], [ 45.8379786, 39.3569594 ], [ 45.8471512, 39.3593213 ], [ 45.8612694, 39.3567278 ], [ 45.8840338, 39.3435349 ], [ 45.8892817, 39.3429871 ], [ 45.8915436, 39.3407825 ], [ 45.8917968, 39.3374591 ], [ 45.8969029, 39.332026 ], [ 45.9035877, 39.3300368 ], [ 45.907972, 39.33056409999999 ], [ 45.910833, 39.329665 ], [ 45.91391079999999, 39.3253831 ], [ 45.9201138, 39.3239372 ], [ 45.921285, 39.3220275 ], [ 45.9243215, 39.320853 ], [ 45.9308999, 39.3209852 ], [ 45.938518, 39.3161781 ], [ 45.9403681, 39.3095791 ], [ 45.9246446, 39.2876694 ], [ 45.8888105, 39.2710949 ], [ 45.8683773, 39.2560785 ], [ 45.8598861, 39.1919609 ], [ 45.8337316, 39.1626908 ], [ 45.8262299, 39.1456771 ], [ 45.8235196, 39.1318761 ], [ 45.8129401, 39.1181011 ], [ 45.7871747, 39.1018659 ], [ 45.7858448, 39.0891332 ], [ 45.7773901, 39.0776195 ], [ 45.7529546, 39.0574358 ], [ 45.7537892, 39.0367636 ], [ 45.7619759, 39.0146687 ], [ 45.7749346, 39.0073095 ], [ 45.7846949, 38.9944088 ], [ 45.7899153, 38.9788464 ], [ 45.7918937, 38.9627125 ], [ 45.8018328, 38.9501232 ], [ 45.8137589, 38.9431009 ], [ 45.8111088, 38.9357529 ], [ 45.7928658, 38.9430817 ], [ 45.7841797, 38.9251816 ], [ 45.7822494, 38.9256294 ], [ 45.7768698, 38.9234187 ], [ 45.7724338, 38.9236948 ], [ 45.7627509, 38.9292503 ], [ 45.736821, 38.9275348 ], [ 45.7321303, 38.9307798 ], [ 45.7255194, 38.9321637 ], [ 45.7216312, 38.93546820000001 ], [ 45.7174335, 38.9364822 ], [ 45.7132097, 38.9394462 ], [ 45.7101704, 38.9449647 ], [ 45.7017946, 38.9436372 ], [ 45.6988577, 38.9442388 ], [ 45.6961922, 38.950327 ], [ 45.6924464, 38.9514945 ], [ 45.690013, 38.9514056 ], [ 45.6793462, 38.9465584 ], [ 45.6739215, 38.9495647 ], [ 45.6700803, 38.94701460000001 ], [ 45.6686719, 38.9469743 ], [ 45.660556, 38.9517049 ], [ 45.647385, 38.9518779 ], [ 45.6461949, 38.9515358 ], [ 45.6443865, 38.9463939 ], [ 45.6385911, 38.9469864 ], [ 45.6334874, 38.9447496 ], [ 45.6152749, 38.9415467 ] ] ] ]
    }
  }, {
    "type" : "Feature",
    "properties" : {
      "osm_id" : "3789857",
      "admin_level" : "5",
      "country_code" : "AZ",
      "name" : "Şərur rayonu",
      "population" : null,
      "wikidata" : "Q390820",
      "wikipedia" : "az:Şərur rayonu",
      "name_props" : {
        "name:az" : "Şərur rayonu",
        "name:cs" : "Šarurský rajón",
        "name:de" : "Sharur",
        "name:en" : "Sharur District",
        "name:es" : "Sharur",
        "name:fa" : "شهرستان شرور",
        "name:fr" : "Sharur",
        "name:ja" : "シャルル地区",
        "name:ru" : "Шарурский район",
        "name:uk" : "Шарурський район",
        "name:zh" : "沙魯爾區"
      },
      "parent_boundary_id" : "364110"
    },
    "geometry" : {
      "type" : "MultiPolygon",
      "coordinates" : [ [ [ [ 44.8919728, 39.5888056 ], [ 44.8987787, 39.5955845 ], [ 44.8997677, 39.59858 ], [ 44.9002116, 39.6010832 ], [ 44.8972058, 39.6052331 ], [ 44.8954283, 39.6057307 ], [ 44.8935468, 39.6047696 ], [ 44.8919764, 39.6019845 ], [ 44.8925726, 39.5977431 ], [ 44.8909207, 39.5961022 ], [ 44.8760247, 39.5930064 ], [ 44.87309530000001, 39.5939691 ], [ 44.8731048, 39.59953619999999 ], [ 44.8810919, 39.6083603 ], [ 44.8808613, 39.6099619 ], [ 44.8755201, 39.6152092 ], [ 44.8689052, 39.61509259999998 ], [ 44.8666004, 39.6130026 ], [ 44.8666847, 39.6070353 ], [ 44.8645363, 39.6035648 ], [ 44.8558229, 39.6022547 ], [ 44.8373938, 39.61227010000001 ], [ 44.8271203, 39.6106534 ], [ 44.8219144, 39.6112697 ], [ 44.8120838, 39.6197166 ], [ 44.8093804, 39.627336 ], [ 44.8259086, 39.6284047 ], [ 44.8470525, 39.6382654 ], [ 44.8684705, 39.6414498 ], [ 44.8917549, 39.6214553 ], [ 44.8960653, 39.613739 ], [ 44.9171676, 39.6081307 ], [ 44.9377811, 39.59899 ], [ 44.94718, 39.5973448 ], [ 44.9604296, 39.6052039 ], [ 45.0338816, 39.6855706 ], [ 45.0357529, 39.6943173 ], [ 45.0324534, 39.705658 ], [ 45.0050214, 39.7209226 ], [ 45.0022134, 39.7319649 ], [ 44.9753244, 39.7405919 ], [ 44.9812802, 39.744271 ], [ 44.9901308, 39.7474447 ], [ 45.0070008, 39.7503178 ], [ 45.0063878, 39.7547343 ], [ 45.0103944, 39.7594321 ], [ 45.0106221, 39.7627022 ], [ 45.0166353, 39.7661687 ], [ 45.0236797, 39.768224 ], [ 45.0277676, 39.7671868 ], [ 45.0310221, 39.7677054 ], [ 45.0365388, 39.7718847 ], [ 45.0401264, 39.7815156 ], [ 45.0463086, 39.7846172 ], [ 45.0483292, 39.790181 ], [ 45.055398, 39.7910055 ], [ 45.0600515, 39.7939882 ], [ 45.0662786, 39.78934 ], [ 45.0711755, 39.7875545 ], [ 45.0791669, 39.7874675 ], [ 45.0816652, 39.7862048 ], [ 45.0832501, 39.7834884 ], [ 45.0922442, 39.7776585 ], [ 45.1014211, 39.7748948 ], [ 45.1002369, 39.7717514 ], [ 45.10405, 39.77065609999999 ], [ 45.1121597, 39.764228 ], [ 45.1208501, 39.7598277 ], [ 45.124725, 39.7498453 ], [ 45.1296447, 39.7465309 ], [ 45.1320519, 39.7464023 ], [ 45.1347157, 39.7432693 ], [ 45.132865, 39.7349271 ], [ 45.1367258, 39.7323043 ], [ 45.1383753, 39.7251849 ], [ 45.1416503, 39.7210535 ], [ 45.1457722, 39.7176408 ], [ 45.1471966, 39.711917 ], [ 45.1529256, 39.7067392 ], [ 45.1579727, 39.7042011 ], [ 45.163149, 39.6986173 ], [ 45.168685, 39.6957776 ], [ 45.1710023, 39.6926138 ], [ 45.17198, 39.6880545 ], [ 45.1756287, 39.6862953 ], [ 45.1813085, 39.6855945 ], [ 45.184631, 39.6833664 ], [ 45.1871764, 39.6768596 ], [ 45.1754079, 39.6681003 ], [ 45.1730548, 39.6641358 ], [ 45.175242, 39.65201 ], [ 45.1861293, 39.6491769 ], [ 45.1738091, 39.6271699 ], [ 45.17519, 39.6130321 ], [ 45.1733294, 39.6108079 ], [ 45.1792319, 39.6057662 ], [ 45.1792961, 39.6036406 ], [ 45.1721911, 39.5930807 ], [ 45.1730311, 39.5920046 ], [ 45.1856415, 39.5870491 ], [ 45.2021858, 39.5827965 ], [ 45.2128797, 39.5818566 ], [ 45.224383, 39.5872958 ], [ 45.2251126, 39.5897239 ], [ 45.2235539, 39.5951931 ], [ 45.2261076, 39.6034984 ], [ 45.2341005, 39.6075101 ], [ 45.2403076, 39.6092128 ], [ 45.2428761, 39.6116752 ], [ 45.2921741, 39.6137587 ], [ 45.3056389, 39.6121183 ], [ 45.3082392, 39.609012 ], [ 45.3078184, 39.6064719 ], [ 45.3012607, 39.5965562 ], [ 45.3019943, 39.5901511 ], [ 45.2985657, 39.5866911 ], [ 45.30041, 39.581007 ], [ 45.3084782, 39.5746505 ], [ 45.3096308, 39.5663734 ], [ 45.3112888, 39.563448 ], [ 45.3167383, 39.5606137 ], [ 45.3286722, 39.559263 ], [ 45.3346057, 39.55370159999999 ], [ 45.3419267, 39.5491319 ], [ 45.3422267, 39.5418849 ], [ 45.3170419, 39.5401806 ], [ 45.2980003, 39.528952 ], [ 45.2829103, 39.5031836 ], [ 45.2375025, 39.5003771 ], [ 45.232334, 39.5061778 ], [ 45.2111901, 39.5027337 ], [ 45.2116055, 39.4937103 ], [ 45.1931004, 39.4902248 ], [ 45.1914559, 39.4818843 ], [ 45.1526921, 39.4728174 ], [ 45.1066919, 39.4723871 ], [ 45.1081676, 39.45597510000001 ], [ 45.0770962, 39.4402571 ], [ 45.0845619, 39.4314573 ], [ 45.0722794, 39.4252289 ], [ 45.0595931, 39.4408339 ], [ 45.0485741, 39.43753969999999 ], [ 45.0534922, 39.3984258 ], [ 45.0419998, 39.3849729 ], [ 45.0412333, 39.3910499 ], [ 45.0367839, 39.3903329 ], [ 45.033612, 39.3910222 ], [ 45.01711679999999, 39.4057326 ], [ 45.0097002, 39.4047211 ], [ 45.0058494, 39.4103658 ], [ 44.9981639, 39.4090545 ], [ 44.9959467, 39.412896799999984 ], [ 44.9885707, 39.4153007 ], [ 44.9830971, 39.4185211 ], [ 44.9706206, 39.4195778 ], [ 44.9645597, 39.421841 ], [ 44.9637775, 39.4237607 ], [ 44.9656209, 39.429032 ], [ 44.9652704, 39.4322654 ], [ 44.9600851, 39.4395834 ], [ 44.9608079, 39.4421583 ], [ 44.9667014, 39.4423001 ], [ 44.9736216, 39.4444942 ], [ 44.9768556, 39.4468659 ], [ 44.9771798, 39.4487743 ], [ 44.9756505, 39.4507241 ], [ 44.9700168, 39.4515917 ], [ 44.9610917, 39.4506017 ], [ 44.9508689, 39.4522111 ], [ 44.947164, 39.4516525 ], [ 44.9457195, 39.4572425 ], [ 44.9399284, 39.459659 ], [ 44.9398938, 39.462458 ], [ 44.9484734, 39.4715422 ], [ 44.9386333, 39.4773109 ], [ 44.9369091, 39.4807141 ], [ 44.9382528, 39.4816477 ], [ 44.9471586, 39.4817492 ], [ 44.9508425, 39.4840928 ], [ 44.948938, 39.4851822 ], [ 44.9409906, 39.4841874 ], [ 44.9378437, 39.4874847 ], [ 44.940054, 39.4896523 ], [ 44.9466623, 39.4877763 ], [ 44.9496831, 39.4879646 ], [ 44.9514032, 39.489126 ], [ 44.9518498, 39.4921687 ], [ 44.9473649, 39.497558199999986 ], [ 44.9406013, 39.502379 ], [ 44.9385323, 39.5094695 ], [ 44.9365256, 39.5119345 ], [ 44.9342607, 39.5110611 ], [ 44.9294807, 39.5118676 ], [ 44.9236034, 39.5161217 ], [ 44.9181521, 39.5177937 ], [ 44.9097716, 39.5250712 ], [ 44.9091986, 39.5280743 ], [ 44.9149769, 39.529961 ], [ 44.9185951, 39.5332089 ], [ 44.9181024, 39.534502 ], [ 44.90658410000001, 39.53953159999999 ], [ 44.9112731, 39.5487564 ], [ 44.908342, 39.5561385 ], [ 44.9086367, 39.5599898 ], [ 44.9157487, 39.5659961 ], [ 44.9110488, 39.5689584 ], [ 44.9057982, 39.5756271 ], [ 44.8901074, 39.5795194 ], [ 44.8880634, 39.5838121 ], [ 44.8919728, 39.5888056 ] ] ] ]
    }
  }, {
    "type" : "Feature",
    "properties" : {
      "osm_id" : "3789858",
      "admin_level" : "5",
      "country_code" : "AZ",
      "name" : "Ordubad rayonu",
      "population" : null,
      "wikidata" : "Q512623",
      "wikipedia" : "ru:Ордубадский район",
      "name_props" : {
        "name:az" : "Ordubad rayonu",
        "name:cs" : "Ordubadský rajón",
        "name:de" : "Ordubad",
        "name:en" : "Ordubad District",
        "name:es" : "Ordubad",
        "name:fa" : "شهرستان اردوباد",
        "name:fr" : "Ordubad",
        "name:ja" : "オルドバード地区",
        "name:ru" : "Ордубадский район",
        "name:uk" : "Ордубадський район",
        "name:zh" : "奥尔杜巴德区"
      },
      "parent_boundary_id" : "364110"
    },
    "geometry" : {
      "type" : "MultiPolygon",
      "coordinates" : [ [ [ [ 45.7901506, 38.9222045 ], [ 45.785821, 38.9194587 ], [ 45.7861729, 38.9229394 ], [ 45.7841797, 38.9251816 ], [ 45.7928658, 38.9430817 ], [ 45.8111088, 38.9357529 ], [ 45.8137589, 38.9431009 ], [ 45.8018328, 38.9501232 ], [ 45.7918937, 38.9627125 ], [ 45.7899153, 38.9788464 ], [ 45.7846949, 38.9944088 ], [ 45.7749346, 39.0073095 ], [ 45.7619759, 39.0146687 ], [ 45.7537892, 39.0367636 ], [ 45.7529546, 39.0574358 ], [ 45.7773901, 39.0776195 ], [ 45.7858448, 39.0891332 ], [ 45.7871747, 39.1018659 ], [ 45.8129401, 39.1181011 ], [ 45.8235196, 39.1318761 ], [ 45.8262299, 39.1456771 ], [ 45.8337316, 39.1626908 ], [ 45.8598861, 39.1919609 ], [ 45.8683773, 39.2560785 ], [ 45.8888105, 39.2710949 ], [ 45.9246446, 39.2876694 ], [ 45.9403681, 39.3095791 ], [ 45.9670637, 39.2985895 ], [ 45.9676339, 39.2968667 ], [ 45.9711721, 39.2955415 ], [ 45.9794462, 39.2948608 ], [ 45.9838998, 39.2957337 ], [ 45.9874143, 39.2950628 ], [ 45.9913989, 39.2924474 ], [ 45.9965757, 39.2924007 ], [ 45.9987069, 39.2913194 ], [ 46.0037264, 39.2802956 ], [ 46.0012662, 39.2774482 ], [ 46.0051299, 39.2639089 ], [ 46.0047159, 39.2567109 ], [ 45.9880523, 39.24644880000001 ], [ 45.9868248, 39.2397439 ], [ 45.9914148, 39.22347820000001 ], [ 45.9876848, 39.2146938 ], [ 45.9903514, 39.2064208 ], [ 45.9894778, 39.2005637 ], [ 45.9942831, 39.1960792 ], [ 45.9957328, 39.1898129 ], [ 45.9992585, 39.1866737 ], [ 46.0016587, 39.1757611 ], [ 46.0060225, 39.1690448 ], [ 46.0070585, 39.1619235 ], [ 46.0035911, 39.1587541 ], [ 46.0036987, 39.148938 ], [ 46.0077913, 39.1461763 ], [ 46.0122815, 39.1459382 ], [ 46.0167786, 39.1431425 ], [ 46.0194706, 39.1427792 ], [ 46.0236318, 39.1364477 ], [ 46.0255576, 39.130763 ], [ 46.0256266, 39.1231748 ], [ 46.0243688, 39.12074209999999 ], [ 46.0169065, 39.1150053 ], [ 46.0195992, 39.1106765 ], [ 46.0192537, 39.1076205 ], [ 46.027028, 39.1029566 ], [ 46.0273936, 39.0994975 ], [ 46.0311216, 39.09264309999999 ], [ 46.0380831, 39.0897804 ], [ 46.0494581, 39.0825585 ], [ 46.0645408, 39.0794079 ], [ 46.0692708, 39.0799908 ], [ 46.0698519, 39.0787549 ], [ 46.0698939, 39.0712652 ], [ 46.0722, 39.0603607 ], [ 46.0758228, 39.0555764 ], [ 46.0755124, 39.0489284 ], [ 46.0772081, 39.0470707 ], [ 46.07475860000001, 39.0394048 ], [ 46.0768524, 39.0300316 ], [ 46.0828123, 39.0266745 ], [ 46.0890569, 39.0264531 ], [ 46.0944768, 39.0230355 ], [ 46.101476, 39.0159176 ], [ 46.0995645, 39.0107869 ], [ 46.1011269, 39.005214 ], [ 46.1002599, 39.0015463 ], [ 46.1019451, 38.9881902 ], [ 46.1029345, 38.9854701 ], [ 46.108492, 38.9811269 ], [ 46.1114496, 38.9762214 ], [ 46.1101076, 38.9705294 ], [ 46.1120401, 38.9558861 ], [ 46.1097224, 38.9538025 ], [ 46.1102148, 38.9520199 ], [ 46.1205071, 38.9475786 ], [ 46.1217453, 38.9403492 ], [ 46.1270692, 38.9356186 ], [ 46.1248511, 38.9296721 ], [ 46.1276727, 38.9207814 ], [ 46.1272332, 38.9169692 ], [ 46.1297572, 38.9145002 ], [ 46.1351073, 38.9128888 ], [ 46.139201, 38.9092329 ], [ 46.1450723, 38.9014027 ], [ 46.1480678, 38.8949013 ], [ 46.1497083, 38.8894449 ], [ 46.1491991, 38.8856234 ], [ 46.1436862, 38.8736312 ], [ 46.1452882, 38.8686792 ], [ 46.1433756, 38.8605986 ], [ 46.1435222, 38.857923 ], [ 46.1472937, 38.8516344 ], [ 46.1406764, 38.8445178 ], [ 46.1354777, 38.84675889999998 ], [ 46.1291369, 38.8464012 ], [ 46.1281172, 38.8511058 ], [ 46.1142623, 38.8585939 ], [ 46.1117495, 38.8583846 ], [ 46.1131494, 38.8637454 ], [ 46.1121896, 38.8650738 ], [ 46.1037838, 38.8669639 ], [ 46.0951957, 38.8668311 ], [ 46.0804348, 38.8714615 ], [ 46.0712649, 38.8784194 ], [ 46.0670219, 38.8869124 ], [ 46.058888, 38.8877766 ], [ 46.0542577, 38.8837144 ], [ 46.0545168, 38.8787658 ], [ 46.0518492, 38.8761008 ], [ 46.0409451, 38.871789 ], [ 46.0326504, 38.8750095 ], [ 46.028199, 38.8742733 ], [ 46.0274223, 38.8725664 ], [ 46.0156497, 38.8736581 ], [ 46.0119036, 38.87198020000001 ], [ 46.0062956, 38.8723619 ], [ 45.9996589, 38.8753441 ], [ 45.994545, 38.8748504 ], [ 45.9877911, 38.8759636 ], [ 45.979187, 38.8788158 ], [ 45.9681829, 38.8870769 ], [ 45.9667606, 38.8901154 ], [ 45.9626366, 38.890382 ], [ 45.9580632, 38.8886164 ], [ 45.9445223, 38.8965928 ], [ 45.930471, 38.8861348 ], [ 45.9289272, 38.8825187 ], [ 45.9266648, 38.8778907 ], [ 45.9190602, 38.8735846 ], [ 45.9124279, 38.8746039 ], [ 45.9087076, 38.8739169 ], [ 45.9038441, 38.8777271 ], [ 45.8940243, 38.8766728 ], [ 45.892105, 38.8784074 ], [ 45.8904347, 38.8848101 ], [ 45.885314, 38.8862172 ], [ 45.8823295, 38.886542699999985 ], [ 45.8795807, 38.8892032 ], [ 45.8757342, 38.8897957 ], [ 45.8692518, 38.8885515 ], [ 45.8608606, 38.8930754 ], [ 45.8640587, 38.9003033 ], [ 45.8612544, 38.9034596 ], [ 45.8493614, 38.9095575 ], [ 45.844416, 38.9107035 ], [ 45.83327, 38.90265629999998 ], [ 45.8267452, 38.9023752 ], [ 45.8200469, 38.9054862 ], [ 45.8137932, 38.90600869999999 ], [ 45.8122977, 38.907104 ], [ 45.8111467, 38.9120004 ], [ 45.805287, 38.9140772 ], [ 45.8013015, 38.913365 ], [ 45.79982969999999, 38.9150389 ], [ 45.8009083, 38.9218734 ], [ 45.7987254, 38.9245543 ], [ 45.7941264, 38.9244456 ], [ 45.7901506, 38.9222045 ] ] ] ]
    }
  }, {
    "type" : "Feature",
    "properties" : {
      "osm_id" : "3795445",
      "admin_level" : "5",
      "country_code" : "AZ",
      "name" : "Ağdam rayonu",
      "population" : null,
      "wikidata" : "Q201647",
      "wikipedia" : "az:Ağdam rayonu",
      "name_props" : {
        "name:ar" : "مقاطعة آقدام",
        "name:az" : "Ağdam rayonu",
        "name:de" : "Ağdam",
        "name:en" : "Aghdam District",
        "name:es" : "Aghdam region",
        "name:fa" : "شهرستان آغ‌دام",
        "name:fr" : "Aghdam region",
        "name:hy" : "Աղդամի շրջան",
        "name:ja" : "アグダム県",
        "name:ru" : "Агдамский район",
        "name:uk" : "Аґдамський район",
        "name:zh" : "阿格達姆區",
        "name:az-Cyrl" : "Ағдам рајону"
      },
      "parent_boundary_id" : "364110"
    },
    "geometry" : {
      "type" : "MultiPolygon",
      "coordinates" : [ [ [ [ 46.7081886, 40.042912 ], [ 46.7234158, 40.044339 ], [ 46.7252826, 40.0492012 ], [ 46.7215061, 40.0614208 ], [ 46.7262391, 40.0648814 ], [ 46.7303896, 40.0650994 ], [ 46.736226, 40.063293 ], [ 46.7418259, 40.0575766 ], [ 46.7476843, 40.0563954 ], [ 46.7535208, 40.060337 ], [ 46.7772101, 40.0680882 ], [ 46.7816733, 40.0732114 ], [ 46.7937163, 40.0798872 ], [ 46.806255, 40.0825707 ], [ 46.8120702, 40.0812659 ], [ 46.8281086, 40.0904867 ], [ 46.8309785, 40.0963493 ], [ 46.8296165, 40.101318 ], [ 46.8245226, 40.1030382 ], [ 46.8173749, 40.1030589 ], [ 46.8218135, 40.1092706 ], [ 46.8185534, 40.113953 ], [ 46.8142288, 40.1153347 ], [ 46.8147807, 40.1171897 ], [ 46.7848919, 40.1182199 ], [ 46.7844306, 40.1284338 ], [ 46.7900846, 40.1347418 ], [ 46.8036888, 40.1389742 ], [ 46.8069075, 40.135316 ], [ 46.8075941, 40.1277037 ], [ 46.8136023, 40.1283599 ], [ 46.8197821, 40.1259973 ], [ 46.8314797, 40.1297414 ], [ 46.8287085, 40.1316412 ], [ 46.8264073, 40.1365153 ], [ 46.8266485, 40.1435835 ], [ 46.8324248, 40.1502734 ], [ 46.8155765, 40.1652975 ], [ 46.8167781, 40.1681178 ], [ 46.8355749, 40.1763815 ], [ 46.8416333, 40.1801706 ], [ 46.851269, 40.1901483 ], [ 46.8600863, 40.1898641 ], [ 46.8746624, 40.1960012 ], [ 46.8895093, 40.1978738 ], [ 46.8905067, 40.1830702 ], [ 46.899948, 40.1848407 ], [ 46.9113635, 40.191332 ], [ 46.9214915, 40.1872012 ], [ 46.9249248, 40.1899223 ], [ 46.9290446, 40.1905616 ], [ 46.929903, 40.1934464 ], [ 46.9337654, 40.1948068 ], [ 46.9365334, 40.19929770000001 ], [ 46.938529, 40.1995599 ], [ 46.9418335, 40.1978554 ], [ 46.9542789, 40.2066725 ], [ 46.9561392, 40.2057305 ], [ 46.9591191, 40.209658 ], [ 46.9595632, 40.2142142 ], [ 46.9588546, 40.2171636 ], [ 46.9559084, 40.2205171 ], [ 46.95241209999999, 40.2337723 ], [ 46.950674, 40.2346569 ], [ 46.9497943, 40.2380968 ], [ 46.9450939, 40.2431635 ], [ 46.9472231, 40.2443749 ], [ 46.9556066, 40.2425526 ], [ 46.9637906, 40.2428937 ], [ 46.968956, 40.2395055 ], [ 46.9733762, 40.2351483 ], [ 46.9749094, 40.2251029 ], [ 46.9764675, 40.2241151 ], [ 46.9810283, 40.2237602 ], [ 46.9921946, 40.2283664 ], [ 46.9956064, 40.2280387 ], [ 47.0003134, 40.2248186 ], [ 47.0143797, 40.23211770000001 ], [ 47.0184557, 40.230677 ], [ 47.027719, 40.2223752 ], [ 47.044536, 40.2165303 ], [ 47.0541802, 40.222336 ], [ 47.0583501, 40.2264094 ], [ 47.0647785, 40.2294895 ], [ 47.0697883, 40.2258001 ], [ 47.0569632, 40.205331 ], [ 47.0484193, 40.2071804 ], [ 47.0396412, 40.203439 ], [ 47.0429219, 40.1957014 ], [ 47.0473331, 40.1915614 ], [ 47.049184, 40.1946008 ], [ 47.0579899, 40.1904819 ], [ 47.0584166, 40.1879206 ], [ 47.0625618, 40.1873534 ], [ 47.0695888, 40.1897918 ], [ 47.0748624, 40.1880545 ], [ 47.085278, 40.1907582 ], [ 47.0914256, 40.1930612 ], [ 47.0999336, 40.19324970000001 ], [ 47.1079481, 40.1961918 ], [ 47.121579, 40.196075 ], [ 47.1252215, 40.1947658 ], [ 47.1263587, 40.19304480000001 ], [ 47.1315277, 40.1937221 ], [ 47.1400702, 40.1921351 ], [ 47.1469688, 40.19234 ], [ 47.1634805, 40.1850947 ], [ 47.1763819, 40.1835046 ], [ 47.179091, 40.1863569 ], [ 47.1839619, 40.1879142 ], [ 47.1841228, 40.1903074 ], [ 47.1863007, 40.1899017 ], [ 47.1888435, 40.1910574 ], [ 47.1906406, 40.1899878 ], [ 47.192789, 40.190291 ], [ 47.196579, 40.1920367 ], [ 47.1981883, 40.194229 ], [ 47.2001731, 40.19399339999999 ], [ 47.2002727, 40.1962954 ], [ 47.2042501, 40.1955198 ], [ 47.2054356, 40.1972162 ], [ 47.2085202, 40.1966302 ], [ 47.2104514, 40.1984413 ], [ 47.2130118, 40.1975784 ], [ 47.2132301, 40.1871258 ], [ 47.2309742, 40.1842798 ], [ 47.2327388, 40.15941 ], [ 47.1739161, 40.1439188 ], [ 47.1678159, 40.1254756 ], [ 47.1525654, 40.1248395 ], [ 47.1500699, 40.1097844 ], [ 47.1976009, 40.1073854 ], [ 47.2015222, 40.0976373 ], [ 47.1887204, 40.0877509 ], [ 47.1797013, 40.0733491 ], [ 47.1654864, 40.0723739 ], [ 47.1513695, 40.0818255 ], [ 47.1293119, 40.0807754 ], [ 47.1104894, 40.0700482 ], [ 47.1012742, 40.0540669 ], [ 47.1067641, 40.044086 ], [ 47.1419714, 40.0297951 ], [ 47.1456967, 40.012678 ], [ 47.1565294, 40.0057106 ], [ 47.0885954, 39.98404309999999 ], [ 47.1182646, 39.953017 ], [ 47.1440517, 39.9562053 ], [ 47.1651251, 39.9391995 ], [ 47.1845348, 39.9430261 ], [ 47.192576, 39.9625814 ], [ 47.2158676, 39.9619438 ], [ 47.2200269, 39.9551425 ], [ 47.2419321, 39.9557802 ], [ 47.2815834, 39.9651316 ], [ 47.3018249, 39.9630064 ], [ 47.3076478, 39.9213388 ], [ 47.2954474, 39.9166603 ], [ 47.3023795, 39.9066641 ], [ 47.2879608, 39.8983683 ], [ 47.2657783, 39.8949646 ], [ 47.2475982, 39.8980437 ], [ 47.2228937, 39.8822478 ], [ 47.1864251, 39.8897701 ], [ 47.1608216, 39.8500268 ], [ 47.1596111, 39.8474341 ], [ 47.1346772, 39.85216530000001 ], [ 47.1305445, 39.8538719 ], [ 47.1198892, 39.8616255 ], [ 47.1081084, 39.8668775 ], [ 47.096672, 39.8705521 ], [ 47.0910501, 39.870618 ], [ 47.0821666, 39.8750973 ], [ 47.0770168, 39.8764476 ], [ 47.0522712, 39.8972274 ], [ 47.05186839999999, 39.9004197 ], [ 47.0460571, 39.9001972 ], [ 47.0434141, 39.9088145 ], [ 47.0396713, 39.909303 ], [ 47.030041, 39.906044 ], [ 47.0113729, 39.9022054 ], [ 47.0062059, 39.904049 ], [ 46.9971164, 39.9103532 ], [ 46.9880533, 39.9107896 ], [ 46.9725608, 39.905358 ], [ 46.9633162, 39.8945539 ], [ 46.9640438, 39.8908063 ], [ 46.9605225, 39.8749257 ], [ 46.9608664, 39.8642772 ], [ 46.9651365, 39.8540485 ], [ 46.9404173, 39.8524836 ], [ 46.9356853, 39.8550317 ], [ 46.9331056, 39.8551357 ], [ 46.9317698, 39.85703 ], [ 46.926105, 39.8582324 ], [ 46.9199271, 39.8547759 ], [ 46.9071723, 39.8441497 ], [ 46.9043432, 39.843587 ], [ 46.8961259, 39.8351975 ], [ 46.8893397, 39.8338806 ], [ 46.882697, 39.8521389 ], [ 46.8845505, 39.8551321 ], [ 46.8872237, 39.8553169 ], [ 46.8935515, 39.8624444 ], [ 46.8984814, 39.8652742 ], [ 46.904945, 39.8737942 ], [ 46.9128557, 39.8744516 ], [ 46.9148759, 39.8768936 ], [ 46.9172888, 39.8876846 ], [ 46.932714, 39.9117278 ], [ 46.9331001, 39.9142872 ], [ 46.9253003, 39.9231328 ], [ 46.9316462, 39.9281645 ], [ 46.9333362, 39.9313374 ], [ 46.9322419, 39.9316071 ], [ 46.932714, 39.9326519 ], [ 46.9282614, 39.9336803 ], [ 46.9291949, 39.9400146 ], [ 46.9223714, 39.9424 ], [ 46.9239271, 39.944514 ], [ 46.9228756, 39.9453119 ], [ 46.9207621, 39.9440698 ], [ 46.9179296, 39.950543 ], [ 46.908381, 39.9534545 ], [ 46.9058919, 39.9517274 ], [ 46.9014501, 39.9529775 ], [ 46.8978452, 39.9500989 ], [ 46.8984031, 39.9488158 ], [ 46.9078231, 39.9453941 ], [ 46.9091534, 39.9423013 ], [ 46.9084759, 39.9371497 ], [ 46.9060313, 39.936247 ], [ 46.8931246, 39.9369216 ], [ 46.8902922, 39.9388053 ], [ 46.8911183, 39.940615 ], [ 46.8888116, 39.9424165 ], [ 46.871061, 39.9433912 ], [ 46.8641138, 39.9452461 ], [ 46.8635337, 39.9490533 ], [ 46.864768, 39.9507305 ], [ 46.8718147, 39.953075 ], [ 46.8774854, 39.960962 ], [ 46.8763253, 39.9674199 ], [ 46.8736221, 39.9685358 ], [ 46.8706155, 39.967599 ], [ 46.86741459999999, 39.9699403 ], [ 46.8685769, 39.9721707 ], [ 46.8749498, 39.9746783 ], [ 46.8740389, 39.9764755 ], [ 46.8676736, 39.9769158 ], [ 46.8642639, 39.9792824 ], [ 46.8627054, 39.9822344 ], [ 46.8642866, 39.9874046 ], [ 46.8574958, 39.9930905 ], [ 46.8461759, 39.9954657 ], [ 46.8447523, 39.99970720000001 ], [ 46.8463498, 40.0052834 ], [ 46.8394234, 40.0102015 ], [ 46.8498982, 40.0125458 ], [ 46.8554556, 40.022184 ], [ 46.8396516, 40.0235702 ], [ 46.8361961, 40.0226319 ], [ 46.8240316, 40.0349953 ], [ 46.8210874, 40.0313268 ], [ 46.8178939, 40.0320014 ], [ 46.8178952, 40.0345114 ], [ 46.8152761, 40.0328228 ], [ 46.8112429, 40.0346171 ], [ 46.8113, 40.0326537 ], [ 46.8092332, 40.0334213 ], [ 46.7991347, 40.0291214 ], [ 46.7934418, 40.029816 ], [ 46.7841299, 40.033583 ], [ 46.7794856, 40.0338944 ], [ 46.7778315, 40.0328029 ], [ 46.7713492, 40.0329892 ], [ 46.7629194, 40.0303748 ], [ 46.7507354, 40.0315353 ], [ 46.7479645, 40.0300393 ], [ 46.7458606, 40.0253141 ], [ 46.7430384, 40.0239536 ], [ 46.74060329999999, 40.0249691 ], [ 46.7401313, 40.0287975 ], [ 46.737441, 40.0328509 ], [ 46.7148756, 40.0377352 ], [ 46.7050146, 40.0365444 ], [ 46.6864979, 40.03175490000001 ], [ 46.6846794, 40.0338702 ], [ 46.6849529, 40.0375791 ], [ 46.7081886, 40.042912 ] ], [ [ 46.7594274, 40.0321768 ], [ 46.7646413, 40.0330167 ], [ 46.766063, 40.0354023 ], [ 46.7639601, 40.0374394 ], [ 46.7549914, 40.0381211 ], [ 46.7431565, 40.0365809 ], [ 46.7432797, 40.0357124 ], [ 46.7494499, 40.0341002 ], [ 46.7594274, 40.0321768 ] ] ], [ [ [ 47.0687021, 40.244127 ], [ 47.077591, 40.2464788 ], [ 47.0732906, 40.2492874 ], [ 47.0773894, 40.2521943 ], [ 47.0885415, 40.247697 ], [ 47.0950143, 40.2496257 ], [ 47.10330479999999, 40.24411 ], [ 47.0977187, 40.239203 ], [ 47.0865022, 40.2468849 ], [ 47.0831993, 40.2459374 ], [ 47.0823348, 40.2436532 ], [ 47.08876320000001, 40.237917 ], [ 47.0862805, 40.2345664 ], [ 47.0772142, 40.2379085 ], [ 47.0718179, 40.2293404 ], [ 47.0626547, 40.2347051 ], [ 47.0687021, 40.244127 ] ] ] ]
    }
  }, {
    "type" : "Feature",
    "properties" : {
      "osm_id" : "3795446",
      "admin_level" : "5",
      "country_code" : "AZ",
      "name" : "Goranboy rayonu",
      "population" : null,
      "wikidata" : "Q330843",
      "wikipedia" : "az:Goranboy rayonu",
      "name_props" : {
        "name:az" : "Goranboy rayonu",
        "name:de" : "Goranboy",
        "name:en" : "Goranboy District",
        "name:es" : "Goranboy",
        "name:fr" : "Goranboy",
        "name:ja" : "ゴランボイ県",
        "name:ru" : "Геранбойский район",
        "name:uk" : "Геранбойський район",
        "name:zh" : "戈蘭博伊區"
      },
      "parent_boundary_id" : "364110"
    },
    "geometry" : {
      "type" : "MultiPolygon",
      "coordinates" : [ [ [ [ 46.8152152, 40.4257372 ], [ 46.8099335, 40.4230124 ], [ 46.8076394, 40.4196105 ], [ 46.7821669, 40.4182175 ], [ 46.7725754, 40.4202921 ], [ 46.7667194, 40.4190199 ], [ 46.7591685, 40.4143374 ], [ 46.7227484, 40.4018613 ], [ 46.7099341, 40.3842475 ], [ 46.69322, 40.3854648 ], [ 46.6850715, 40.3795274 ], [ 46.6859104, 40.3743555 ], [ 46.6804892, 40.3705339 ], [ 46.6728276, 40.3742906 ], [ 46.6346785, 40.3670936 ], [ 46.6219755, 40.3665704 ], [ 46.6090666, 40.3553738 ], [ 46.6004836, 40.3448555 ], [ 46.5921065, 40.3413491 ], [ 46.5875059, 40.3378948 ], [ 46.5754897, 40.3372144 ], [ 46.5523497, 40.3391509 ], [ 46.5180174, 40.3332365 ], [ 46.5092284, 40.3114062 ], [ 46.5088047, 40.3033717 ], [ 46.5114113, 40.2969412 ], [ 46.4922689, 40.2907734 ], [ 46.489023, 40.2875141 ], [ 46.4891104, 40.2807576 ], [ 46.4759016, 40.2769064 ], [ 46.4732623, 40.2744344 ], [ 46.4682841, 40.2742871 ], [ 46.4661598, 40.2704888 ], [ 46.4621043, 40.2669523 ], [ 46.4575553, 40.26619920000001 ], [ 46.4516115, 40.2619747 ], [ 46.4456999, 40.2613279 ], [ 46.4321574, 40.2651119 ], [ 46.4134672, 40.2678107 ], [ 46.3836336, 40.2746309 ], [ 46.3815307, 40.2728136 ], [ 46.37208, 40.2708044 ], [ 46.358571, 40.2788218 ], [ 46.369406, 40.3086293 ], [ 46.384692, 40.3095146 ], [ 46.3970206, 40.3146945 ], [ 46.3997175, 40.322021 ], [ 46.383419, 40.3245611 ], [ 46.3703726, 40.3300576 ], [ 46.3675869, 40.3559831 ], [ 46.3854827, 40.368373 ], [ 46.3935632, 40.3869681 ], [ 46.3960437, 40.4015335 ], [ 46.402396, 40.41499 ], [ 46.4133365, 40.4206808 ], [ 46.4279724, 40.4339631 ], [ 46.434393, 40.4502287 ], [ 46.4354753, 40.4619032 ], [ 46.4426962, 40.4806607 ], [ 46.4366181, 40.4910993 ], [ 46.4417158, 40.5051143 ], [ 46.4687732, 40.4995981 ], [ 46.4706675, 40.5231955 ], [ 46.4759552, 40.5253316 ], [ 46.5008944, 40.5547898 ], [ 46.5158987, 40.5912909 ], [ 46.5187906, 40.6049151 ], [ 46.5118646, 40.6060194 ], [ 46.5109588, 40.6234705 ], [ 46.5183783, 40.6343905 ], [ 46.5218098, 40.6514107 ], [ 46.5197451, 40.6563438 ], [ 46.5143258, 40.6613996 ], [ 46.5089515, 40.6782081 ], [ 46.5089005, 40.6840352 ], [ 46.5088704, 40.6896719 ], [ 46.5057288, 40.6962349 ], [ 46.5062001, 40.7107639 ], [ 46.5021511, 40.7130512 ], [ 46.4956619, 40.7237558 ], [ 46.4881548, 40.7290593 ], [ 46.483916, 40.7368638 ], [ 46.4894042, 40.7437797 ], [ 46.5167457, 40.7522573 ], [ 46.5281953, 40.7588419 ], [ 46.5549155, 40.7829323 ], [ 46.5500804, 40.7887127 ], [ 46.5648402, 40.7987309 ], [ 46.5625498, 40.8029689 ], [ 46.5510983, 40.8016205 ], [ 46.543464, 40.8079771 ], [ 46.5518617, 40.82454 ], [ 46.7293697, 40.9447581 ], [ 46.7948081, 40.9183631 ], [ 46.7705908, 40.8874724 ], [ 46.7709829, 40.8587103 ], [ 46.757127, 40.8105404 ], [ 46.7641855, 40.7850109 ], [ 46.7226191, 40.7707576 ], [ 46.7276088, 40.761645 ], [ 46.8113478, 40.7318152 ], [ 46.8469915, 40.734953 ], [ 46.8515536, 40.7307646 ], [ 46.8299257, 40.7242506 ], [ 46.8241027, 40.6958756 ], [ 46.8288165, 40.6887274 ], [ 46.7913835, 40.6866249 ], [ 46.7764103, 40.6702227 ], [ 46.7966154, 40.6389405 ], [ 46.8168934, 40.6470845 ], [ 46.8202208, 40.665806 ], [ 46.8717952, 40.6828401 ], [ 46.8851047, 40.672536 ], [ 46.8687451, 40.6493987 ], [ 46.9369563, 40.6424559 ], [ 46.9447202, 40.6310934 ], [ 46.9374911, 40.6207361 ], [ 46.9103297, 40.6258157 ], [ 46.8986915, 40.6247801 ], [ 46.8917594, 40.6184662 ], [ 46.8966827, 40.6022295 ], [ 46.8959449, 40.5907539 ], [ 46.9012317, 40.5783091 ], [ 46.9105223, 40.5737456 ], [ 46.908515, 40.5534884 ], [ 46.8983993, 40.5514455 ], [ 46.8956152, 40.5471877 ], [ 46.9022037, 40.53388240000001 ], [ 46.9075832, 40.532204 ], [ 46.9147929, 40.5369007 ], [ 46.9215736, 40.5352047 ], [ 46.9396838, 40.5400317 ], [ 46.968008, 40.5390533 ], [ 46.9767914, 40.5434152 ], [ 46.9930705, 40.5429016 ], [ 46.9950446, 40.5376182 ], [ 46.9913539, 40.525093 ], [ 46.9850883, 40.51853590000001 ], [ 46.9815031, 40.5052385 ], [ 46.9661197, 40.5022219 ], [ 46.953196, 40.502465 ], [ 46.9246098, 40.4943653 ], [ 46.9068374, 40.4830642 ], [ 46.9003198, 40.4733404 ], [ 46.8891939, 40.4637377 ], [ 46.8803002, 40.4649512 ], [ 46.8776282, 40.4695819 ], [ 46.8758687, 40.4795714 ], [ 46.8723067, 40.4827051 ], [ 46.8720785, 40.4881473 ], [ 46.8395409, 40.4591828 ], [ 46.8250417, 40.45757 ], [ 46.81653819999999, 40.4606195 ], [ 46.8122038, 40.4607501 ], [ 46.8137058, 40.4554602 ], [ 46.8189844, 40.4491902 ], [ 46.8221939, 40.4381328 ], [ 46.8152152, 40.4257372 ] ], [ [ 46.7726309, 40.4723162 ], [ 46.8312726, 40.4861673 ], [ 46.8393988, 40.4916157 ], [ 46.8532561, 40.5121026 ], [ 46.8479319, 40.5218223 ], [ 46.8213448, 40.526251 ], [ 46.8064753, 40.524625 ], [ 46.7897059, 40.518233 ], [ 46.7782337, 40.5042007 ], [ 46.7737522, 40.4910538 ], [ 46.7726309, 40.4723162 ] ] ] ]
    }
  }, {
    "type" : "Feature",
    "properties" : {
      "osm_id" : "3795447",
      "admin_level" : "5",
      "country_code" : "AZ",
      "name" : "Göygöl rayonu",
      "population" : null,
      "wikidata" : "Q388087",
      "wikipedia" : "de:Göygöl (Rayon)",
      "name_props" : {
        "name:az" : "Göygöl rayonu",
        "name:de" : "Rajon Göygöl",
        "name:en" : "Goygol District",
        "name:es" : "Göygöl",
        "name:fr" : "Göygöl",
        "name:ja" : "ゴイゴル県",
        "name:ru" : "Гёйгёльский район",
        "name:uk" : "Гейгельський район",
        "name:zh" : "蓋戈里區"
      },
      "parent_boundary_id" : "364110"
    },
    "geometry" : {
      "type" : "MultiPolygon",
      "coordinates" : [ [ [ [ 46.1662845, 40.3186336 ], [ 46.1758102, 40.3249533 ], [ 46.1777512, 40.3308721 ], [ 46.1728988, 40.3355222 ], [ 46.1766421, 40.3454555 ], [ 46.1880231, 40.35223580000001 ], [ 46.1910052, 40.3587352 ], [ 46.20090419999999, 40.3582399 ], [ 46.2072817, 40.3673248 ], [ 46.2284937, 40.3809499 ], [ 46.2335493, 40.394882 ], [ 46.2379749, 40.3991667 ], [ 46.2402002, 40.40953 ], [ 46.2491512, 40.4165311 ], [ 46.249566, 40.4214683 ], [ 46.2452263, 40.4250113 ], [ 46.2339878, 40.4260095 ], [ 46.2188264, 40.4299441 ], [ 46.2086963, 40.4367542 ], [ 46.2053633, 40.4373937 ], [ 46.197685, 40.4335093 ], [ 46.1942494, 40.425186 ], [ 46.1863469, 40.4236028 ], [ 46.1769194, 40.4329955 ], [ 46.1631939, 40.4325734 ], [ 46.1620434, 40.43882579999999 ], [ 46.194185, 40.4401066 ], [ 46.1939506, 40.4589568 ], [ 46.1918926, 40.469393 ], [ 46.2035384, 40.4807829 ], [ 46.1921698, 40.4855282 ], [ 46.1698487, 40.4853173 ], [ 46.1566778, 40.4894296 ], [ 46.1609757, 40.4973371 ], [ 46.1478048, 40.5103034 ], [ 46.155846, 40.5250588 ], [ 46.1704032, 40.5360178 ], [ 46.178999, 40.5391787 ], [ 46.190843, 40.5513406 ], [ 46.2191841, 40.5760455 ], [ 46.2311476, 40.5706984 ], [ 46.2370681, 40.5645361 ], [ 46.2526172, 40.5692001 ], [ 46.262738, 40.585943 ], [ 46.2469329, 40.5940497 ], [ 46.2418032, 40.5909966 ], [ 46.2102626, 40.6041081 ], [ 46.1910607, 40.607313 ], [ 46.1811199, 40.6141441 ], [ 46.1675889, 40.6117797 ], [ 46.1648576, 40.6215209 ], [ 46.1529345, 40.6254143 ], [ 46.1492274, 40.6350574 ], [ 46.1384398, 40.635172 ], [ 46.1080851, 40.6583365 ], [ 46.1090556, 40.662964 ], [ 46.11779, 40.667486 ], [ 46.1262471, 40.6785269 ], [ 46.1466273, 40.6836786 ], [ 46.1596595, 40.6924042 ], [ 46.1871104, 40.69177349999999 ], [ 46.2095702, 40.6823119 ], [ 46.2189978, 40.6823119 ], [ 46.2372983, 40.7026001 ], [ 46.2318613, 40.7123242 ], [ 46.2404251, 40.726250599999986 ], [ 46.2532138, 40.7371774 ], [ 46.2503306, 40.7520858 ], [ 46.2721328, 40.7743847 ], [ 46.2744875, 40.7769556 ], [ 46.2989767, 40.7671908 ], [ 46.3072157, 40.7732452 ], [ 46.3388085, 40.7648045 ], [ 46.3450797, 40.7501992 ], [ 46.3578361, 40.7458244 ], [ 46.3605247, 40.7438157 ], [ 46.35543470000001, 40.7331084 ], [ 46.3508989, 40.7345044 ], [ 46.3444597, 40.7291009 ], [ 46.3347012, 40.739229 ], [ 46.3054409, 40.7556134 ], [ 46.3043582, 40.7547832 ], [ 46.2973276, 40.7389601 ], [ 46.2937442, 40.7361797 ], [ 46.2884235, 40.7288018 ], [ 46.2864812, 40.7062872 ], [ 46.2834528, 40.6954012 ], [ 46.2854734, 40.6895227 ], [ 46.285032, 40.6838998 ], [ 46.2788892, 40.6683722 ], [ 46.2739168, 40.6619568 ], [ 46.254434, 40.6447779 ], [ 46.2514487, 40.6346792 ], [ 46.297511, 40.6186112 ], [ 46.3026757, 40.6078082 ], [ 46.308751, 40.6053811 ], [ 46.3129597, 40.6054036 ], [ 46.3161002, 40.6094025 ], [ 46.3178009, 40.60893140000001 ], [ 46.3306251, 40.6031867 ], [ 46.3428479, 40.6028507 ], [ 46.351879, 40.6104828 ], [ 46.3782912, 40.622163 ], [ 46.4045608, 40.6355251 ], [ 46.4370927, 40.6467337 ], [ 46.4748993, 40.6796421 ], [ 46.4871299, 40.6758138 ], [ 46.4887123, 40.6795876 ], [ 46.5089005, 40.6840352 ], [ 46.5089515, 40.6782081 ], [ 46.5143258, 40.6613996 ], [ 46.5197451, 40.6563438 ], [ 46.5218098, 40.6514107 ], [ 46.5183783, 40.6343905 ], [ 46.5109588, 40.6234705 ], [ 46.5118646, 40.6060194 ], [ 46.5187906, 40.6049151 ], [ 46.5158987, 40.5912909 ], [ 46.5008944, 40.5547898 ], [ 46.4759552, 40.5253316 ], [ 46.4706675, 40.5231955 ], [ 46.4687732, 40.4995981 ], [ 46.4417158, 40.5051143 ], [ 46.4366181, 40.4910993 ], [ 46.4426962, 40.4806607 ], [ 46.4354753, 40.4619032 ], [ 46.434393, 40.4502287 ], [ 46.4279724, 40.4339631 ], [ 46.4133365, 40.4206808 ], [ 46.402396, 40.41499 ], [ 46.3960437, 40.4015335 ], [ 46.3935632, 40.3869681 ], [ 46.3854827, 40.368373 ], [ 46.3675869, 40.3559831 ], [ 46.3703726, 40.3300576 ], [ 46.383419, 40.3245611 ], [ 46.3997175, 40.322021 ], [ 46.3970206, 40.3146945 ], [ 46.384692, 40.3095146 ], [ 46.369406, 40.3086293 ], [ 46.358571, 40.2788218 ], [ 46.3527774, 40.283749 ], [ 46.3470385, 40.2854444 ], [ 46.3395612, 40.2850458 ], [ 46.3355807, 40.2866242 ], [ 46.3318777, 40.2860079 ], [ 46.3291418, 40.2886595 ], [ 46.3158166, 40.2914175 ], [ 46.3126194, 40.2947645 ], [ 46.3077807, 40.2974158 ], [ 46.2959468, 40.30218619999999 ], [ 46.2903249, 40.3018303 ], [ 46.2869346, 40.3002592 ], [ 46.2807655, 40.300967 ], [ 46.2587928, 40.2934388 ], [ 46.2552845, 40.2941344 ], [ 46.2459879, 40.2994942 ], [ 46.2332003, 40.3035648 ], [ 46.2255334, 40.3003125 ], [ 46.220169, 40.3001161 ], [ 46.1946344, 40.3039127 ], [ 46.1662845, 40.3186336 ] ] ] ]
    }
  }, {
    "type" : "Feature",
    "properties" : {
      "osm_id" : "3795448",
      "admin_level" : "5",
      "country_code" : "AZ",
      "name" : "Daşkəsən rayonu",
      "population" : null,
      "wikidata" : "Q457494",
      "wikipedia" : "az:Daşkəsən rayonu",
      "name_props" : {
        "name:az" : "Daşkəsən rayonu",
        "name:de" : "Daşkəsən",
        "name:en" : "Dashkasan District",
        "name:es" : "Daşkəsən",
        "name:fr" : "Daşkəsən",
        "name:ja" : "ダシュキャサン県",
        "name:ru" : "Дашкесанский район",
        "name:uk" : "Дашкесанський район",
        "name:zh" : "達什卡桑區"
      },
      "parent_boundary_id" : "364110"
    },
    "geometry" : {
      "type" : "MultiPolygon",
      "coordinates" : [ [ [ [ 45.8231375, 40.3214612 ], [ 45.8447993, 40.3281595 ], [ 45.8597006, 40.3482449 ], [ 45.8530763, 40.3648265 ], [ 45.850639, 40.387664 ], [ 45.8381671, 40.4027664 ], [ 45.8441717, 40.4304504 ], [ 45.8326913, 40.4696091 ], [ 45.8311212, 40.4929189 ], [ 45.8512535, 40.5132184 ], [ 45.8831395, 40.530086 ], [ 45.8999564, 40.54762310000001 ], [ 45.9116063, 40.577908 ], [ 45.9069349, 40.5982913 ], [ 45.9153417, 40.5999905 ], [ 45.9172922, 40.6152583 ], [ 45.9221505, 40.6224812 ], [ 45.9231118, 40.6147014 ], [ 45.9281062, 40.6141006 ], [ 45.931861, 40.6167604 ], [ 45.9439112, 40.6107327 ], [ 45.9545866, 40.6116799 ], [ 45.962905, 40.6157845 ], [ 45.9941361, 40.6137933 ], [ 46.007612, 40.6188091 ], [ 46.0141948, 40.6435537 ], [ 46.0421022, 40.6691304 ], [ 46.0535695, 40.6663373 ], [ 46.0564875, 40.6583935 ], [ 46.0627264, 40.6528191 ], [ 46.086018, 40.6541864 ], [ 46.0990672, 40.6527834 ], [ 46.0993057, 40.6574303 ], [ 46.1080851, 40.6583365 ], [ 46.1384398, 40.635172 ], [ 46.1492274, 40.6350574 ], [ 46.1529345, 40.6254143 ], [ 46.1648576, 40.6215209 ], [ 46.1675889, 40.6117797 ], [ 46.1811199, 40.6141441 ], [ 46.1910607, 40.607313 ], [ 46.2102626, 40.6041081 ], [ 46.2418032, 40.5909966 ], [ 46.2469329, 40.5940497 ], [ 46.262738, 40.585943 ], [ 46.2526172, 40.5692001 ], [ 46.2370681, 40.5645361 ], [ 46.2311476, 40.5706984 ], [ 46.2191841, 40.5760455 ], [ 46.190843, 40.5513406 ], [ 46.178999, 40.5391787 ], [ 46.1704032, 40.5360178 ], [ 46.155846, 40.5250588 ], [ 46.1478048, 40.5103034 ], [ 46.1609757, 40.4973371 ], [ 46.1566778, 40.4894296 ], [ 46.1698487, 40.4853173 ], [ 46.1921698, 40.4855282 ], [ 46.2035384, 40.4807829 ], [ 46.1918926, 40.469393 ], [ 46.1939506, 40.4589568 ], [ 46.194185, 40.4401066 ], [ 46.1620434, 40.43882579999999 ], [ 46.1631939, 40.4325734 ], [ 46.1769194, 40.4329955 ], [ 46.1863469, 40.4236028 ], [ 46.1942494, 40.425186 ], [ 46.197685, 40.4335093 ], [ 46.2053633, 40.4373937 ], [ 46.2086963, 40.4367542 ], [ 46.2188264, 40.4299441 ], [ 46.2339878, 40.4260095 ], [ 46.2452263, 40.4250113 ], [ 46.249566, 40.4214683 ], [ 46.2491512, 40.4165311 ], [ 46.2402002, 40.40953 ], [ 46.2379749, 40.3991667 ], [ 46.2335493, 40.394882 ], [ 46.2284937, 40.3809499 ], [ 46.2072817, 40.3673248 ], [ 46.20090419999999, 40.3582399 ], [ 46.1910052, 40.3587352 ], [ 46.1880231, 40.35223580000001 ], [ 46.1766421, 40.3454555 ], [ 46.1728988, 40.3355222 ], [ 46.1777512, 40.3308721 ], [ 46.1758102, 40.3249533 ], [ 46.1662845, 40.3186336 ], [ 46.1601005, 40.3221066 ], [ 46.1500713, 40.3224218 ], [ 46.14151059999999, 40.3244614 ], [ 46.1303936, 40.3250959 ], [ 46.1192171, 40.3195209 ], [ 46.1020957, 40.3216966 ], [ 46.0925243, 40.321062 ], [ 46.0857471, 40.3117242 ], [ 46.0787915, 40.3087322 ], [ 46.0676745, 40.3074175 ], [ 46.0514448, 40.3116336 ], [ 46.0468078, 40.3100922 ], [ 46.0302214, 40.3122682 ], [ 46.0179154, 40.3095029 ], [ 45.9994266, 40.2997101 ], [ 45.9792733, 40.30093429999999 ], [ 45.9680968, 40.3045613 ], [ 45.9638759, 40.3032919 ], [ 45.9579904, 40.3033826 ], [ 45.9497719, 40.305876099999985 ], [ 45.9411033, 40.30316749999999 ], [ 45.9385396, 40.3002604 ], [ 45.9304552, 40.2969898 ], [ 45.9174552, 40.297614 ], [ 45.9146158, 40.2957442 ], [ 45.9132775, 40.2931086 ], [ 45.9103686, 40.292411 ], [ 45.9025621, 40.2940661 ], [ 45.894966, 40.2923191 ], [ 45.8795316, 40.2972741 ], [ 45.8799967, 40.3019262 ], [ 45.8788064, 40.3043405 ], [ 45.8717599, 40.3080653 ], [ 45.8458259, 40.3141019 ], [ 45.8392866, 40.3174269 ], [ 45.8340312, 40.3179848 ], [ 45.8231375, 40.3214612 ] ] ] ]
    }
  }, {
    "type" : "Feature",
    "properties" : {
      "osm_id" : "3795450",
      "admin_level" : "5",
      "country_code" : "AZ",
      "name" : "Füzuli rayonu",
      "population" : null,
      "wikidata" : "Q331687",
      "wikipedia" : "de:Füzuli (Rayon)",
      "name_props" : {
        "name:az" : "Füzuli rayonu",
        "name:de" : "Füzuli",
        "name:en" : "Fizuli District",
        "name:es" : "Füzuli",
        "name:fa" : "شهرستان فضولی",
        "name:fr" : "Fizuli",
        "name:ja" : "フィズリ県",
        "name:ru" : "Физулинский район",
        "name:uk" : "Фюзулинський район",
        "name:ur" : "فضولی ضلع",
        "name:azb" : "فوضولی رایونو",
        "name:ota" : "فوضولی رایونو",
        "name:pnb" : "ضلع فضولی"
      },
      "parent_boundary_id" : "364110"
    },
    "geometry" : {
      "type" : "MultiPolygon",
      "coordinates" : [ [ [ [ 47.2730839, 39.4138328 ], [ 47.262344, 39.4161079 ], [ 47.2228619, 39.4322456 ], [ 47.1790539, 39.4466166 ], [ 47.174934, 39.447624 ], [ 47.1619564, 39.4466696 ], [ 47.1609951, 39.4496919 ], [ 47.1654583, 39.4518658 ], [ 47.1652523, 39.4535624 ], [ 47.16360430000001, 39.455259 ], [ 47.1585232, 39.4565314 ], [ 47.1500774, 39.4643773 ], [ 47.1430736, 39.4671868 ], [ 47.1335293, 39.4674519 ], [ 47.0854936, 39.4848754 ], [ 47.086306, 39.4872257 ], [ 47.1008219, 39.492947 ], [ 47.0874361, 39.50427289999999 ], [ 47.0775311, 39.516966 ], [ 47.0774196, 39.5195174 ], [ 47.0819306, 39.5215162 ], [ 47.0917088, 39.5185431 ], [ 47.0945539, 39.5199755 ], [ 47.1000896, 39.5156725 ], [ 47.099815, 39.5180562 ], [ 47.1017376, 39.519592299999985 ], [ 47.0967937, 39.5267956 ], [ 47.1118313, 39.5328331 ], [ 47.1173244, 39.5407763 ], [ 47.1158138, 39.5423649 ], [ 47.11087, 39.5409352 ], [ 47.1056515, 39.5413059 ], [ 47.0993343, 39.5479245 ], [ 47.1006389, 39.5523719 ], [ 47.0951458, 39.55586610000001 ], [ 47.089584, 39.5572955 ], [ 47.0880733, 39.5598365 ], [ 47.0892048, 39.5646352 ], [ 47.0951458, 39.5757689 ], [ 47.097961, 39.57778 ], [ 47.1024929, 39.5769862 ], [ 47.1042095, 39.5734401 ], [ 47.1094967, 39.5731226 ], [ 47.1111446, 39.5744987 ], [ 47.1143719, 39.5906923 ], [ 47.1132732, 39.5927559 ], [ 47.1048961, 39.5943432 ], [ 47.1035915, 39.6021208 ], [ 47.1045528, 39.6055066 ], [ 47.1174618, 39.6103206 ], [ 47.0991283, 39.6083633 ], [ 47.0976864, 39.6075169 ], [ 47.0945965, 39.5998458 ], [ 47.0906826, 39.59619510000001 ], [ 47.076881, 39.5914331 ], [ 47.0620495, 39.5913802 ], [ 47.0374676, 39.577145 ], [ 47.0292965, 39.5759277 ], [ 47.0199581, 39.5918035 ], [ 47.0213314, 39.5948724 ], [ 47.0384289, 39.5995284 ], [ 47.0438534, 39.6022795 ], [ 47.0454326, 39.6038137 ], [ 47.0490719, 39.6189955 ], [ 47.0506512, 39.6201591 ], [ 47.0606075, 39.6223805 ], [ 47.0891033, 39.6244432 ], [ 47.1039348, 39.6242317 ], [ 47.1060634, 39.6251308 ], [ 47.1060694, 39.6260036 ], [ 47.0862119, 39.6313641 ], [ 47.0347552, 39.6364835 ], [ 47.0341372, 39.6387573 ], [ 47.0362658, 39.64267009999999 ], [ 47.05096, 39.6609622 ], [ 47.0534319, 39.6624423 ], [ 47.0564532, 39.6624423 ], [ 47.0704607, 39.6538257 ], [ 47.0842623, 39.6546187 ], [ 47.0883135, 39.6536142 ], [ 47.092708, 39.6563632 ], [ 47.0957979, 39.6562575 ], [ 47.1008105, 39.652874099999984 ], [ 47.1043124, 39.652874099999984 ], [ 47.105617, 39.6543015 ], [ 47.1034197, 39.6602221 ], [ 47.1070589, 39.6619137 ], [ 47.1118655, 39.6608565 ], [ 47.1140627, 39.6637637 ], [ 47.115024, 39.6824202 ], [ 47.116466, 39.686172 ], [ 47.1537508, 39.6893952 ], [ 47.15787069999999, 39.6935693 ], [ 47.1562914, 39.7129044 ], [ 47.1571154, 39.7144362 ], [ 47.1669344, 39.7173412 ], [ 47.1755862, 39.7185031 ], [ 47.1797747, 39.7166017 ], [ 47.1849932, 39.6999093 ], [ 47.1873278, 39.69832439999998 ], [ 47.1931076, 39.69802760000001 ], [ 47.2027853, 39.7017193 ], [ 47.214704, 39.6967407 ], [ 47.2604194, 39.7101713 ], [ 47.2582757, 39.7183229 ], [ 47.2814581, 39.729473 ], [ 47.3249171, 39.7309463 ], [ 47.355626, 39.7376099 ], [ 47.3767441, 39.7584402 ], [ 47.4127907, 39.7699499 ], [ 47.4618695, 39.7748516 ], [ 47.4794685, 39.7855031 ], [ 47.5277595, 39.7323365 ], [ 47.5327789, 39.7199399 ], [ 47.5523126, 39.6959707 ], [ 47.5762838, 39.6918089 ], [ 47.5848795, 39.6753778 ], [ 47.6738869, 39.621576 ], [ 47.6589137, 39.6102552 ], [ 47.6630729, 39.6006417 ], [ 47.6469906, 39.5820519 ], [ 47.6583294, 39.5766087 ], [ 47.6624943, 39.5720186 ], [ 47.6597666, 39.5665631 ], [ 47.6567379, 39.5642199 ], [ 47.6493905, 39.5616959 ], [ 47.6466707, 39.5632393 ], [ 47.6439572, 39.5629557 ], [ 47.6403072, 39.5577743 ], [ 47.6305445, 39.5539267 ], [ 47.6243193, 39.5528063 ], [ 47.6200787, 39.5459405 ], [ 47.6174203, 39.5447009 ], [ 47.61297, 39.5390449 ], [ 47.6103432, 39.539445 ], [ 47.6085447, 39.5418984 ], [ 47.6052974, 39.542684 ], [ 47.5865502, 39.5328854 ], [ 47.5842191, 39.5320159 ], [ 47.5814079, 39.5287147 ], [ 47.5757939, 39.5278994 ], [ 47.573029, 39.52564249999999 ], [ 47.5705696, 39.5202637 ], [ 47.5629369, 39.51377509999999 ], [ 47.5459707, 39.5083232 ], [ 47.5296314, 39.4987857 ], [ 47.5240186, 39.5002583 ], [ 47.5204911, 39.49998690000001 ], [ 47.514069, 39.496702 ], [ 47.5077122, 39.4982146 ], [ 47.5050038, 39.4974353 ], [ 47.4998212, 39.4901826 ], [ 47.4899105, 39.4878796 ], [ 47.4865006, 39.4890482 ], [ 47.4692849, 39.4801792 ], [ 47.458673, 39.4804322 ], [ 47.4465476, 39.4783618 ], [ 47.4426911, 39.4791282 ], [ 47.4403271, 39.4756265 ], [ 47.4414633, 39.4717697 ], [ 47.4394449, 39.4706707 ], [ 47.4323824, 39.4717833 ], [ 47.4300312, 39.4711476 ], [ 47.4205853, 39.4648042 ], [ 47.4056581, 39.4640193 ], [ 47.4007879, 39.4677902 ], [ 47.3967342, 39.4696437 ], [ 47.3950171, 39.4691194 ], [ 47.3930891, 39.4658471 ], [ 47.388474, 39.4639535 ], [ 47.3867893, 39.4599575 ], [ 47.3775701, 39.4549047 ], [ 47.3771311, 39.4523226 ], [ 47.380262, 39.4461125 ], [ 47.363399, 39.4217256 ], [ 47.3595582, 39.4182437 ], [ 47.3537642, 39.4180874 ], [ 47.3499931, 39.4126685 ], [ 47.3468753, 39.4125839 ], [ 47.3451308, 39.4141522 ], [ 47.3415951, 39.4134759 ], [ 47.3398535, 39.4113563 ], [ 47.3412014, 39.4061242 ], [ 47.335519, 39.4035682 ], [ 47.3346844, 39.3970296 ], [ 47.3257055, 39.38389549999999 ], [ 47.3220476, 39.38250080000001 ], [ 47.3073347, 39.3940209 ], [ 47.3066827, 39.3959797 ], [ 47.3084334, 39.3970291 ], [ 47.3054591, 39.4009136 ], [ 47.2730839, 39.4138328 ] ] ] ]
    }
  }, {
    "type" : "Feature",
    "properties" : {
      "osm_id" : "3912205",
      "admin_level" : "5",
      "country_code" : "AZ",
      "name" : "Şəki rayonu",
      "population" : null,
      "wikidata" : "Q330864",
      "wikipedia" : "de:Şəki (Rayon)",
      "name_props" : {
        "name:ar" : "مقاطعة شكي",
        "name:az" : "Şəki rayonu",
        "name:de" : "Şəki",
        "name:en" : "Sheki District",
        "name:es" : "Şəki",
        "name:fa" : "شهرستان شکی",
        "name:fr" : "Shaki",
        "name:ru" : "Шекинский район",
        "name:uk" : "Шекінський район",
        "name:ur" : "شکی ضلع",
        "name:azb" : "شکی رایونو",
        "name:pnb" : "ضلع شکی"
      },
      "parent_boundary_id" : "364110"
    },
    "geometry" : {
      "type" : "MultiPolygon",
      "coordinates" : [ [ [ [ 47.2671151, 40.818745 ], [ 47.22434350000001, 40.8232512 ], [ 47.2087291, 40.8348321 ], [ 47.1865899, 40.8263694 ], [ 47.1570931, 40.8358848 ], [ 47.1277193, 40.869329 ], [ 47.1045295, 40.8833565 ], [ 47.0270697, 40.911782 ], [ 46.9942279, 40.9203092 ], [ 46.964305, 40.9178328 ], [ 46.9654704, 41.0073174 ], [ 46.9510415, 41.0618371 ], [ 46.9586325, 41.0819028 ], [ 46.9452833, 41.0892383 ], [ 46.8815833, 41.0962902 ], [ 46.8304793, 41.1155435 ], [ 46.8146423, 41.1157626 ], [ 46.8238862, 41.1376096 ], [ 46.8374483, 41.1389275 ], [ 46.8645725, 41.2011696 ], [ 46.85714, 41.2172459 ], [ 46.87481789999999, 41.2550086 ], [ 46.8894242, 41.2522888 ], [ 46.9169665, 41.2781846 ], [ 46.9061961, 41.2838662 ], [ 46.9039445, 41.290559 ], [ 46.891502, 41.292583 ], [ 46.8952934, 41.303188 ], [ 46.8888521, 41.3066653 ], [ 46.8903121, 41.3141525 ], [ 46.9047685, 41.3262302 ], [ 46.9139665, 41.327738 ], [ 46.9227982, 41.3425007 ], [ 46.934316, 41.3534061 ], [ 46.9407835, 41.350697 ], [ 46.9530818, 41.3570374 ], [ 46.9803026, 41.3635663 ], [ 46.9877395, 41.3510067 ], [ 47.0259841, 41.3675634 ], [ 47.0863737, 41.4013569 ], [ 47.1098297, 41.4016875 ], [ 47.122314, 41.4127321 ], [ 47.1153507, 41.4236584 ], [ 47.1340411, 41.4353976 ], [ 47.1464143, 41.4309708 ], [ 47.166507, 41.4480946 ], [ 47.2025539, 41.4641545 ], [ 47.2055826, 41.4587767 ], [ 47.2048062, 41.4574448 ], [ 47.2111795, 41.4503207 ], [ 47.2173898, 41.44985109999999 ], [ 47.2215527, 41.4465953 ], [ 47.2279595, 41.4493827 ], [ 47.2425613, 41.4455942 ], [ 47.2395555, 41.43902689999999 ], [ 47.2359119, 41.4356825 ], [ 47.2365225, 41.434098 ], [ 47.2269223, 41.4277584 ], [ 47.2252633, 41.4232069 ], [ 47.222482, 41.4205888 ], [ 47.221907, 41.4188057 ], [ 47.2234963, 41.4166939 ], [ 47.2265224, 41.4160208 ], [ 47.2284719, 41.4131596 ], [ 47.2275871, 41.4108292 ], [ 47.2287158, 41.4084281 ], [ 47.2275229, 41.4047121 ], [ 47.2243031, 41.4018327 ], [ 47.2187646, 41.4000375 ], [ 47.2228178, 41.39778549999998 ], [ 47.2268596, 41.4001771 ], [ 47.2338659, 41.4013369 ], [ 47.235494, 41.3994478 ], [ 47.2404321, 41.3981786 ], [ 47.242798, 41.3951805 ], [ 47.2521189, 41.3986785 ], [ 47.2573373, 41.3972094 ], [ 47.2633774, 41.3890096 ], [ 47.2635675, 41.3841276 ], [ 47.2600082, 41.3795834 ], [ 47.2652509, 41.372297 ], [ 47.2643527, 41.3706479 ], [ 47.2663809, 41.3680398 ], [ 47.2652352, 41.3665263 ], [ 47.2684716, 41.3586687 ], [ 47.2709683, 41.3537542 ], [ 47.268367, 41.3498668 ], [ 47.2664856, 41.3451404 ], [ 47.2631454, 41.3434548 ], [ 47.2578824, 41.3393015 ], [ 47.259245, 41.3378183 ], [ 47.2677722, 41.3325981 ], [ 47.2704653, 41.3284051 ], [ 47.2815428, 41.3277346 ], [ 47.2894609, 41.3250674 ], [ 47.2891529, 41.319597 ], [ 47.2989814, 41.3112588 ], [ 47.3004123, 41.3077896 ], [ 47.3053214, 41.3066786 ], [ 47.3092013, 41.3041854 ], [ 47.3146242, 41.3043663 ], [ 47.3242914, 41.3008573 ], [ 47.3286065, 41.2958812 ], [ 47.338876, 41.2946287 ], [ 47.3442346, 41.2920841 ], [ 47.3469516, 41.2875603 ], [ 47.3536303, 41.2859858 ], [ 47.3555211, 41.2816001 ], [ 47.3633297, 41.2788934 ], [ 47.3689634, 41.2747707 ], [ 47.3768501, 41.2723368 ], [ 47.3855129, 41.27408530000001 ], [ 47.3918828, 41.2708561 ], [ 47.402673, 41.2683732 ], [ 47.4033565, 41.264842 ], [ 47.4082398, 41.2622978 ], [ 47.4101245, 41.24615630000001 ], [ 47.4170009, 41.23810910000001 ], [ 47.4128025, 41.2079292 ], [ 47.3864149, 41.1903806 ], [ 47.3738562, 41.1756947 ], [ 47.3806992, 41.1637508 ], [ 47.3857421, 41.1504287 ], [ 47.3686985, 41.1257702 ], [ 47.3568868, 41.1299713 ], [ 47.3053518, 41.0701021 ], [ 47.2964551, 41.0575332 ], [ 47.294704, 41.0452501 ], [ 47.2887608, 41.025216 ], [ 47.297895, 41.0247044 ], [ 47.2983015, 41.0092655 ], [ 47.3030941, 41.0082023 ], [ 47.3083831, 41.0225905 ], [ 47.3195497, 41.0325007 ], [ 47.3324546, 41.0320022 ], [ 47.3372063, 41.0184965 ], [ 47.3553418, 41.0204487 ], [ 47.3659608, 41.0073851 ], [ 47.3657835, 40.9947018 ], [ 47.3599654, 40.9871633 ], [ 47.3544863, 40.9848607 ], [ 47.3571561, 40.9748706 ], [ 47.370011, 40.9722156 ], [ 47.3874235, 40.983431 ], [ 47.3919389, 40.9803151 ], [ 47.3804161, 40.9716573 ], [ 47.3802716, 40.9592679 ], [ 47.3973685, 40.9591261 ], [ 47.3940676, 40.92795189999999 ], [ 47.4028733, 40.9180794 ], [ 47.4344224, 40.8940108 ], [ 47.5047922, 40.8596781 ], [ 47.5099654, 40.8518941 ], [ 47.5659494, 40.8410793 ], [ 47.5775858, 40.8176434 ], [ 47.6033518, 40.8101216 ], [ 47.6084326, 40.81003589999999 ], [ 47.6086523, 40.8040899 ], [ 47.6075138, 40.8024595 ], [ 47.6090831, 40.797603 ], [ 47.6084215, 40.7957396 ], [ 47.6041696, 40.7956745 ], [ 47.5866682, 40.8003119 ], [ 47.5315158, 40.7859163 ], [ 47.525567, 40.7810412 ], [ 47.5332063, 40.7723883 ], [ 47.5310275, 40.7679715 ], [ 47.5153607, 40.7730996 ], [ 47.4791223, 40.7689458 ], [ 47.4617364, 40.7881672 ], [ 47.4392844, 40.7961138 ], [ 47.4349756, 40.77194379999999 ], [ 47.3518504, 40.7944174 ], [ 47.3089931, 40.8006259 ], [ 47.2671151, 40.818745 ] ], [ [ 47.1638602, 41.1223715 ], [ 47.1764945, 41.1391061 ], [ 47.2007953, 41.1410049 ], [ 47.2055267, 41.1489306 ], [ 47.20394, 41.1600916 ], [ 47.1883576, 41.1851809 ], [ 47.2162014, 41.1985541 ], [ 47.2160898, 41.2073538 ], [ 47.1866711, 41.215131 ], [ 47.1898213, 41.2424473 ], [ 47.1784117, 41.2410997 ], [ 47.1712977, 41.2337458 ], [ 47.1666505, 41.2180763 ], [ 47.1548223, 41.1947781 ], [ 47.1342067, 41.1329482 ], [ 47.1638602, 41.1223715 ] ] ] ]
    }
  }, {
    "type" : "Feature",
    "properties" : {
      "osm_id" : "3963560",
      "admin_level" : "5",
      "country_code" : "AZ",
      "name" : "Qazax rayonu",
      "population" : null,
      "wikidata" : "Q389381",
      "wikipedia" : "de:Qazax (Rayon)",
      "name_props" : {
        "name:az" : "Qazax rayonu",
        "name:de" : "Qazax",
        "name:en" : "Qazakh District",
        "name:es" : "Qazax",
        "name:fr" : "Qazax",
        "name:ru" : "Казахский район",
        "name:uk" : "Ґазахський район"
      },
      "parent_boundary_id" : "364110"
    },
    "geometry" : {
      "type" : "MultiPolygon",
      "coordinates" : [ [ [ [ 45.0149695, 41.2970138 ], [ 45.0192335, 41.3001237 ], [ 45.022581, 41.305336299999986 ], [ 45.0416444, 41.309108 ], [ 45.046446, 41.3110181 ], [ 45.0478257, 41.3144007 ], [ 45.046091, 41.3189145 ], [ 45.055938, 41.3239919 ], [ 45.0606746, 41.3280457 ], [ 45.0643412, 41.3276194 ], [ 45.0693946, 41.32906830000001 ], [ 45.0728345, 41.3281393 ], [ 45.0732818, 41.32849010000001 ], [ 45.0726382, 41.3337399 ], [ 45.0743755, 41.3366977 ], [ 45.0741564, 41.3396643 ], [ 45.0798643, 41.3434113 ], [ 45.0798353, 41.345583 ], [ 45.0901554, 41.3412691 ], [ 45.092025, 41.3391635 ], [ 45.1018703, 41.3302106 ], [ 45.1136505, 41.3272377 ], [ 45.1159358, 41.3251187 ], [ 45.1219439, 41.3230158 ], [ 45.1232099, 41.3210337 ], [ 45.1215176, 41.3178104 ], [ 45.1223381, 41.3165615 ], [ 45.1302695, 41.3129756 ], [ 45.1385844, 41.3053436 ], [ 45.1487875, 41.3000644 ], [ 45.1580036, 41.2978237 ], [ 45.1609969, 41.2960826 ], [ 45.1660877, 41.2962962 ], [ 45.1748478, 41.2921489 ], [ 45.1919818, 41.2917942 ], [ 45.1956673, 41.2870804 ], [ 45.2152367, 41.2857905 ], [ 45.2190776, 41.2797921 ], [ 45.2249356, 41.2788247 ], [ 45.2289481, 41.2768896 ], [ 45.2298279, 41.2750028 ], [ 45.22824, 41.2707936 ], [ 45.2308043, 41.2676406 ], [ 45.2441295, 41.2662696 ], [ 45.253957, 41.2668987 ], [ 45.2603192, 41.2619067 ], [ 45.2669926, 41.2603824 ], [ 45.2707958, 41.2600334 ], [ 45.2751036, 41.2634954 ], [ 45.278966, 41.25955170000001 ], [ 45.2874846, 41.2583742 ], [ 45.2932568, 41.254777 ], [ 45.306539, 41.2503567 ], [ 45.3130086, 41.2447262 ], [ 45.3240271, 41.2456055 ], [ 45.3259475, 41.2482918 ], [ 45.332256, 41.248566 ], [ 45.3419711, 41.2509617 ], [ 45.3472335, 41.2469688 ], [ 45.3508765, 41.2462862 ], [ 45.3667056, 41.2329228 ], [ 45.365638, 41.225775 ], [ 45.348118, 41.216581 ], [ 45.3569336, 41.1795493 ], [ 45.3443233, 41.1766365 ], [ 45.3463313, 41.1618209 ], [ 45.364284, 41.1409832 ], [ 45.3657401, 41.1301282 ], [ 45.3547099, 41.1131353 ], [ 45.3540501, 41.1049353 ], [ 45.3639821, 41.1044074 ], [ 45.3700231, 41.1088631 ], [ 45.3770496, 41.1087913 ], [ 45.3805329, 41.1137611 ], [ 45.3892008, 41.1132169 ], [ 45.3907042, 41.1080683 ], [ 45.3866467, 41.1026895 ], [ 45.3883813, 41.1020904 ], [ 45.3872905, 41.0990662 ], [ 45.3888721, 41.0969877 ], [ 45.3822635, 41.0933468 ], [ 45.3850989, 41.091189 ], [ 45.3826794, 41.089383 ], [ 45.3843517, 41.0813723 ], [ 45.3809979, 41.0741627 ], [ 45.3697455, 41.0220537 ], [ 45.3779075, 41.0115773 ], [ 45.3709086, 41.0095706 ], [ 45.3679985, 41.0074832 ], [ 45.3677712, 41.0030735 ], [ 45.3643847, 41.003019 ], [ 45.3633017, 41.0019311 ], [ 45.3629662, 40.9966853 ], [ 45.3585791, 40.9970511 ], [ 45.3539297, 41.0000222 ], [ 45.3515128, 40.9989614 ], [ 45.3462299, 41.0004082 ], [ 45.3412331, 40.99963769999999 ], [ 45.3382094, 41.0056881 ], [ 45.3340969, 41.0042147 ], [ 45.3294186, 41.0043245 ], [ 45.3185633, 41.0004396 ], [ 45.3125116, 41.0033157 ], [ 45.3040271, 41.011398 ], [ 45.3031259, 41.0184247 ], [ 45.2986412, 41.0272152 ], [ 45.28740590000001, 41.0405504 ], [ 45.2824551, 41.0365889 ], [ 45.2776053, 41.0354918 ], [ 45.2751276, 41.033083 ], [ 45.2663165, 41.029696 ], [ 45.2608121, 41.02500220000001 ], [ 45.2598947, 41.0159573 ], [ 45.2575731, 41.0133645 ], [ 45.2606779, 41.01012810000001 ], [ 45.2598573, 41.0038674 ], [ 45.2580814, 41.0041433 ], [ 45.2554153, 41.0070047 ], [ 45.2511067, 41.0070565 ], [ 45.2506027, 41.014861 ], [ 45.2465052, 41.0150339 ], [ 45.2385211, 41.0115337 ], [ 45.2373332, 41.0139397 ], [ 45.2327113, 41.0144352 ], [ 45.231885, 41.0156051 ], [ 45.2301093, 41.0235945 ], [ 45.2272761, 41.0276169 ], [ 45.2250873, 41.025329 ], [ 45.2249845, 41.0262428 ], [ 45.2215184, 41.02552330000001 ], [ 45.2206206, 41.02630889999999 ], [ 45.2193777, 41.0245901 ], [ 45.2180316, 41.0250946 ], [ 45.216117, 41.0303906 ], [ 45.2175828, 41.0341896 ], [ 45.2140831, 41.038197 ], [ 45.2066527, 41.0404859 ], [ 45.200022, 41.0452043 ], [ 45.1963908, 41.0451222 ], [ 45.1930857, 41.0499671 ], [ 45.1849616, 41.0506579 ], [ 45.1840183, 41.054147 ], [ 45.1822674, 41.0519349 ], [ 45.1834395, 41.0472734 ], [ 45.1819573, 41.0463172 ], [ 45.179491, 41.0463592 ], [ 45.1756529, 41.0505425 ], [ 45.1710937, 41.0488129 ], [ 45.1664732, 41.048789 ], [ 45.164497, 41.05098849999999 ], [ 45.1643054, 41.0567993 ], [ 45.1597536, 41.0658831 ], [ 45.1657799, 41.0689962 ], [ 45.1624376, 41.0703922 ], [ 45.1646552, 41.0785316 ], [ 45.1580846, 41.0857269 ], [ 45.1321492, 41.0932595 ], [ 45.1327096, 41.0834999 ], [ 45.1296692, 41.0735069 ], [ 45.1311404, 41.0643304 ], [ 45.1227721, 41.0585444 ], [ 45.1201325, 41.0598986 ], [ 45.1137305, 41.0566777 ], [ 45.112532, 41.053836 ], [ 45.1149831, 41.0494256 ], [ 45.11326, 41.0497901 ], [ 45.1116715, 41.0481008 ], [ 45.1094328, 41.0485259 ], [ 45.10459259999999, 41.045903 ], [ 45.1021114, 41.0459299 ], [ 45.1015928, 41.0468209 ], [ 45.1057447, 41.0489396 ], [ 45.106523, 41.0505132 ], [ 45.1010248, 41.0552601 ], [ 45.1058786, 41.0598763 ], [ 45.1110971, 41.0617344 ], [ 45.1032515, 41.0636386 ], [ 45.0984833, 41.0631418 ], [ 45.0963114, 41.0613819 ], [ 45.0924346, 41.0576627 ], [ 45.0924577, 41.0534789 ], [ 45.0786814, 41.0541726 ], [ 45.0595006, 41.0510665 ], [ 45.0638287, 41.05695 ], [ 45.0683758, 41.0688349 ], [ 45.07350189999999, 41.0722143 ], [ 45.0761085, 41.0723358 ], [ 45.0740521, 41.0810332 ], [ 45.0769684, 41.0826831 ], [ 45.0776967, 41.0850619 ], [ 45.0769365, 41.0896456 ], [ 45.0740075, 41.0936239 ], [ 45.0745439, 41.0952167 ], [ 45.0715291, 41.0968823 ], [ 45.0712858, 41.0997735 ], [ 45.0728607, 41.1007258 ], [ 45.0740914, 41.0978964 ], [ 45.0791635, 41.1031692 ], [ 45.0900493, 41.10596429999999 ], [ 45.0906781, 41.1114129 ], [ 45.0928755, 41.1153612 ], [ 45.0989197, 41.1207846 ], [ 45.1023101, 41.115199 ], [ 45.1075028, 41.11207179999999 ], [ 45.1190079, 41.1150278 ], [ 45.1250212, 41.1120435 ], [ 45.1307575, 41.1140125 ], [ 45.1392251, 41.1127594 ], [ 45.1427412, 41.1141161 ], [ 45.1486904, 41.1133876 ], [ 45.1525294, 41.1163519 ], [ 45.1555456, 41.1231941 ], [ 45.1657952, 41.1219039 ], [ 45.1714603, 41.1186237 ], [ 45.1770564, 41.1204371 ], [ 45.1838781, 41.1266191 ], [ 45.1845746, 41.1308552 ], [ 45.1920033, 41.1322952 ], [ 45.2001054, 41.1365503 ], [ 45.20479919999999, 41.1407926 ], [ 45.2060314, 41.1436937 ], [ 45.2042274, 41.145451 ], [ 45.2052194, 41.1523473 ], [ 45.2035342, 41.1535823 ], [ 45.2030514, 41.1602094 ], [ 45.1959719, 41.1658088 ], [ 45.1926756, 41.1665191 ], [ 45.1837298, 41.1641275 ], [ 45.1777236, 41.1664819 ], [ 45.1645555, 41.1666047 ], [ 45.160854, 41.1702703 ], [ 45.1607075, 41.1756175 ], [ 45.1590391, 41.1786495 ], [ 45.1477489, 41.1833098 ], [ 45.1420528, 41.1882824 ], [ 45.142695, 41.1934184 ], [ 45.1353149, 41.1931265 ], [ 45.1290419, 41.1994695 ], [ 45.1298986, 41.2021085 ], [ 45.1227072, 41.2052741 ], [ 45.1183951, 41.2038954 ], [ 45.1179087, 41.1968468 ], [ 45.1135615, 41.1998332 ], [ 45.1120516, 41.1996307 ], [ 45.1074488, 41.1970811 ], [ 45.1066973, 41.1950616 ], [ 45.0987829, 41.1909278 ], [ 45.0944849, 41.1803409 ], [ 45.0897169, 41.1781699 ], [ 45.08540639999999, 41.1801488 ], [ 45.0803217, 41.1784993 ], [ 45.0768985, 41.1794278 ], [ 45.077114, 41.183424 ], [ 45.0732255, 41.1891687 ], [ 45.0688639, 41.1864622 ], [ 45.0623375, 41.18791629999998 ], [ 45.0595945, 41.1913892 ], [ 45.0536316, 41.1920246 ], [ 45.0484998, 41.1975291 ], [ 45.0508977, 41.2039272 ], [ 45.0501285, 41.2049731 ], [ 45.0295876, 41.195668 ], [ 45.0248513, 41.196006 ], [ 45.021858, 41.2064847 ], [ 45.024863, 41.2085797 ], [ 45.0234015, 41.2101375 ], [ 45.03107519999999, 41.21772749999999 ], [ 45.0400637, 41.2167232 ], [ 45.0439184, 41.2150744 ], [ 45.0461495, 41.2155331 ], [ 45.0488068, 41.2226005 ], [ 45.0477864, 41.2236657 ], [ 45.048426, 41.2266335 ], [ 45.0537726, 41.2337256 ], [ 45.0525751, 41.2365356 ], [ 45.0545403, 41.2427634 ], [ 45.0626974, 41.2461148 ], [ 45.0537937, 41.2487434 ], [ 45.0481142, 41.2495207 ], [ 45.041373, 41.2587403 ], [ 45.0420285, 41.2606462 ], [ 45.0451806, 41.2622961 ], [ 45.0371208, 41.2695407 ], [ 45.0273512, 41.2737596 ], [ 45.0215278, 41.2793272 ], [ 45.0197328, 41.2856533 ], [ 45.0149695, 41.2970138 ] ] ] ]
    }
  }, {
    "type" : "Feature",
    "properties" : {
      "osm_id" : "7861847",
      "admin_level" : "5",
      "country_code" : "AZ",
      "name" : "Cəbrayıl rayonu",
      "population" : null,
      "wikidata" : "Q457491",
      "wikipedia" : "en:Jabrayil District",
      "name_props" : {
        "name:ar" : "مقاطعة جبرائيل",
        "name:az" : "Cəbrayıl rayonu",
        "name:ca" : "Districte de Cəbrayıl",
        "name:ce" : "Джаьбраилан кӀошт",
        "name:de" : "Cəbrayıl",
        "name:en" : "Jabrayil District",
        "name:es" : "Cəbrayıl",
        "name:fa" : "شهرستان جبرئیل",
        "name:fi" : "Cəbrayılin piirikunta",
        "name:fr" : "Jabrayil",
        "name:hr" : "Džebrailjski rajon",
        "name:hu" : "Cəbrayıl járás",
        "name:hy" : "Ջեբրաիլի շրջան",
        "name:it" : "Distretto di Cəbrayıl",
        "name:ka" : "ჯაბრაილის რაიონი",
        "name:ko" : "재브라이을구",
        "name:mk" : "Џебраил",
        "name:mn" : "Жабраил",
        "name:ms" : "Daerah Jabrayil",
        "name:pl" : "Rejon Cəbrayıl",
        "name:ru" : "Джебраильский район",
        "name:sl" : "Jabrayil",
        "name:sr" : "Џебрајиљски рејон",
        "name:su" : "Rayon Jabrayil",
        "name:sv" : "Cäbrayıl rayonu",
        "name:tg" : "Ноҳияи Ҷабраил",
        "name:tr" : "Cebrayıl rayonunu",
        "name:uk" : "Джебраїльський район",
        "name:ur" : "ضلع جبرائیل",
        "name:uz" : "Jabrayil tumani",
        "name:vi" : "Jebrail",
        "name:zh" : "傑布拉伊爾區"
      },
      "parent_boundary_id" : "364110"
    },
    "geometry" : {
      "type" : "MultiPolygon",
      "coordinates" : [ [ [ [ 46.8488882, 39.237979799999984 ], [ 46.8188817, 39.2472285 ], [ 46.810642, 39.25073789999998 ], [ 46.8034322, 39.2575969 ], [ 46.8028142, 39.2634451 ], [ 46.8069341, 39.2719507 ], [ 46.8060415, 39.2752463 ], [ 46.7952611, 39.2823155 ], [ 46.7754857, 39.3090442 ], [ 46.7661473, 39.3168537 ], [ 46.7603109, 39.3239186 ], [ 46.7438314, 39.3505253 ], [ 46.7358663, 39.3556224 ], [ 46.72604719999999, 39.3643822 ], [ 46.7147176, 39.3691068 ], [ 46.6986501, 39.3813148 ], [ 46.6918523, 39.3922471 ], [ 46.6877729, 39.3951613 ], [ 46.6890777, 39.3994946 ], [ 46.7003541, 39.4165952 ], [ 46.7037273, 39.41803 ], [ 46.7058987, 39.4224293 ], [ 46.7124697, 39.4267613 ], [ 46.7121026, 39.4277942 ], [ 46.7138245, 39.4278955 ], [ 46.7131864, 39.4291242 ], [ 46.715354, 39.429536 ], [ 46.7189804, 39.4353365 ], [ 46.7233676, 39.4391434 ], [ 46.7299826, 39.4424887 ], [ 46.7323298, 39.4425711 ], [ 46.7444897, 39.44953309999999 ], [ 46.7481031, 39.4448421 ], [ 46.7667799, 39.4349433 ], [ 46.7734483, 39.4279308 ], [ 46.7803834, 39.4266579 ], [ 46.7912324, 39.4222555 ], [ 46.8007081, 39.421672 ], [ 46.8065446, 39.4251197 ], [ 46.8222688, 39.4288325 ], [ 46.8317445, 39.4294689 ], [ 46.8513139, 39.4279838 ], [ 46.8538545, 39.4309539 ], [ 46.8561204, 39.4417724 ], [ 46.8628495, 39.4476052 ], [ 46.858249, 39.462821199999986 ], [ 46.8502839, 39.4685462 ], [ 46.8456834, 39.481584699999985 ], [ 46.847812, 39.4896929 ], [ 46.8509019, 39.494144 ], [ 46.8620255, 39.4983299 ], [ 46.8729432, 39.494091 ], [ 46.890178, 39.4844995 ], [ 46.8937486, 39.4839696 ], [ 46.900203, 39.4864603 ], [ 46.9042542, 39.4857714 ], [ 46.9129746, 39.4631923 ], [ 46.9209397, 39.4607537 ], [ 46.9261582, 39.4566185 ], [ 46.9249909, 39.449408 ], [ 46.9303468, 39.4513697 ], [ 46.9434617, 39.4516348 ], [ 46.9484742, 39.4503093 ], [ 46.9528001, 39.447181 ], [ 46.9506028, 39.4380604 ], [ 46.9517701, 39.4363634 ], [ 46.9701035, 39.4321737 ], [ 46.9712708, 39.4307948 ], [ 46.9663957, 39.4233163 ], [ 46.9652616, 39.4184509 ], [ 46.9673124, 39.416626 ], [ 46.971459, 39.4163705 ], [ 46.9773685, 39.4116487 ], [ 46.9843043, 39.409229 ], [ 46.9943678, 39.4109963 ], [ 47.0075172, 39.4099452 ], [ 47.0131219, 39.4112019 ], [ 47.0137742, 39.4142489 ], [ 47.0094483, 39.429681 ], [ 47.0104783, 39.4321737 ], [ 47.0133622, 39.4337648 ], [ 47.0194734, 39.4330753 ], [ 47.031215, 39.4164736 ], [ 47.0459092, 39.4167919 ], [ 47.0470078, 39.4175876 ], [ 47.0461839, 39.42061119999999 ], [ 47.0384248, 39.4274535 ], [ 47.0382874, 39.4294689 ], [ 47.0469392, 39.4443707 ], [ 47.0473512, 39.4481354 ], [ 47.0472138, 39.4526422 ], [ 47.0445359, 39.454975 ], [ 47.0376695, 39.45762580000001 ], [ 47.0369828, 39.4597464 ], [ 47.0357469, 39.4745357 ], [ 47.0384934, 39.4820087 ], [ 47.0482438, 39.4819557 ], [ 47.0494111, 39.4773448 ], [ 47.053664, 39.4745159 ], [ 47.0602344, 39.4733929 ], [ 47.065882, 39.4740488 ], [ 47.0742891, 39.4771195 ], [ 47.0832629, 39.4856752 ], [ 47.0854936, 39.4848754 ], [ 47.1335293, 39.4674519 ], [ 47.1430736, 39.4671868 ], [ 47.1500774, 39.4643773 ], [ 47.1585232, 39.4565314 ], [ 47.16360430000001, 39.455259 ], [ 47.1652523, 39.4535624 ], [ 47.1654583, 39.4518658 ], [ 47.1609951, 39.4496919 ], [ 47.1619564, 39.4466696 ], [ 47.174934, 39.447624 ], [ 47.1790539, 39.4466166 ], [ 47.2228619, 39.4322456 ], [ 47.262344, 39.4161079 ], [ 47.2730839, 39.4138328 ], [ 47.3054591, 39.4009136 ], [ 47.3084334, 39.3970291 ], [ 47.3066827, 39.3959797 ], [ 47.3073347, 39.3940209 ], [ 47.3220476, 39.38250080000001 ], [ 47.3188852, 39.3784046 ], [ 47.3152019, 39.3691175 ], [ 47.3026256, 39.368799799999984 ], [ 47.2960443, 39.3670896 ], [ 47.2897202, 39.3633319 ], [ 47.2795265, 39.3611279 ], [ 47.2754146, 39.358916 ], [ 47.267973, 39.3504667 ], [ 47.262051, 39.349619 ], [ 47.2591783, 39.3474366 ], [ 47.2553449, 39.3486523 ], [ 47.25187720000001, 39.3482015 ], [ 47.2488912, 39.340561 ], [ 47.2458971, 39.3372045 ], [ 47.2393843, 39.3364805 ], [ 47.2366772, 39.3347047 ], [ 47.232953, 39.33517950000001 ], [ 47.2264752, 39.3334789 ], [ 47.2247937, 39.3317596 ], [ 47.223787, 39.3255172 ], [ 47.2183309, 39.322266 ], [ 47.2156721, 39.31895320000001 ], [ 47.2082841, 39.3188846 ], [ 47.2061063, 39.3209477 ], [ 47.1992954, 39.3187276 ], [ 47.1949602, 39.3199172 ], [ 47.1887822, 39.3157691 ], [ 47.1794498, 39.3147999 ], [ 47.172365, 39.3093203 ], [ 47.1657852, 39.3074527 ], [ 47.1631684, 39.3111912 ], [ 47.1591326, 39.31145329999999 ], [ 47.1570534, 39.3098883 ], [ 47.1527279, 39.3020136 ], [ 47.1489089, 39.3014158 ], [ 47.1469315, 39.2961818 ], [ 47.1409673, 39.2954642 ], [ 47.1390336, 39.2923985 ], [ 47.13277389999999, 39.2918267 ], [ 47.1255638, 39.2783635 ], [ 47.1232163, 39.2781224 ], [ 47.1200665, 39.2803936 ], [ 47.1163312, 39.2805553 ], [ 47.1134905, 39.2792425 ], [ 47.111281, 39.2746271 ], [ 47.1068048, 39.2725983 ], [ 47.1041172, 39.2727346 ], [ 47.1007335, 39.2760846 ], [ 47.0983303, 39.2767338 ], [ 47.0968952, 39.2755379 ], [ 47.094658, 39.2659549 ], [ 47.0904566, 39.2647549 ], [ 47.0863643, 39.266456 ], [ 47.0814019, 39.2636205 ], [ 47.0764564, 39.256504 ], [ 47.0755972, 39.2490182 ], [ 47.0727628, 39.2453158 ], [ 47.0704147, 39.2444756 ], [ 47.064326, 39.2457228 ], [ 47.0594628, 39.2420049 ], [ 47.0579494, 39.2381368 ], [ 47.0601712, 39.2335688 ], [ 47.0577703, 39.2308198 ], [ 47.057799, 39.2241999 ], [ 47.0547813, 39.2157349 ], [ 47.0567319, 39.2107285 ], [ 47.0607312, 39.206238499999984 ], [ 47.0603918, 39.2041153 ], [ 47.057593, 39.203267 ], [ 47.056313, 39.2012657 ], [ 47.0539374, 39.1939118 ], [ 47.0445034, 39.1870612 ], [ 47.0364815, 39.18340339999999 ], [ 47.0334918, 39.1788332 ], [ 47.0225644, 39.1754808 ], [ 47.0197939, 39.1677187 ], [ 47.0157934, 39.166207 ], [ 46.9976387, 39.1672296 ], [ 46.9919001, 39.1624044 ], [ 46.9934585, 39.1545376 ], [ 46.9681622, 39.1445301 ], [ 46.9632831, 39.140536 ], [ 46.9592159, 39.1415467 ], [ 46.9515984, 39.1394056 ], [ 46.9485042, 39.1404421 ], [ 46.9477768, 39.1474914 ], [ 46.9463776, 39.1485484 ], [ 46.9443847, 39.1481093 ], [ 46.9385584, 39.151977 ], [ 46.93705, 39.15722729999999 ], [ 46.9255441, 39.16472869999998 ], [ 46.9111848, 39.158891 ], [ 46.8664708, 39.1407097 ], [ 46.8676757, 39.1446731 ], [ 46.863345, 39.1656211 ], [ 46.869049, 39.1717937 ], [ 46.8705719, 39.1770729 ], [ 46.8664741, 39.1863646 ], [ 46.8665599, 39.1891587 ], [ 46.8749713, 39.19847149999999 ], [ 46.8762196, 39.2049325 ], [ 46.8683575, 39.2159456 ], [ 46.8598603, 39.2166505 ], [ 46.8560027, 39.21895529999998 ], [ 46.8511962, 39.2269343 ], [ 46.8513974, 39.2318237 ], [ 46.8488882, 39.237979799999984 ] ] ] ]
    }
  }, {
    "type" : "Feature",
    "properties" : {
      "osm_id" : "3192608052"
    },
    "geometry" : {
      "type" : "Point",
      "coordinates" : [ 46.0383543, 40.106639 ]
    }
  }, {
    "type" : "Feature",
    "properties" : {
      "osm_id" : "234040855"
    },
    "geometry" : {
      "type" : "Point",
      "coordinates" : [ 46.9321023, 40.3429739 ]
    }
  }, {
    "type" : "Feature",
    "properties" : {
      "osm_id" : "232215256"
    },
    "geometry" : {
      "type" : "Point",
      "coordinates" : [ 47.1109875, 39.795152 ]
    }
  }, {
    "type" : "Feature",
    "properties" : {
      "osm_id" : "232172609"
    },
    "geometry" : {
      "type" : "Point",
      "coordinates" : [ 46.6564485, 39.0863717 ]
    }
  }, {
    "type" : "Feature",
    "properties" : {
      "osm_id" : "1838421422"
    },
    "geometry" : {
      "type" : "Point",
      "coordinates" : [ 46.5809277, 39.3436425 ]
    }
  }, {
    "type" : "Feature",
    "properties" : {
      "osm_id" : "234298960"
    },
    "geometry" : {
      "type" : "Point",
      "coordinates" : [ 46.5488378, 39.6401825 ]
    }
  }, {
    "type" : "Feature",
    "properties" : {
      "osm_id" : "210333762"
    },
    "geometry" : {
      "type" : "Point",
      "coordinates" : [ 46.7511501, 39.7632567 ]
    }
  }, {
    "type" : "Feature",
    "properties" : {
      "osm_id" : "1966237356"
    },
    "geometry" : {
      "type" : "Point",
      "coordinates" : [ 46.7943875, 39.9097028 ]
    }
  }, {
    "type" : "Feature",
    "properties" : {
      "osm_id" : "4027452036"
    },
    "geometry" : {
      "type" : "Point",
      "coordinates" : [ 46.751063, 39.8182184 ]
    }
  }, {
    "type" : "Feature",
    "properties" : {
      "osm_id" : "234061921"
    },
    "geometry" : {
      "type" : "Point",
      "coordinates" : [ 46.8225075, 40.2096703 ]
    }
  }, {
    "type" : "Feature",
    "properties" : {
      "osm_id" : "1886317088"
    },
    "geometry" : {
      "type" : "Point",
      "coordinates" : [ 45.5675777, 39.4040835 ]
    }
  }, {
    "type" : "Feature",
    "properties" : {
      "osm_id" : "171513871"
    },
    "geometry" : {
      "type" : "Point",
      "coordinates" : [ 45.4069671, 39.217497 ]
    }
  }, {
    "type" : "Feature",
    "properties" : {
      "osm_id" : "2117350415"
    },
    "geometry" : {
      "type" : "Point",
      "coordinates" : [ 49.8328009, 40.3755885 ]
    }
  }, {
    "type" : "Feature",
    "properties" : {
      "osm_id" : "1886282981"
    },
    "geometry" : {
      "type" : "Point",
      "coordinates" : [ 49.7454579, 40.4531707 ]
    }
  }, {
    "type" : "Feature",
    "properties" : {
      "osm_id" : "3710920196"
    },
    "geometry" : {
      "type" : "Point",
      "coordinates" : [ 48.8746961, 38.4530541 ]
    }
  }, {
    "type" : "Feature",
    "properties" : {
      "osm_id" : "229673181"
    },
    "geometry" : {
      "type" : "Point",
      "coordinates" : [ 47.4607462, 40.050544 ]
    }
  }, {
    "type" : "Feature",
    "properties" : {
      "osm_id" : "232351722"
    },
    "geometry" : {
      "type" : "Point",
      "coordinates" : [ 47.4727422, 40.6440169 ]
    }
  }, {
    "type" : "Feature",
    "properties" : {
      "osm_id" : "3253585793"
    },
    "geometry" : {
      "type" : "Point",
      "coordinates" : [ 45.4462052, 41.1138262 ]
    }
  }, {
    "type" : "Feature",
    "properties" : {
      "osm_id" : "228290010"
    },
    "geometry" : {
      "type" : "Point",
      "coordinates" : [ 48.3944412, 40.5680452 ]
    }
  }, {
    "type" : "Feature",
    "properties" : {
      "osm_id" : "2117350415"
    },
    "geometry" : {
      "type" : "Point",
      "coordinates" : [ 49.8328009, 40.3755885 ]
    }
  }, {
    "type" : "Feature",
    "properties" : {
      "osm_id" : "5856364066"
    },
    "geometry" : {
      "type" : "Point",
      "coordinates" : [ 46.4089371, 41.7246212 ]
    }
  }, {
    "type" : "Feature",
    "properties" : {
      "osm_id" : "232331884"
    },
    "geometry" : {
      "type" : "Point",
      "coordinates" : [ 47.6153495, 39.7671115 ]
    }
  }, {
    "type" : "Feature",
    "properties" : {
      "osm_id" : "231379524"
    },
    "geometry" : {
      "type" : "Point",
      "coordinates" : [ 48.5465607, 39.4561281 ]
    }
  }, {
    "type" : "Feature",
    "properties" : {
      "osm_id" : "229639771"
    },
    "geometry" : {
      "type" : "Point",
      "coordinates" : [ 47.1246287, 40.3812457 ]
    }
  }, {
    "type" : "Feature",
    "properties" : {
      "osm_id" : "231405163"
    },
    "geometry" : {
      "type" : "Point",
      "coordinates" : [ 48.5050593, 39.2103933 ]
    }
  }, {
    "type" : "Feature",
    "properties" : {
      "osm_id" : "229488461"
    },
    "geometry" : {
      "type" : "Point",
      "coordinates" : [ 47.7412208, 40.6494415 ]
    }
  }, {
    "type" : "Feature",
    "properties" : {
      "osm_id" : "229499571"
    },
    "geometry" : {
      "type" : "Point",
      "coordinates" : [ 45.8103471, 40.5747098 ]
    }
  }, {
    "type" : "Feature",
    "properties" : {
      "osm_id" : "183345861"
    },
    "geometry" : {
      "type" : "Point",
      "coordinates" : [ 46.3597178, 40.6798083 ]
    }
  }, {
    "type" : "Feature",
    "properties" : {
      "osm_id" : "229492717"
    },
    "geometry" : {
      "type" : "Point",
      "coordinates" : [ 48.9350797, 40.0286557 ]
    }
  }, {
    "type" : "Feature",
    "properties" : {
      "osm_id" : "229485648"
    },
    "geometry" : {
      "type" : "Point",
      "coordinates" : [ 48.1488951, 40.3455247 ]
    }
  }, {
    "type" : "Feature",
    "properties" : {
      "osm_id" : "231529396"
    },
    "geometry" : {
      "type" : "Point",
      "coordinates" : [ 48.418155, 38.7752945 ]
    }
  }, {
    "type" : "Feature",
    "properties" : {
      "osm_id" : "231418623"
    },
    "geometry" : {
      "type" : "Point",
      "coordinates" : [ 48.6721093, 39.0322111 ]
    }
  }, {
    "type" : "Feature",
    "properties" : {
      "osm_id" : "1849664334"
    },
    "geometry" : {
      "type" : "Point",
      "coordinates" : [ 47.4646904, 41.0677148 ]
    }
  }, {
    "type" : "Feature",
    "properties" : {
      "osm_id" : "6815160319"
    },
    "geometry" : {
      "type" : "Point",
      "coordinates" : [ 46.9192097, 41.4185515 ]
    }
  }, {
    "type" : "Feature",
    "properties" : {
      "osm_id" : "228307541"
    },
    "geometry" : {
      "type" : "Point",
      "coordinates" : [ 48.9275958, 40.5324087 ]
    }
  }, {
    "type" : "Feature",
    "properties" : {
      "osm_id" : "244311432"
    },
    "geometry" : {
      "type" : "Point",
      "coordinates" : [ 48.5142385, 41.3615456 ]
    }
  }, {
    "type" : "Feature",
    "properties" : {
      "osm_id" : "244315387"
    },
    "geometry" : {
      "type" : "Point",
      "coordinates" : [ 48.4327339, 41.4303387 ]
    }
  }, {
    "type" : "Feature",
    "properties" : {
      "osm_id" : "244311735"
    },
    "geometry" : {
      "type" : "Point",
      "coordinates" : [ 47.8489094, 40.9785932 ]
    }
  }, {
    "type" : "Feature",
    "properties" : {
      "osm_id" : "229699967"
    },
    "geometry" : {
      "type" : "Point",
      "coordinates" : [ 48.3689097, 39.9376009 ]
    }
  }, {
    "type" : "Feature",
    "properties" : {
      "osm_id" : "229697540"
    },
    "geometry" : {
      "type" : "Point",
      "coordinates" : [ 48.475032, 40.008006 ]
    }
  }, {
    "type" : "Feature",
    "properties" : {
      "osm_id" : "230964856"
    },
    "geometry" : {
      "type" : "Point",
      "coordinates" : [ 48.9844598, 39.5981012 ]
    }
  }, {
    "type" : "Feature",
    "properties" : {
      "osm_id" : "2847515224"
    },
    "geometry" : {
      "type" : "Point",
      "coordinates" : [ 46.4049063, 40.7634543 ]
    }
  }, {
    "type" : "Feature",
    "properties" : {
      "osm_id" : "1849683441"
    },
    "geometry" : {
      "type" : "Point",
      "coordinates" : [ 49.1129023, 41.075412 ]
    }
  }, {
    "type" : "Feature",
    "properties" : {
      "osm_id" : "1104258889"
    },
    "geometry" : {
      "type" : "Point",
      "coordinates" : [ 49.6696668, 40.5961585 ]
    }
  }, {
    "type" : "Feature",
    "properties" : {
      "osm_id" : "184600213"
    },
    "geometry" : {
      "type" : "Point",
      "coordinates" : [ 45.6159428, 40.992505 ]
    }
  }, {
    "type" : "Feature",
    "properties" : {
      "osm_id" : "229481406"
    },
    "geometry" : {
      "type" : "Point",
      "coordinates" : [ 47.6487809, 40.5185386 ]
    }
  }, {
    "type" : "Feature",
    "properties" : {
      "osm_id" : "3129805281"
    },
    "geometry" : {
      "type" : "Point",
      "coordinates" : [ 48.8011599, 41.4655339 ]
    }
  }, {
    "type" : "Feature",
    "properties" : {
      "osm_id" : "1797982447"
    },
    "geometry" : {
      "type" : "Point",
      "coordinates" : [ 49.0719585, 40.9106624 ]
    }
  }, {
    "type" : "Feature",
    "properties" : {
      "osm_id" : "231498735"
    },
    "geometry" : {
      "type" : "Point",
      "coordinates" : [ 48.2422554, 38.9071104 ]
    }
  }, {
    "type" : "Feature",
    "properties" : {
      "osm_id" : "227127401"
    },
    "geometry" : {
      "type" : "Point",
      "coordinates" : [ 47.1466579, 40.6115625 ]
    }
  }, {
    "type" : "Feature",
    "properties" : {
      "osm_id" : "244311324"
    },
    "geometry" : {
      "type" : "Point",
      "coordinates" : [ 46.6435449, 41.6307469 ]
    }
  }, {
    "type" : "Feature",
    "properties" : {
      "osm_id" : "229679563"
    },
    "geometry" : {
      "type" : "Point",
      "coordinates" : [ 47.7086766, 40.2196441 ]
    }
  }, {
    "type" : "Feature",
    "properties" : {
      "osm_id" : "231795671"
    },
    "geometry" : {
      "type" : "Point",
      "coordinates" : [ 48.0594743, 39.8716243 ]
    }
  }, {
    "type" : "Feature",
    "properties" : {
      "osm_id" : "275612382"
    },
    "geometry" : {
      "type" : "Point",
      "coordinates" : [ 48.1485653, 40.788056 ]
    }
  }, {
    "type" : "Feature",
    "properties" : {
      "osm_id" : "1849683437"
    },
    "geometry" : {
      "type" : "Point",
      "coordinates" : [ 48.9947028, 41.208437 ]
    }
  }, {
    "type" : "Feature",
    "properties" : {
      "osm_id" : "226791840"
    },
    "geometry" : {
      "type" : "Point",
      "coordinates" : [ 48.6382239, 40.6338603 ]
    }
  }, {
    "type" : "Feature",
    "properties" : {
      "osm_id" : "226938372"
    },
    "geometry" : {
      "type" : "Point",
      "coordinates" : [ 48.9464339, 39.9546055 ]
    }
  }, {
    "type" : "Feature",
    "properties" : {
      "osm_id" : "183122494"
    },
    "geometry" : {
      "type" : "Point",
      "coordinates" : [ 46.0246224, 40.8357964 ]
    }
  }, {
    "type" : "Feature",
    "properties" : {
      "osm_id" : "231540379"
    },
    "geometry" : {
      "type" : "Point",
      "coordinates" : [ 48.8539286, 38.7537311 ]
    }
  }, {
    "type" : "Feature",
    "properties" : {
      "osm_id" : "231332430"
    },
    "geometry" : {
      "type" : "Point",
      "coordinates" : [ 49.248607, 39.3790532 ]
    }
  }, {
    "type" : "Feature",
    "properties" : {
      "osm_id" : "2813687139"
    },
    "geometry" : {
      "type" : "Point",
      "coordinates" : [ 45.4427763, 39.1580814 ]
    }
  }, {
    "type" : "Feature",
    "properties" : {
      "osm_id" : "172794981"
    },
    "geometry" : {
      "type" : "Point",
      "coordinates" : [ 45.6270343, 38.9540587 ]
    }
  }, {
    "type" : "Feature",
    "properties" : {
      "osm_id" : "1886317089"
    },
    "geometry" : {
      "type" : "Point",
      "coordinates" : [ 44.9850947, 39.5559048 ]
    }
  }, {
    "type" : "Feature",
    "properties" : {
      "osm_id" : "4763558427"
    },
    "geometry" : {
      "type" : "Point",
      "coordinates" : [ 46.0222267, 38.9062025 ]
    }
  }, {
    "type" : "Feature",
    "properties" : {
      "osm_id" : "4125845973"
    },
    "geometry" : {
      "type" : "Point",
      "coordinates" : [ 44.8482956, 39.7236058 ]
    }
  }, {
    "type" : "Feature",
    "properties" : {
      "osm_id" : "1886317018"
    },
    "geometry" : {
      "type" : "Point",
      "coordinates" : [ 45.1217788, 39.4003899 ]
    }
  }, {
    "type" : "Feature",
    "properties" : {
      "osm_id" : "1434761991"
    },
    "geometry" : {
      "type" : "Point",
      "coordinates" : [ 46.9304843, 39.9932355 ]
    }
  }, {
    "type" : "Feature",
    "properties" : {
      "osm_id" : "3713798233"
    },
    "geometry" : {
      "type" : "Point",
      "coordinates" : [ 46.7877641, 40.6083463 ]
    }
  }, {
    "type" : "Feature",
    "properties" : {
      "osm_id" : "229503490"
    },
    "geometry" : {
      "type" : "Point",
      "coordinates" : [ 46.321095, 40.588004 ]
    }
  }, {
    "type" : "Feature",
    "properties" : {
      "osm_id" : "3475112893"
    },
    "geometry" : {
      "type" : "Point",
      "coordinates" : [ 46.0814694, 40.5237213 ]
    }
  }, {
    "type" : "Feature",
    "properties" : {
      "osm_id" : "232207244"
    },
    "geometry" : {
      "type" : "Point",
      "coordinates" : [ 47.1485708, 39.6007384 ]
    }
  }, {
    "type" : "Feature",
    "properties" : {
      "osm_id" : "227052744"
    },
    "geometry" : {
      "type" : "Point",
      "coordinates" : [ 47.052389, 40.7646918 ]
    }
  }, {
    "type" : "Feature",
    "properties" : {
      "osm_id" : "1885045493"
    },
    "geometry" : {
      "type" : "Point",
      "coordinates" : [ 46.821245, 40.5064362 ]
    }
  }, {
    "type" : "Feature",
    "properties" : {
      "osm_id" : "231540379"
    },
    "geometry" : {
      "type" : "Point",
      "coordinates" : [ 48.8539286, 38.7537311 ]
    }
  }, {
    "type" : "Feature",
    "properties" : {
      "osm_id" : "227127401"
    },
    "geometry" : {
      "type" : "Point",
      "coordinates" : [ 47.1466579, 40.6115625 ]
    }
  }, {
    "type" : "Feature",
    "properties" : {
      "osm_id" : "227109482"
    },
    "geometry" : {
      "type" : "Point",
      "coordinates" : [ 47.1803267, 41.2032217 ]
    }
  }, {
    "type" : "Feature",
    "properties" : {
      "osm_id" : "227109482"
    },
    "geometry" : {
      "type" : "Point",
      "coordinates" : [ 47.1803267, 41.2032217 ]
    }
  }, {
    "type" : "Feature",
    "properties" : {
      "osm_id" : "184640403"
    },
    "geometry" : {
      "type" : "Point",
      "coordinates" : [ 45.361029, 41.0911532 ]
    }
  }, {
    "type" : "Feature",
    "properties" : {
      "osm_id" : "232195052"
    },
    "geometry" : {
      "type" : "Point",
      "coordinates" : [ 47.0286002, 39.3958878 ]
    }
  }, {
    "type" : "Feature",
    "properties" : {
      "osm_id" : null
    },
    "geometry" : {
      "type" : "Point",
      "coordinates" : [ 49.636226127472995, 40.5851112 ]
    }
  } ]
}